datetime,consumption_mw
2022-01-01 00:00:00,28957.98
2022-01-01 01:00:00,28556.1
2022-01-01 02:00:00,28558.15
2022-01-01 03:00:00,28684.11
2022-01-01 04:00:00,28288.66
2022-01-01 05:00:00,29131.27
2022-01-01 06:00:00,31147.91
2022-01-01 07:00:00,32355.95
2022-01-01 08:00:00,32950.06
2022-01-01 09:00:00,33481.17
2022-01-01 10:00:00,32509.69
2022-01-01 11:00:00,31524.65
2022-01-01 12:00:00,30912.9
2022-01-01 13:00:00,29711.71
2022-01-01 14:00:00,29824.78
2022-01-01 15:00:00,30777.68
2022-01-01 16:00:00,31640.6
2022-01-01 17:00:00,33460.37
2022-01-01 18:00:00,34379.25
2022-01-01 19:00:00,35069.44
2022-01-01 20:00:00,36112.44
2022-01-01 21:00:00,34724.88
2022-01-01 22:00:00,33550.2
2022-01-01 23:00:00,31733.95
2022-01-02 00:00:00,27787.63
2022-01-02 01:00:00,27815.09
2022-01-02 02:00:00,27082.26
2022-01-02 03:00:00,27409.66
2022-01-02 04:00:00,27231.72
2022-01-02 05:00:00,28082.33
2022-01-02 06:00:00,29217.18
2022-01-02 07:00:00,31420.54
2022-01-02 08:00:00,31677.15
2022-01-02 09:00:00,31427.85
2022-01-02 10:00:00,31459.02
2022-01-02 11:00:00,29775.98
2022-01-02 12:00:00,29424.0
2022-01-02 13:00:00,28196.46
2022-01-02 14:00:00,28408.78
2022-01-02 15:00:00,29398.37
2022-01-02 16:00:00,30485.9
2022-01-02 17:00:00,31497.27
2022-01-02 18:00:00,32598.83
2022-01-02 19:00:00,33289.06
2022-01-02 20:00:00,32858.31
2022-01-02 21:00:00,32331.29
2022-01-02 22:00:00,31181.37
2022-01-02 23:00:00,30457.48
2022-01-03 00:00:00,34241.68
2022-01-03 01:00:00,33200.92
2022-01-03 02:00:00,33520.9
2022-01-03 03:00:00,32966.81
2022-01-03 04:00:00,33012.97
2022-01-03 05:00:00,34320.28
2022-01-03 06:00:00,35936.57
2022-01-03 07:00:00,37497.03
2022-01-03 08:00:00,37945.09
2022-01-03 09:00:00,38233.47
2022-01-03 10:00:00,37657.2
2022-01-03 11:00:00,36669.48
2022-01-03 12:00:00,35091.01
2022-01-03 13:00:00,34595.65
2022-01-03 14:00:00,34239.34
2022-01-03 15:00:00,34743.58
2022-01-03 16:00:00,36524.85
2022-01-03 17:00:00,38177.06
2022-01-03 18:00:00,39132.91
2022-01-03 19:00:00,40423.48
2022-01-03 20:00:00,40172.68
2022-01-03 21:00:00,38853.75
2022-01-03 22:00:00,37696.37
2022-01-03 23:00:00,36584.18
2022-01-04 00:00:00,33468.7
2022-01-04 01:00:00,33738.49
2022-01-04 02:00:00,31879.61
2022-01-04 03:00:00,32797.5
2022-01-04 04:00:00,32710.76
2022-01-04 05:00:00,33456.92
2022-01-04 06:00:00,35090.92
2022-01-04 07:00:00,35988.83
2022-01-04 08:00:00,37708.12
2022-01-04 09:00:00,38048.0
2022-01-04 10:00:00,37677.14
2022-01-04 11:00:00,35804.59
2022-01-04 12:00:00,34674.91
2022-01-04 13:00:00,34227.07
2022-01-04 14:00:00,34733.43
2022-01-04 15:00:00,35109.57
2022-01-04 16:00:00,35934.23
2022-01-04 17:00:00,37809.1
2022-01-04 18:00:00,39167.84
2022-01-04 19:00:00,40436.28
2022-01-04 20:00:00,39875.05
2022-01-04 21:00:00,39089.36
2022-01-04 22:00:00,37606.96
2022-01-04 23:00:00,35757.57
2022-01-05 00:00:00,33853.89
2022-01-05 01:00:00,33599.84
2022-01-05 02:00:00,33163.72
2022-01-05 03:00:00,32839.95
2022-01-05 04:00:00,32642.76
2022-01-05 05:00:00,33916.47
2022-01-05 06:00:00,35483.7
2022-01-05 07:00:00,36989.53
2022-01-05 08:00:00,38353.52
2022-01-05 09:00:00,38726.46
2022-01-05 10:00:00,38516.94
2022-01-05 11:00:00,36776.49
2022-01-05 12:00:00,35807.44
2022-01-05 13:00:00,35163.44
2022-01-05 14:00:00,34552.93
2022-01-05 15:00:00,35818.47
2022-01-05 16:00:00,36992.78
2022-01-05 17:00:00,39359.42
2022-01-05 18:00:00,39947.0
2022-01-05 19:00:00,41092.68
2022-01-05 20:00:00,41004.66
2022-01-05 21:00:00,39693.88
2022-01-05 22:00:00,39042.54
2022-01-05 23:00:00,37427.43
2022-01-06 00:00:00,34909.85
2022-01-06 01:00:00,34062.23
2022-01-06 02:00:00,34510.86
2022-01-06 03:00:00,33271.91
2022-01-06 04:00:00,34163.25
2022-01-06 05:00:00,35625.98
2022-01-06 06:00:00,36025.27
2022-01-06 07:00:00,37809.94
2022-01-06 08:00:00,39149.07
2022-01-06 09:00:00,39076.46
2022-01-06 10:00:00,37942.17
2022-01-06 11:00:00,37325.23
2022-01-06 12:00:00,35886.36
2022-01-06 13:00:00,35848.6
2022-01-06 14:00:00,35346.12
2022-01-06 15:00:00,36761.44
2022-01-06 16:00:00,37034.47
2022-01-06 17:00:00,38665.21
2022-01-06 18:00:00,40521.66
2022-01-06 19:00:00,40719.29
2022-01-06 20:00:00,41198.28
2022-01-06 21:00:00,40599.96
2022-01-06 22:00:00,38056.11
2022-01-06 23:00:00,37140.82
2022-01-07 00:00:00,34566.32
2022-01-07 01:00:00,34431.18
2022-01-07 02:00:00,33298.38
2022-01-07 03:00:00,32946.17
2022-01-07 04:00:00,33720.81
2022-01-07 05:00:00,34478.39
2022-01-07 06:00:00,35910.17
2022-01-07 07:00:00,37516.12
2022-01-07 08:00:00,38200.04
2022-01-07 09:00:00,38596.12
2022-01-07 10:00:00,37789.29
2022-01-07 11:00:00,36194.22
2022-01-07 12:00:00,35997.12
2022-01-07 13:00:00,34879.45
2022-01-07 14:00:00,34228.64
2022-01-07 15:00:00,35375.6
2022-01-07 16:00:00,35845.89
2022-01-07 17:00:00,37885.96
2022-01-07 18:00:00,39431.83
2022-01-07 19:00:00,39611.93
2022-01-07 20:00:00,40167.59
2022-01-07 21:00:00,38964.4
2022-01-07 22:00:00,37552.85
2022-01-07 23:00:00,36358.7
2022-01-08 00:00:00,29011.02
2022-01-08 01:00:00,28534.98
2022-01-08 02:00:00,28097.03
2022-01-08 03:00:00,27826.41
2022-01-08 04:00:00,28190.15
2022-01-08 05:00:00,29066.69
2022-01-08 06:00:00,30315.81
2022-01-08 07:00:00,31892.79
2022-01-08 08:00:00,32529.69
2022-01-08 09:00:00,33108.5
2022-01-08 10:00:00,31788.62
2022-01-08 11:00:00,31753.31
2022-01-08 12:00:00,30068.59
2022-01-08 13:00:00,29014.29
2022-01-08 14:00:00,28902.12
2022-01-08 15:00:00,29911.39
2022-01-08 16:00:00,30608.8
2022-01-08 17:00:00,32220.48
2022-01-08 18:00:00,33415.71
2022-01-08 19:00:00,34028.76
2022-01-08 20:00:00,33735.81
2022-01-08 21:00:00,32653.49
2022-01-08 22:00:00,31702.04
2022-01-08 23:00:00,30821.02
2022-01-09 00:00:00,26397.75
2022-01-09 01:00:00,25654.1
2022-01-09 02:00:00,25833.42
2022-01-09 03:00:00,25679.24
2022-01-09 04:00:00,25381.96
2022-01-09 05:00:00,26475.35
2022-01-09 06:00:00,27677.58
2022-01-09 07:00:00,28598.4
2022-01-09 08:00:00,30034.46
2022-01-09 09:00:00,30227.14
2022-01-09 10:00:00,29792.66
2022-01-09 11:00:00,28828.27
2022-01-09 12:00:00,27142.52
2022-01-09 13:00:00,26849.32
2022-01-09 14:00:00,27374.15
2022-01-09 15:00:00,27858.01
2022-01-09 16:00:00,28788.16
2022-01-09 17:00:00,31201.03
2022-01-09 18:00:00,31292.11
2022-01-09 19:00:00,32285.26
2022-01-09 20:00:00,32245.9
2022-01-09 21:00:00,31392.49
2022-01-09 22:00:00,29860.6
2022-01-09 23:00:00,29030.33
2022-01-10 00:00:00,32266.65
2022-01-10 01:00:00,32213.86
2022-01-10 02:00:00,31780.68
2022-01-10 03:00:00,31738.63
2022-01-10 04:00:00,32734.41
2022-01-10 05:00:00,32193.41
2022-01-10 06:00:00,34623.13
2022-01-10 07:00:00,35480.08
2022-01-10 08:00:00,37012.82
2022-01-10 09:00:00,37726.95
2022-01-10 10:00:00,36631.71
2022-01-10 11:00:00,35081.25
2022-01-10 12:00:00,34199.62
2022-01-10 13:00:00,34148.66
2022-01-10 14:00:00,33677.86
2022-01-10 15:00:00,34599.28
2022-01-10 16:00:00,35669.36
2022-01-10 17:00:00,36936.07
2022-01-10 18:00:00,39415.96
2022-01-10 19:00:00,39844.01
2022-01-10 20:00:00,38926.14
2022-01-10 21:00:00,38768.93
2022-01-10 22:00:00,36993.86
2022-01-10 23:00:00,36027.35
2022-01-11 00:00:00,32876.12
2022-01-11 01:00:00,32842.22
2022-01-11 02:00:00,32679.74
2022-01-11 03:00:00,32529.93
2022-01-11 04:00:00,31983.45
2022-01-11 05:00:00,33169.47
2022-01-11 06:00:00,34614.78
2022-01-11 07:00:00,36170.74
2022-01-11 08:00:00,38106.08
2022-01-11 09:00:00,37751.7
2022-01-11 10:00:00,36384.88
2022-01-11 11:00:00,35948.57
2022-01-11 12:00:00,35312.72
2022-01-11 13:00:00,34342.71
2022-01-11 14:00:00,33422.45
2022-01-11 15:00:00,34324.81
2022-01-11 16:00:00,36017.66
2022-01-11 17:00:00,36787.57
2022-01-11 18:00:00,38642.76
2022-01-11 19:00:00,39666.45
2022-01-11 20:00:00,39035.87
2022-01-11 21:00:00,38361.37
2022-01-11 22:00:00,35723.95
2022-01-11 23:00:00,34959.14
2022-01-12 00:00:00,32605.3
2022-01-12 01:00:00,31944.92
2022-01-12 02:00:00,32534.58
2022-01-12 03:00:00,31149.66
2022-01-12 04:00:00,31638.1
2022-01-12 05:00:00,32688.52
2022-01-12 06:00:00,34611.83
2022-01-12 07:00:00,35196.04
2022-01-12 08:00:00,37170.03
2022-01-12 09:00:00,36866.75
2022-01-12 10:00:00,35717.31
2022-01-12 11:00:00,35008.22
2022-01-12 12:00:00,33846.46
2022-01-12 13:00:00,32969.0
2022-01-12 14:00:00,33170.57
2022-01-12 15:00:00,33548.87
2022-01-12 16:00:00,34804.31
2022-01-12 17:00:00,36461.64
2022-01-12 18:00:00,38244.88
2022-01-12 19:00:00,38175.58
2022-01-12 20:00:00,39334.89
2022-01-12 21:00:00,36944.94
2022-01-12 22:00:00,36072.53
2022-01-12 23:00:00,34815.44
2022-01-13 00:00:00,32105.78
2022-01-13 01:00:00,31508.48
2022-01-13 02:00:00,31269.33
2022-01-13 03:00:00,30893.77
2022-01-13 04:00:00,31042.06
2022-01-13 05:00:00,32439.26
2022-01-13 06:00:00,33777.08
2022-01-13 07:00:00,35048.99
2022-01-13 08:00:00,36721.31
2022-01-13 09:00:00,36667.14
2022-01-13 10:00:00,36096.77
2022-01-13 11:00:00,34875.27
2022-01-13 12:00:00,33353.84
2022-01-13 13:00:00,32910.62
2022-01-13 14:00:00,33397.15
2022-01-13 15:00:00,33949.92
2022-01-13 16:00:00,34874.0
2022-01-13 17:00:00,36452.74
2022-01-13 18:00:00,38384.46
2022-01-13 19:00:00,38715.45
2022-01-13 20:00:00,39159.96
2022-01-13 21:00:00,38004.07
2022-01-13 22:00:00,36562.51
2022-01-13 23:00:00,35573.19
2022-01-14 00:00:00,32934.78
2022-01-14 01:00:00,32714.34
2022-01-14 02:00:00,32566.08
2022-01-14 03:00:00,31903.3
2022-01-14 04:00:00,32377.94
2022-01-14 05:00:00,32984.0
2022-01-14 06:00:00,34774.33
2022-01-14 07:00:00,36310.86
2022-01-14 08:00:00,37559.38
2022-01-14 09:00:00,37938.71
2022-01-14 10:00:00,36746.15
2022-01-14 11:00:00,36654.38
2022-01-14 12:00:00,34603.22
2022-01-14 13:00:00,34034.41
2022-01-14 14:00:00,34932.02
2022-01-14 15:00:00,35439.77
2022-01-14 16:00:00,36558.28
2022-01-14 17:00:00,38118.96
2022-01-14 18:00:00,39445.83
2022-01-14 19:00:00,40143.33
2022-01-14 20:00:00,40548.39
2022-01-14 21:00:00,39406.16
2022-01-14 22:00:00,38559.68
2022-01-14 23:00:00,36724.54
2022-01-15 00:00:00,29834.41
2022-01-15 01:00:00,29820.87
2022-01-15 02:00:00,29793.01
2022-01-15 03:00:00,29257.48
2022-01-15 04:00:00,29371.86
2022-01-15 05:00:00,30571.46
2022-01-15 06:00:00,31936.51
2022-01-15 07:00:00,33146.87
2022-01-15 08:00:00,34166.67
2022-01-15 09:00:00,34568.71
2022-01-15 10:00:00,33339.31
2022-01-15 11:00:00,32346.35
2022-01-15 12:00:00,31704.22
2022-01-15 13:00:00,31409.45
2022-01-15 14:00:00,31614.74
2022-01-15 15:00:00,32542.24
2022-01-15 16:00:00,33320.07
2022-01-15 17:00:00,34292.14
2022-01-15 18:00:00,35660.7
2022-01-15 19:00:00,36155.45
2022-01-15 20:00:00,36507.67
2022-01-15 21:00:00,35589.55
2022-01-15 22:00:00,34498.2
2022-01-15 23:00:00,32773.86
2022-01-16 00:00:00,28848.95
2022-01-16 01:00:00,28976.18
2022-01-16 02:00:00,28085.29
2022-01-16 03:00:00,28032.23
2022-01-16 04:00:00,28272.69
2022-01-16 05:00:00,28609.54
2022-01-16 06:00:00,30048.78
2022-01-16 07:00:00,31297.0
2022-01-16 08:00:00,32215.03
2022-01-16 09:00:00,32005.99
2022-01-16 10:00:00,31638.7
2022-01-16 11:00:00,30818.11
2022-01-16 12:00:00,30281.99
2022-01-16 13:00:00,29625.09
2022-01-16 14:00:00,30019.29
2022-01-16 15:00:00,29439.23
2022-01-16 16:00:00,30898.68
2022-01-16 17:00:00,31856.36
2022-01-16 18:00:00,33751.01
2022-01-16 19:00:00,33448.6
2022-01-16 20:00:00,33412.19
2022-01-16 21:00:00,32698.47
2022-01-16 22:00:00,30920.47
2022-01-16 23:00:00,30222.43
2022-01-17 00:00:00,34168.55
2022-01-17 01:00:00,34184.38
2022-01-17 02:00:00,33843.62
2022-01-17 03:00:00,34079.39
2022-01-17 04:00:00,33910.12
2022-01-17 05:00:00,34240.1
2022-01-17 06:00:00,35607.11
2022-01-17 07:00:00,37700.83
2022-01-17 08:00:00,38147.76
2022-01-17 09:00:00,39368.85
2022-01-17 10:00:00,38356.92
2022-01-17 11:00:00,36584.94
2022-01-17 12:00:00,35099.98
2022-01-17 13:00:00,35596.5
2022-01-17 14:00:00,35071.0
2022-01-17 15:00:00,36103.8
2022-01-17 16:00:00,36215.69
2022-01-17 17:00:00,38051.95
2022-01-17 18:00:00,39746.39
2022-01-17 19:00:00,40703.15
2022-01-17 20:00:00,40531.9
2022-01-17 21:00:00,39970.44
2022-01-17 22:00:00,37899.33
2022-01-17 23:00:00,36729.9
2022-01-18 00:00:00,34210.44
2022-01-18 01:00:00,34089.51
2022-01-18 02:00:00,33795.88
2022-01-18 03:00:00,32898.33
2022-01-18 04:00:00,32957.29
2022-01-18 05:00:00,34854.41
2022-01-18 06:00:00,36052.26
2022-01-18 07:00:00,37330.83
2022-01-18 08:00:00,39266.97
2022-01-18 09:00:00,38932.78
2022-01-18 10:00:00,38571.5
2022-01-18 11:00:00,37037.34
2022-01-18 12:00:00,36734.88
2022-01-18 13:00:00,36099.88
2022-01-18 14:00:00,35434.81
2022-01-18 15:00:00,36468.43
2022-01-18 16:00:00,37503.18
2022-01-18 17:00:00,39288.64
2022-01-18 18:00:00,39997.47
2022-01-18 19:00:00,41558.44
2022-01-18 20:00:00,41730.54
2022-01-18 21:00:00,39844.52
2022-01-18 22:00:00,38601.21
2022-01-18 23:00:00,36840.67
2022-01-19 00:00:00,34871.88
2022-01-19 01:00:00,34985.55
2022-01-19 02:00:00,34921.93
2022-01-19 03:00:00,34188.6
2022-01-19 04:00:00,34953.39
2022-01-19 05:00:00,34828.66
2022-01-19 06:00:00,36256.4
2022-01-19 07:00:00,38498.89
2022-01-19 08:00:00,39789.62
2022-01-19 09:00:00,39814.22
2022-01-19 10:00:00,38367.34
2022-01-19 11:00:00,37910.14
2022-01-19 12:00:00,36476.66
2022-01-19 13:00:00,36628.06
2022-01-19 14:00:00,36543.53
2022-01-19 15:00:00,36674.4
2022-01-19 16:00:00,37950.75
2022-01-19 17:00:00,39267.2
2022-01-19 18:00:00,41113.29
2022-01-19 19:00:00,42421.18
2022-01-19 20:00:00,41749.03
2022-01-19 21:00:00,41332.78
2022-01-19 22:00:00,39485.45
2022-01-19 23:00:00,37889.16
2022-01-20 00:00:00,35488.17
2022-01-20 01:00:00,34882.81
2022-01-20 02:00:00,34661.89
2022-01-20 03:00:00,34149.5
2022-01-20 04:00:00,35421.49
2022-01-20 05:00:00,35616.89
2022-01-20 06:00:00,36841.11
2022-01-20 07:00:00,38765.6
2022-01-20 08:00:00,39725.73
2022-01-20 09:00:00,39794.37
2022-01-20 10:00:00,39287.08
2022-01-20 11:00:00,38121.86
2022-01-20 12:00:00,36596.5
2022-01-20 13:00:00,35974.14
2022-01-20 14:00:00,36033.73
2022-01-20 15:00:00,35845.16
2022-01-20 16:00:00,37180.58
2022-01-20 17:00:00,39629.77
2022-01-20 18:00:00,41158.08
2022-01-20 19:00:00,41381.25
2022-01-20 20:00:00,41612.71
2022-01-20 21:00:00,40518.67
2022-01-20 22:00:00,39939.83
2022-01-20 23:00:00,37689.04
2022-01-21 00:00:00,34545.77
2022-01-21 01:00:00,33918.54
2022-01-21 02:00:00,33246.23
2022-01-21 03:00:00,33540.01
2022-01-21 04:00:00,33318.76
2022-01-21 05:00:00,33908.56
2022-01-21 06:00:00,35616.35
2022-01-21 07:00:00,37026.45
2022-01-21 08:00:00,39030.45
2022-01-21 09:00:00,38818.87
2022-01-21 10:00:00,37674.77
2022-01-21 11:00:00,36950.29
2022-01-21 12:00:00,35358.32
2022-01-21 13:00:00,34400.23
2022-01-21 14:00:00,35169.53
2022-01-21 15:00:00,35329.89
2022-01-21 16:00:00,35825.89
2022-01-21 17:00:00,37554.0
2022-01-21 18:00:00,38740.0
2022-01-21 19:00:00,39447.09
2022-01-21 20:00:00,40199.92
2022-01-21 21:00:00,39548.68
2022-01-21 22:00:00,36852.8
2022-01-21 23:00:00,35987.29
2022-01-22 00:00:00,28894.52
2022-01-22 01:00:00,28672.26
2022-01-22 02:00:00,28264.79
2022-01-22 03:00:00,27894.24
2022-01-22 04:00:00,28340.79
2022-01-22 05:00:00,28786.07
2022-01-22 06:00:00,30467.09
2022-01-22 07:00:00,31763.81
2022-01-22 08:00:00,32645.01
2022-01-22 09:00:00,32511.65
2022-01-22 10:00:00,31935.51
2022-01-22 11:00:00,31348.82
2022-01-22 12:00:00,30335.54
2022-01-22 13:00:00,29310.49
2022-01-22 14:00:00,29677.94
2022-01-22 15:00:00,30399.75
2022-01-22 16:00:00,30524.96
2022-01-22 17:00:00,32610.9
2022-01-22 18:00:00,33496.02
2022-01-22 19:00:00,34759.25
2022-01-22 20:00:00,34297.4
2022-01-22 21:00:00,33110.92
2022-01-22 22:00:00,31873.65
2022-01-22 23:00:00,31148.48
2022-01-23 00:00:00,26933.42
2022-01-23 01:00:00,26315.51
2022-01-23 02:00:00,26559.62
2022-01-23 03:00:00,25546.62
2022-01-23 04:00:00,26271.46
2022-01-23 05:00:00,26619.42
2022-01-23 06:00:00,28068.15
2022-01-23 07:00:00,29670.3
2022-01-23 08:00:00,30278.34
2022-01-23 09:00:00,30580.22
2022-01-23 10:00:00,30462.13
2022-01-23 11:00:00,28964.9
2022-01-23 12:00:00,28634.2
2022-01-23 13:00:00,27507.38
2022-01-23 14:00:00,28111.29
2022-01-23 15:00:00,28919.99
2022-01-23 16:00:00,28483.86
2022-01-23 17:00:00,30316.97
2022-01-23 18:00:00,32038.35
2022-01-23 19:00:00,32560.06
2022-01-23 20:00:00,32782.93
2022-01-23 21:00:00,31690.36
2022-01-23 22:00:00,30733.23
2022-01-23 23:00:00,29435.42
2022-01-24 00:00:00,33731.26
2022-01-24 01:00:00,33159.44
2022-01-24 02:00:00,32828.91
2022-01-24 03:00:00,32310.9
2022-01-24 04:00:00,32481.99
2022-01-24 05:00:00,33405.67
2022-01-24 06:00:00,35211.36
2022-01-24 07:00:00,36566.4
2022-01-24 08:00:00,37926.12
2022-01-24 09:00:00,38695.13
2022-01-24 10:00:00,37512.06
2022-01-24 11:00:00,35916.23
2022-01-24 12:00:00,35415.19
2022-01-24 13:00:00,34284.74
2022-01-24 14:00:00,33708.06
2022-01-24 15:00:00,34629.02
2022-01-24 16:00:00,35426.75
2022-01-24 17:00:00,37438.47
2022-01-24 18:00:00,39038.22
2022-01-24 19:00:00,40543.59
2022-01-24 20:00:00,40052.35
2022-01-24 21:00:00,38898.15
2022-01-24 22:00:00,37755.13
2022-01-24 23:00:00,35162.74
2022-01-25 00:00:00,33322.22
2022-01-25 01:00:00,33207.26
2022-01-25 02:00:00,32009.82
2022-01-25 03:00:00,32621.35
2022-01-25 04:00:00,32486.56
2022-01-25 05:00:00,33076.88
2022-01-25 06:00:00,34910.15
2022-01-25 07:00:00,37074.72
2022-01-25 08:00:00,37406.32
2022-01-25 09:00:00,37526.36
2022-01-25 10:00:00,36471.16
2022-01-25 11:00:00,35113.12
2022-01-25 12:00:00,34622.66
2022-01-25 13:00:00,33424.05
2022-01-25 14:00:00,33703.35
2022-01-25 15:00:00,34034.47
2022-01-25 16:00:00,35434.14
2022-01-25 17:00:00,36830.84
2022-01-25 18:00:00,38517.61
2022-01-25 19:00:00,38873.86
2022-01-25 20:00:00,38914.64
2022-01-25 21:00:00,37682.0
2022-01-25 22:00:00,36340.64
2022-01-25 23:00:00,35084.7
2022-01-26 00:00:00,32502.22
2022-01-26 01:00:00,31603.38
2022-01-26 02:00:00,31814.87
2022-01-26 03:00:00,31676.57
2022-01-26 04:00:00,31495.14
2022-01-26 05:00:00,32866.21
2022-01-26 06:00:00,33413.14
2022-01-26 07:00:00,34851.29
2022-01-26 08:00:00,35742.16
2022-01-26 09:00:00,37003.67
2022-01-26 10:00:00,35923.47
2022-01-26 11:00:00,34478.89
2022-01-26 12:00:00,33546.38
2022-01-26 13:00:00,32477.92
2022-01-26 14:00:00,33717.43
2022-01-26 15:00:00,33468.01
2022-01-26 16:00:00,34566.89
2022-01-26 17:00:00,36274.01
2022-01-26 18:00:00,37675.32
2022-01-26 19:00:00,38532.38
2022-01-26 20:00:00,38185.72
2022-01-26 21:00:00,37696.82
2022-01-26 22:00:00,36718.22
2022-01-26 23:00:00,35045.03
2022-01-27 00:00:00,32470.06
2022-01-27 01:00:00,31484.0
2022-01-27 02:00:00,30964.03
2022-01-27 03:00:00,31022.33
2022-01-27 04:00:00,31299.69
2022-01-27 05:00:00,32588.42
2022-01-27 06:00:00,33154.82
2022-01-27 07:00:00,35953.09
2022-01-27 08:00:00,36508.13
2022-01-27 09:00:00,36597.37
2022-01-27 10:00:00,35674.81
2022-01-27 11:00:00,34321.33
2022-01-27 12:00:00,34205.75
2022-01-27 13:00:00,33433.09
2022-01-27 14:00:00,33010.93
2022-01-27 15:00:00,33634.8
2022-01-27 16:00:00,35139.36
2022-01-27 17:00:00,37393.9
2022-01-27 18:00:00,38265.65
2022-01-27 19:00:00,38835.38
2022-01-27 20:00:00,39339.7
2022-01-27 21:00:00,38453.33
2022-01-27 22:00:00,36183.85
2022-01-27 23:00:00,35672.12
2022-01-28 00:00:00,32988.55
2022-01-28 01:00:00,33106.79
2022-01-28 02:00:00,33198.03
2022-01-28 03:00:00,32738.42
2022-01-28 04:00:00,32497.94
2022-01-28 05:00:00,33160.87
2022-01-28 06:00:00,36018.04
2022-01-28 07:00:00,36832.7
2022-01-28 08:00:00,37983.1
2022-01-28 09:00:00,38170.13
2022-01-28 10:00:00,37543.6
2022-01-28 11:00:00,36305.02
2022-01-28 12:00:00,35178.03
2022-01-28 13:00:00,34679.71
2022-01-28 14:00:00,34913.5
2022-01-28 15:00:00,35355.66
2022-01-28 16:00:00,36456.81
2022-01-28 17:00:00,38284.5
2022-01-28 18:00:00,39689.34
2022-01-28 19:00:00,41291.07
2022-01-28 20:00:00,39878.81
2022-01-28 21:00:00,40286.21
2022-01-28 22:00:00,38890.56
2022-01-28 23:00:00,36260.29
2022-01-29 00:00:00,30084.7
2022-01-29 01:00:00,29860.01
2022-01-29 02:00:00,29187.12
2022-01-29 03:00:00,29187.78
2022-01-29 04:00:00,29249.58
2022-01-29 05:00:00,31051.05
2022-01-29 06:00:00,32102.41
2022-01-29 07:00:00,33665.79
2022-01-29 08:00:00,34452.65
2022-01-29 09:00:00,33932.86
2022-01-29 10:00:00,33475.09
2022-01-29 11:00:00,32794.87
2022-01-29 12:00:00,31284.84
2022-01-29 13:00:00,31463.18
2022-01-29 14:00:00,31124.22
2022-01-29 15:00:00,31570.5
2022-01-29 16:00:00,32918.52
2022-01-29 17:00:00,34128.02
2022-01-29 18:00:00,35140.77
2022-01-29 19:00:00,36488.01
2022-01-29 20:00:00,35688.73
2022-01-29 21:00:00,35437.15
2022-01-29 22:00:00,34102.89
2022-01-29 23:00:00,32445.3
2022-01-30 00:00:00,28215.27
2022-01-30 01:00:00,27419.59
2022-01-30 02:00:00,27849.55
2022-01-30 03:00:00,27216.0
2022-01-30 04:00:00,27224.89
2022-01-30 05:00:00,28482.79
2022-01-30 06:00:00,29079.86
2022-01-30 07:00:00,30147.46
2022-01-30 08:00:00,30977.09
2022-01-30 09:00:00,31824.44
2022-01-30 10:00:00,30513.98
2022-01-30 11:00:00,30587.72
2022-01-30 12:00:00,28374.39
2022-01-30 13:00:00,29212.83
2022-01-30 14:00:00,28671.54
2022-01-30 15:00:00,29009.73
2022-01-30 16:00:00,29743.72
2022-01-30 17:00:00,31279.71
2022-01-30 18:00:00,32327.44
2022-01-30 19:00:00,33483.33
2022-01-30 20:00:00,33122.78
2022-01-30 21:00:00,32349.95
2022-01-30 22:00:00,30939.36
2022-01-30 23:00:00,29804.28
2022-01-31 00:00:00,33762.67
2022-01-31 01:00:00,32775.05
2022-01-31 02:00:00,32516.51
2022-01-31 03:00:00,32971.02
2022-01-31 04:00:00,32950.4
2022-01-31 05:00:00,33716.81
2022-01-31 06:00:00,35294.29
2022-01-31 07:00:00,37044.62
2022-01-31 08:00:00,37844.09
2022-01-31 09:00:00,37908.17
2022-01-31 10:00:00,37495.62
2022-01-31 11:00:00,35920.42
2022-01-31 12:00:00,35387.35
2022-01-31 13:00:00,34103.12
2022-01-31 14:00:00,35079.38
2022-01-31 15:00:00,35475.88
2022-01-31 16:00:00,36535.07
2022-01-31 17:00:00,38309.11
2022-01-31 18:00:00,40062.4
2022-01-31 19:00:00,40807.84
2022-01-31 20:00:00,39841.97
2022-01-31 21:00:00,39131.66
2022-01-31 22:00:00,37910.96
2022-01-31 23:00:00,36674.37
2022-02-01 00:00:00,34175.21
2022-02-01 01:00:00,33508.23
2022-02-01 02:00:00,33491.05
2022-02-01 03:00:00,32931.4
2022-02-01 04:00:00,33207.81
2022-02-01 05:00:00,33865.01
2022-02-01 06:00:00,35584.11
2022-02-01 07:00:00,37110.74
2022-02-01 08:00:00,38391.8
2022-02-01 09:00:00,39287.06
2022-02-01 10:00:00,37867.56
2022-02-01 11:00:00,37989.6
2022-02-01 12:00:00,36252.59
2022-02-01 13:00:00,35626.53
2022-02-01 14:00:00,35306.08
2022-02-01 15:00:00,36464.49
2022-02-01 16:00:00,37171.43
2022-02-01 17:00:00,38950.71
2022-02-01 18:00:00,41330.53
2022-02-01 19:00:00,41383.09
2022-02-01 20:00:00,41857.95
2022-02-01 21:00:00,40304.96
2022-02-01 22:00:00,39087.66
2022-02-01 23:00:00,38250.5
2022-02-02 00:00:00,34726.67
2022-02-02 01:00:00,35336.95
2022-02-02 02:00:00,34598.55
2022-02-02 03:00:00,33905.43
2022-02-02 04:00:00,34527.63
2022-02-02 05:00:00,35556.75
2022-02-02 06:00:00,36955.13
2022-02-02 07:00:00,37832.51
2022-02-02 08:00:00,39241.94
2022-02-02 09:00:00,39556.49
2022-02-02 10:00:00,38857.39
2022-02-02 11:00:00,37924.99
2022-02-02 12:00:00,36734.75
2022-02-02 13:00:00,35637.61
2022-02-02 14:00:00,36230.74
2022-02-02 15:00:00,36869.94
2022-02-02 16:00:00,37949.19
2022-02-02 17:00:00,39608.11
2022-02-02 18:00:00,40987.84
2022-02-02 19:00:00,41776.83
2022-02-02 20:00:00,41567.01
2022-02-02 21:00:00,40040.74
2022-02-02 22:00:00,39255.29
2022-02-02 23:00:00,37641.53
2022-02-03 00:00:00,34906.73
2022-02-03 01:00:00,34053.15
2022-02-03 02:00:00,33701.41
2022-02-03 03:00:00,34131.26
2022-02-03 04:00:00,33884.31
2022-02-03 05:00:00,34978.55
2022-02-03 06:00:00,36203.38
2022-02-03 07:00:00,37781.47
2022-02-03 08:00:00,39147.72
2022-02-03 09:00:00,38720.4
2022-02-03 10:00:00,38111.29
2022-02-03 11:00:00,36677.96
2022-02-03 12:00:00,35591.96
2022-02-03 13:00:00,35009.58
2022-02-03 14:00:00,35131.6
2022-02-03 15:00:00,35390.42
2022-02-03 16:00:00,37042.45
2022-02-03 17:00:00,37716.84
2022-02-03 18:00:00,39383.77
2022-02-03 19:00:00,40171.33
2022-02-03 20:00:00,40765.94
2022-02-03 21:00:00,39320.67
2022-02-03 22:00:00,38060.9
2022-02-03 23:00:00,35612.0
2022-02-04 00:00:00,33435.18
2022-02-04 01:00:00,33316.45
2022-02-04 02:00:00,32592.16
2022-02-04 03:00:00,32601.2
2022-02-04 04:00:00,32168.36
2022-02-04 05:00:00,33673.79
2022-02-04 06:00:00,35431.44
2022-02-04 07:00:00,36073.93
2022-02-04 08:00:00,37093.41
2022-02-04 09:00:00,37843.47
2022-02-04 10:00:00,37071.62
2022-02-04 11:00:00,35108.77
2022-02-04 12:00:00,34063.39
2022-02-04 13:00:00,33503.43
2022-02-04 14:00:00,33088.76
2022-02-04 15:00:00,33766.39
2022-02-04 16:00:00,34809.1
2022-02-04 17:00:00,36349.59
2022-02-04 18:00:00,38059.12
2022-02-04 19:00:00,39065.86
2022-02-04 20:00:00,39500.09
2022-02-04 21:00:00,37642.21
2022-02-04 22:00:00,36828.28
2022-02-04 23:00:00,34887.57
2022-02-05 00:00:00,28333.15
2022-02-05 01:00:00,28334.87
2022-02-05 02:00:00,27363.02
2022-02-05 03:00:00,27642.32
2022-02-05 04:00:00,27721.9
2022-02-05 05:00:00,28617.0
2022-02-05 06:00:00,29869.1
2022-02-05 07:00:00,32063.64
2022-02-05 08:00:00,31955.38
2022-02-05 09:00:00,32119.99
2022-02-05 10:00:00,31421.86
2022-02-05 11:00:00,30417.98
2022-02-05 12:00:00,29489.76
2022-02-05 13:00:00,29645.25
2022-02-05 14:00:00,29739.76
2022-02-05 15:00:00,29558.38
2022-02-05 16:00:00,30460.23
2022-02-05 17:00:00,32247.84
2022-02-05 18:00:00,33215.4
2022-02-05 19:00:00,34479.18
2022-02-05 20:00:00,34349.75
2022-02-05 21:00:00,32941.01
2022-02-05 22:00:00,32727.1
2022-02-05 23:00:00,31514.23
2022-02-06 00:00:00,26344.57
2022-02-06 01:00:00,26221.07
2022-02-06 02:00:00,26167.66
2022-02-06 03:00:00,25981.99
2022-02-06 04:00:00,26265.63
2022-02-06 05:00:00,27489.68
2022-02-06 06:00:00,27977.95
2022-02-06 07:00:00,29117.14
2022-02-06 08:00:00,29837.28
2022-02-06 09:00:00,30195.77
2022-02-06 10:00:00,29829.83
2022-02-06 11:00:00,29519.65
2022-02-06 12:00:00,27877.07
2022-02-06 13:00:00,27687.99
2022-02-06 14:00:00,27615.97
2022-02-06 15:00:00,28514.85
2022-02-06 16:00:00,29903.13
2022-02-06 17:00:00,30064.88
2022-02-06 18:00:00,31303.67
2022-02-06 19:00:00,32617.84
2022-02-06 20:00:00,32494.49
2022-02-06 21:00:00,32131.4
2022-02-06 22:00:00,30470.12
2022-02-06 23:00:00,28905.6
2022-02-07 00:00:00,32867.74
2022-02-07 01:00:00,32768.9
2022-02-07 02:00:00,32279.53
2022-02-07 03:00:00,31884.63
2022-02-07 04:00:00,32247.8
2022-02-07 05:00:00,33157.38
2022-02-07 06:00:00,34716.95
2022-02-07 07:00:00,36069.18
2022-02-07 08:00:00,36862.89
2022-02-07 09:00:00,37084.95
2022-02-07 10:00:00,36662.49
2022-02-07 11:00:00,34745.75
2022-02-07 12:00:00,34093.63
2022-02-07 13:00:00,33228.56
2022-02-07 14:00:00,33339.37
2022-02-07 15:00:00,34307.0
2022-02-07 16:00:00,34996.52
2022-02-07 17:00:00,36397.01
2022-02-07 18:00:00,37347.07
2022-02-07 19:00:00,38982.17
2022-02-07 20:00:00,38901.92
2022-02-07 21:00:00,38445.08
2022-02-07 22:00:00,36046.44
2022-02-07 23:00:00,34680.16
2022-02-08 00:00:00,31900.41
2022-02-08 01:00:00,32043.19
2022-02-08 02:00:00,31029.35
2022-02-08 03:00:00,30837.35
2022-02-08 04:00:00,31084.4
2022-02-08 05:00:00,31777.64
2022-02-08 06:00:00,33010.77
2022-02-08 07:00:00,34816.24
2022-02-08 08:00:00,36178.53
2022-02-08 09:00:00,35533.86
2022-02-08 10:00:00,35127.52
2022-02-08 11:00:00,33611.79
2022-02-08 12:00:00,33195.65
2022-02-08 13:00:00,31636.84
2022-02-08 14:00:00,31931.73
2022-02-08 15:00:00,32787.33
2022-02-08 16:00:00,34274.53
2022-02-08 17:00:00,35159.38
2022-02-08 18:00:00,36438.5
2022-02-08 19:00:00,38200.87
2022-02-08 20:00:00,37005.84
2022-02-08 21:00:00,35773.64
2022-02-08 22:00:00,35185.52
2022-02-08 23:00:00,33330.56
2022-02-09 00:00:00,30384.05
2022-02-09 01:00:00,30699.44
2022-02-09 02:00:00,30143.73
2022-02-09 03:00:00,29576.33
2022-02-09 04:00:00,29498.97
2022-02-09 05:00:00,31137.4
2022-02-09 06:00:00,32561.33
2022-02-09 07:00:00,33930.03
2022-02-09 08:00:00,35717.7
2022-02-09 09:00:00,34841.78
2022-02-09 10:00:00,33926.97
2022-02-09 11:00:00,33053.39
2022-02-09 12:00:00,32260.83
2022-02-09 13:00:00,31816.9
2022-02-09 14:00:00,31668.58
2022-02-09 15:00:00,32469.41
2022-02-09 16:00:00,33045.8
2022-02-09 17:00:00,35512.25
2022-02-09 18:00:00,36496.66
2022-02-09 19:00:00,37894.69
2022-02-09 20:00:00,37662.71
2022-02-09 21:00:00,36802.25
2022-02-09 22:00:00,35399.09
2022-02-09 23:00:00,33899.84
2022-02-10 00:00:00,31268.58
2022-02-10 01:00:00,31286.4
2022-02-10 02:00:00,30563.52
2022-02-10 03:00:00,30523.83
2022-02-10 04:00:00,30481.88
2022-02-10 05:00:00,31965.11
2022-02-10 06:00:00,32787.22
2022-02-10 07:00:00,35344.59
2022-02-10 08:00:00,35864.15
2022-02-10 09:00:00,35577.49
2022-02-10 10:00:00,35420.48
2022-02-10 11:00:00,34022.21
2022-02-10 12:00:00,33583.66
2022-02-10 13:00:00,32560.82
2022-02-10 14:00:00,32696.3
2022-02-10 15:00:00,32823.22
2022-02-10 16:00:00,34499.67
2022-02-10 17:00:00,35365.26
2022-02-10 18:00:00,37206.94
2022-02-10 19:00:00,39031.5
2022-02-10 20:00:00,39101.84
2022-02-10 21:00:00,38094.18
2022-02-10 22:00:00,36179.37
2022-02-10 23:00:00,35056.24
2022-02-11 00:00:00,32377.54
2022-02-11 01:00:00,31755.36
2022-02-11 02:00:00,32361.31
2022-02-11 03:00:00,31920.31
2022-02-11 04:00:00,31767.11
2022-02-11 05:00:00,32791.71
2022-02-11 06:00:00,34404.7
2022-02-11 07:00:00,35290.6
2022-02-11 08:00:00,37062.44
2022-02-11 09:00:00,37086.83
2022-02-11 10:00:00,36245.68
2022-02-11 11:00:00,35353.06
2022-02-11 12:00:00,35076.81
2022-02-11 13:00:00,34136.19
2022-02-11 14:00:00,33736.99
2022-02-11 15:00:00,34728.62
2022-02-11 16:00:00,36148.22
2022-02-11 17:00:00,37492.26
2022-02-11 18:00:00,38689.67
2022-02-11 19:00:00,39396.96
2022-02-11 20:00:00,39878.04
2022-02-11 21:00:00,38837.1
2022-02-11 22:00:00,37531.12
2022-02-11 23:00:00,35939.95
2022-02-12 00:00:00,29376.43
2022-02-12 01:00:00,28579.69
2022-02-12 02:00:00,28890.79
2022-02-12 03:00:00,28252.54
2022-02-12 04:00:00,29061.96
2022-02-12 05:00:00,28868.49
2022-02-12 06:00:00,31029.8
2022-02-12 07:00:00,31913.45
2022-02-12 08:00:00,32572.57
2022-02-12 09:00:00,32737.19
2022-02-12 10:00:00,32104.15
2022-02-12 11:00:00,31309.84
2022-02-12 12:00:00,30414.75
2022-02-12 13:00:00,29514.63
2022-02-12 14:00:00,29685.54
2022-02-12 15:00:00,30922.51
2022-02-12 16:00:00,31732.05
2022-02-12 17:00:00,32571.13
2022-02-12 18:00:00,33715.95
2022-02-12 19:00:00,34550.99
2022-02-12 20:00:00,34701.32
2022-02-12 21:00:00,33277.41
2022-02-12 22:00:00,32214.99
2022-02-12 23:00:00,30376.96
2022-02-13 00:00:00,26710.91
2022-02-13 01:00:00,26554.81
2022-02-13 02:00:00,25830.12
2022-02-13 03:00:00,26308.48
2022-02-13 04:00:00,25460.98
2022-02-13 05:00:00,26092.01
2022-02-13 06:00:00,27902.06
2022-02-13 07:00:00,29513.66
2022-02-13 08:00:00,30629.07
2022-02-13 09:00:00,29981.9
2022-02-13 10:00:00,29883.54
2022-02-13 11:00:00,28518.91
2022-02-13 12:00:00,27617.68
2022-02-13 13:00:00,27520.75
2022-02-13 14:00:00,27436.84
2022-02-13 15:00:00,27122.19
2022-02-13 16:00:00,29102.05
2022-02-13 17:00:00,30295.25
2022-02-13 18:00:00,30816.08
2022-02-13 19:00:00,31953.1
2022-02-13 20:00:00,31996.76
2022-02-13 21:00:00,31153.89
2022-02-13 22:00:00,29664.11
2022-02-13 23:00:00,28404.44
2022-02-14 00:00:00,32181.29
2022-02-14 01:00:00,32350.84
2022-02-14 02:00:00,31777.13
2022-02-14 03:00:00,31211.48
2022-02-14 04:00:00,31822.82
2022-02-14 05:00:00,31478.06
2022-02-14 06:00:00,34415.25
2022-02-14 07:00:00,35070.58
2022-02-14 08:00:00,36693.41
2022-02-14 09:00:00,36606.17
2022-02-14 10:00:00,35820.99
2022-02-14 11:00:00,35545.05
2022-02-14 12:00:00,33984.69
2022-02-14 13:00:00,33751.32
2022-02-14 14:00:00,33659.85
2022-02-14 15:00:00,34459.5
2022-02-14 16:00:00,35478.2
2022-02-14 17:00:00,36544.47
2022-02-14 18:00:00,38877.7
2022-02-14 19:00:00,39349.26
2022-02-14 20:00:00,39028.99
2022-02-14 21:00:00,38533.9
2022-02-14 22:00:00,37774.25
2022-02-14 23:00:00,36095.6
2022-02-15 00:00:00,32969.38
2022-02-15 01:00:00,32747.39
2022-02-15 02:00:00,32428.73
2022-02-15 03:00:00,33044.71
2022-02-15 04:00:00,32682.19
2022-02-15 05:00:00,33637.31
2022-02-15 06:00:00,35398.21
2022-02-15 07:00:00,36796.85
2022-02-15 08:00:00,37769.36
2022-02-15 09:00:00,37971.63
2022-02-15 10:00:00,37290.41
2022-02-15 11:00:00,36162.62
2022-02-15 12:00:00,35431.97
2022-02-15 13:00:00,34665.64
2022-02-15 14:00:00,34935.1
2022-02-15 15:00:00,35248.19
2022-02-15 16:00:00,36440.78
2022-02-15 17:00:00,37230.72
2022-02-15 18:00:00,39757.56
2022-02-15 19:00:00,40519.17
2022-02-15 20:00:00,40763.68
2022-02-15 21:00:00,38472.28
2022-02-15 22:00:00,38740.77
2022-02-15 23:00:00,36465.72
2022-02-16 00:00:00,34147.59
2022-02-16 01:00:00,33124.23
2022-02-16 02:00:00,33322.06
2022-02-16 03:00:00,32460.77
2022-02-16 04:00:00,32784.92
2022-02-16 05:00:00,34552.47
2022-02-16 06:00:00,35305.79
2022-02-16 07:00:00,37061.72
2022-02-16 08:00:00,38372.79
2022-02-16 09:00:00,38356.61
2022-02-16 10:00:00,37444.27
2022-02-16 11:00:00,36311.96
2022-02-16 12:00:00,35958.72
2022-02-16 13:00:00,34498.61
2022-02-16 14:00:00,34551.12
2022-02-16 15:00:00,35376.8
2022-02-16 16:00:00,36463.45
2022-02-16 17:00:00,37939.71
2022-02-16 18:00:00,39185.91
2022-02-16 19:00:00,39455.36
2022-02-16 20:00:00,40376.48
2022-02-16 21:00:00,38409.1
2022-02-16 22:00:00,37375.32
2022-02-16 23:00:00,35446.81
2022-02-17 00:00:00,32870.98
2022-02-17 01:00:00,32677.08
2022-02-17 02:00:00,32236.01
2022-02-17 03:00:00,31937.37
2022-02-17 04:00:00,32474.88
2022-02-17 05:00:00,32897.23
2022-02-17 06:00:00,34094.73
2022-02-17 07:00:00,36085.2
2022-02-17 08:00:00,37204.11
2022-02-17 09:00:00,36433.39
2022-02-17 10:00:00,36244.16
2022-02-17 11:00:00,35039.82
2022-02-17 12:00:00,33593.61
2022-02-17 13:00:00,33553.94
2022-02-17 14:00:00,32958.76
2022-02-17 15:00:00,33563.97
2022-02-17 16:00:00,34510.83
2022-02-17 17:00:00,36012.11
2022-02-17 18:00:00,37052.2
2022-02-17 19:00:00,37819.69
2022-02-17 20:00:00,38829.51
2022-02-17 21:00:00,36982.48
2022-02-17 22:00:00,35396.52
2022-02-17 23:00:00,33440.26
2022-02-18 00:00:00,31164.91
2022-02-18 01:00:00,30609.99
2022-02-18 02:00:00,31228.57
2022-02-18 03:00:00,30696.0
2022-02-18 04:00:00,30247.8
2022-02-18 05:00:00,32134.19
2022-02-18 06:00:00,33162.86
2022-02-18 07:00:00,34307.67
2022-02-18 08:00:00,34623.82
2022-02-18 09:00:00,36415.48
2022-02-18 10:00:00,34341.5
2022-02-18 11:00:00,33055.72
2022-02-18 12:00:00,32939.36
2022-02-18 13:00:00,32858.47
2022-02-18 14:00:00,32478.02
2022-02-18 15:00:00,32751.32
2022-02-18 16:00:00,33866.57
2022-02-18 17:00:00,35446.58
2022-02-18 18:00:00,36897.95
2022-02-18 19:00:00,37674.53
2022-02-18 20:00:00,37616.87
2022-02-18 21:00:00,36622.92
2022-02-18 22:00:00,34902.66
2022-02-18 23:00:00,33575.86
2022-02-19 00:00:00,26621.73
2022-02-19 01:00:00,26951.91
2022-02-19 02:00:00,26320.56
2022-02-19 03:00:00,26054.79
2022-02-19 04:00:00,26680.1
2022-02-19 05:00:00,27905.15
2022-02-19 06:00:00,29081.23
2022-02-19 07:00:00,29663.91
2022-02-19 08:00:00,30857.59
2022-02-19 09:00:00,31675.18
2022-02-19 10:00:00,30349.45
2022-02-19 11:00:00,29598.98
2022-02-19 12:00:00,28980.91
2022-02-19 13:00:00,27974.53
2022-02-19 14:00:00,28371.07
2022-02-19 15:00:00,28388.51
2022-02-19 16:00:00,29642.41
2022-02-19 17:00:00,31298.54
2022-02-19 18:00:00,31955.72
2022-02-19 19:00:00,33515.6
2022-02-19 20:00:00,33373.18
2022-02-19 21:00:00,32762.16
2022-02-19 22:00:00,31355.45
2022-02-19 23:00:00,30447.48
2022-02-20 00:00:00,25719.62
2022-02-20 01:00:00,25313.58
2022-02-20 02:00:00,25206.48
2022-02-20 03:00:00,25138.77
2022-02-20 04:00:00,25122.22
2022-02-20 05:00:00,25855.32
2022-02-20 06:00:00,26833.0
2022-02-20 07:00:00,28186.0
2022-02-20 08:00:00,28832.13
2022-02-20 09:00:00,30047.45
2022-02-20 10:00:00,28369.11
2022-02-20 11:00:00,27590.69
2022-02-20 12:00:00,26726.23
2022-02-20 13:00:00,26819.35
2022-02-20 14:00:00,26391.29
2022-02-20 15:00:00,27384.17
2022-02-20 16:00:00,27606.75
2022-02-20 17:00:00,29146.89
2022-02-20 18:00:00,29955.6
2022-02-20 19:00:00,31750.35
2022-02-20 20:00:00,30561.33
2022-02-20 21:00:00,30288.56
2022-02-20 22:00:00,29156.55
2022-02-20 23:00:00,27819.16
2022-02-21 00:00:00,30887.26
2022-02-21 01:00:00,30595.33
2022-02-21 02:00:00,30236.86
2022-02-21 03:00:00,29854.59
2022-02-21 04:00:00,30381.19
2022-02-21 05:00:00,31662.33
2022-02-21 06:00:00,32150.57
2022-02-21 07:00:00,33448.11
2022-02-21 08:00:00,34949.82
2022-02-21 09:00:00,35970.86
2022-02-21 10:00:00,33969.51
2022-02-21 11:00:00,33593.44
2022-02-21 12:00:00,32518.71
2022-02-21 13:00:00,31119.65
2022-02-21 14:00:00,31457.37
2022-02-21 15:00:00,32341.69
2022-02-21 16:00:00,32694.04
2022-02-21 17:00:00,34193.15
2022-02-21 18:00:00,35491.32
2022-02-21 19:00:00,36227.7
2022-02-21 20:00:00,36302.4
2022-02-21 21:00:00,35106.77
2022-02-21 22:00:00,34008.68
2022-02-21 23:00:00,32173.78
2022-02-22 00:00:00,29715.43
2022-02-22 01:00:00,28767.92
2022-02-22 02:00:00,29002.68
2022-02-22 03:00:00,28860.22
2022-02-22 04:00:00,28009.06
2022-02-22 05:00:00,29686.72
2022-02-22 06:00:00,31450.18
2022-02-22 07:00:00,32190.17
2022-02-22 08:00:00,34266.84
2022-02-22 09:00:00,33933.59
2022-02-22 10:00:00,32744.73
2022-02-22 11:00:00,31766.07
2022-02-22 12:00:00,30921.3
2022-02-22 13:00:00,30166.22
2022-02-22 14:00:00,30308.09
2022-02-22 15:00:00,30349.03
2022-02-22 16:00:00,31826.79
2022-02-22 17:00:00,32754.59
2022-02-22 18:00:00,34687.98
2022-02-22 19:00:00,35348.2
2022-02-22 20:00:00,35406.17
2022-02-22 21:00:00,35156.4
2022-02-22 22:00:00,33624.24
2022-02-22 23:00:00,31960.98
2022-02-23 00:00:00,28617.49
2022-02-23 01:00:00,28630.58
2022-02-23 02:00:00,28804.5
2022-02-23 03:00:00,28176.7
2022-02-23 04:00:00,29144.0
2022-02-23 05:00:00,29386.56
2022-02-23 06:00:00,30849.35
2022-02-23 07:00:00,32336.09
2022-02-23 08:00:00,33628.4
2022-02-23 09:00:00,33703.45
2022-02-23 10:00:00,33278.83
2022-02-23 11:00:00,32229.34
2022-02-23 12:00:00,30628.64
2022-02-23 13:00:00,29919.84
2022-02-23 14:00:00,29790.46
2022-02-23 15:00:00,31229.09
2022-02-23 16:00:00,31826.53
2022-02-23 17:00:00,33004.81
2022-02-23 18:00:00,35433.96
2022-02-23 19:00:00,37168.48
2022-02-23 20:00:00,36351.17
2022-02-23 21:00:00,35763.12
2022-02-23 22:00:00,34070.68
2022-02-23 23:00:00,32564.35
2022-02-24 00:00:00,30222.48
2022-02-24 01:00:00,29586.79
2022-02-24 02:00:00,29463.75
2022-02-24 03:00:00,29270.13
2022-02-24 04:00:00,29165.93
2022-02-24 05:00:00,30697.53
2022-02-24 06:00:00,31852.9
2022-02-24 07:00:00,33339.0
2022-02-24 08:00:00,34952.46
2022-02-24 09:00:00,34645.66
2022-02-24 10:00:00,34260.93
2022-02-24 11:00:00,33124.57
2022-02-24 12:00:00,32526.68
2022-02-24 13:00:00,31800.8
2022-02-24 14:00:00,31675.68
2022-02-24 15:00:00,32587.64
2022-02-24 16:00:00,33944.7
2022-02-24 17:00:00,35190.75
2022-02-24 18:00:00,36527.08
2022-02-24 19:00:00,37047.2
2022-02-24 20:00:00,37172.5
2022-02-24 21:00:00,36533.14
2022-02-24 22:00:00,34974.21
2022-02-24 23:00:00,33651.15
2022-02-25 00:00:00,31008.69
2022-02-25 01:00:00,30928.22
2022-02-25 02:00:00,30363.64
2022-02-25 03:00:00,30307.12
2022-02-25 04:00:00,30360.41
2022-02-25 05:00:00,30553.53
2022-02-25 06:00:00,32434.47
2022-02-25 07:00:00,34354.76
2022-02-25 08:00:00,35093.82
2022-02-25 09:00:00,35871.95
2022-02-25 10:00:00,35436.64
2022-02-25 11:00:00,34150.93
2022-02-25 12:00:00,32614.34
2022-02-25 13:00:00,32643.9
2022-02-25 14:00:00,32168.44
2022-02-25 15:00:00,32559.52
2022-02-25 16:00:00,33563.45
2022-02-25 17:00:00,35153.62
2022-02-25 18:00:00,36595.77
2022-02-25 19:00:00,37718.77
2022-02-25 20:00:00,37699.52
2022-02-25 21:00:00,36685.13
2022-02-25 22:00:00,35331.64
2022-02-25 23:00:00,34072.77
2022-02-26 00:00:00,27506.23
2022-02-26 01:00:00,26394.73
2022-02-26 02:00:00,25667.19
2022-02-26 03:00:00,26627.04
2022-02-26 04:00:00,25960.56
2022-02-26 05:00:00,27122.55
2022-02-26 06:00:00,28093.84
2022-02-26 07:00:00,29285.85
2022-02-26 08:00:00,31055.18
2022-02-26 09:00:00,31231.7
2022-02-26 10:00:00,30069.88
2022-02-26 11:00:00,28307.46
2022-02-26 12:00:00,28092.7
2022-02-26 13:00:00,27905.51
2022-02-26 14:00:00,27231.83
2022-02-26 15:00:00,28296.33
2022-02-26 16:00:00,29187.16
2022-02-26 17:00:00,30693.53
2022-02-26 18:00:00,31825.68
2022-02-26 19:00:00,32259.92
2022-02-26 20:00:00,33008.74
2022-02-26 21:00:00,31696.55
2022-02-26 22:00:00,30426.86
2022-02-26 23:00:00,28781.74
2022-02-27 00:00:00,24706.76
2022-02-27 01:00:00,24326.7
2022-02-27 02:00:00,24265.24
2022-02-27 03:00:00,24702.73
2022-02-27 04:00:00,23776.34
2022-02-27 05:00:00,24427.69
2022-02-27 06:00:00,26748.52
2022-02-27 07:00:00,27507.0
2022-02-27 08:00:00,28262.27
2022-02-27 09:00:00,28987.47
2022-02-27 10:00:00,27799.82
2022-02-27 11:00:00,27702.49
2022-02-27 12:00:00,26471.93
2022-02-27 13:00:00,25623.08
2022-02-27 14:00:00,26571.97
2022-02-27 15:00:00,26096.41
2022-02-27 16:00:00,27505.56
2022-02-27 17:00:00,28603.54
2022-02-27 18:00:00,30203.04
2022-02-27 19:00:00,31099.06
2022-02-27 20:00:00,30598.23
2022-02-27 21:00:00,29586.91
2022-02-27 22:00:00,28829.92
2022-02-27 23:00:00,27238.18
2022-02-28 00:00:00,31507.82
2022-02-28 01:00:00,30628.17
2022-02-28 02:00:00,30125.07
2022-02-28 03:00:00,30096.87
2022-02-28 04:00:00,29796.05
2022-02-28 05:00:00,30872.31
2022-02-28 06:00:00,33191.81
2022-02-28 07:00:00,34227.8
2022-02-28 08:00:00,35250.34
2022-02-28 09:00:00,35999.09
2022-02-28 10:00:00,35517.44
2022-02-28 11:00:00,34232.16
2022-02-28 12:00:00,33350.52
2022-02-28 13:00:00,32228.69
2022-02-28 14:00:00,32050.4
2022-02-28 15:00:00,33696.2
2022-02-28 16:00:00,34221.19
2022-02-28 17:00:00,35791.32
2022-02-28 18:00:00,37880.39
2022-02-28 19:00:00,38602.35
2022-02-28 20:00:00,38616.17
2022-02-28 21:00:00,38319.7
2022-02-28 22:00:00,35895.52
2022-02-28 23:00:00,34986.3
2022-03-01 00:00:00,31972.87
2022-03-01 01:00:00,31813.39
2022-03-01 02:00:00,31912.57
2022-03-01 03:00:00,31316.78
2022-03-01 04:00:00,31541.4
2022-03-01 05:00:00,32648.39
2022-03-01 06:00:00,33676.36
2022-03-01 07:00:00,35164.87
2022-03-01 08:00:00,36217.16
2022-03-01 09:00:00,36051.16
2022-03-01 10:00:00,36709.2
2022-03-01 11:00:00,34437.51
2022-03-01 12:00:00,33720.75
2022-03-01 13:00:00,33143.45
2022-03-01 14:00:00,33350.29
2022-03-01 15:00:00,34096.39
2022-03-01 16:00:00,35218.64
2022-03-01 17:00:00,36199.49
2022-03-01 18:00:00,37820.66
2022-03-01 19:00:00,38907.6
2022-03-01 20:00:00,38706.43
2022-03-01 21:00:00,38395.82
2022-03-01 22:00:00,36497.13
2022-03-01 23:00:00,35055.53
2022-03-02 00:00:00,32255.27
2022-03-02 01:00:00,32131.27
2022-03-02 02:00:00,31372.56
2022-03-02 03:00:00,30546.97
2022-03-02 04:00:00,31284.94
2022-03-02 05:00:00,31767.55
2022-03-02 06:00:00,33272.46
2022-03-02 07:00:00,35248.7
2022-03-02 08:00:00,36533.44
2022-03-02 09:00:00,36197.38
2022-03-02 10:00:00,35482.75
2022-03-02 11:00:00,34740.52
2022-03-02 12:00:00,33141.15
2022-03-02 13:00:00,33348.98
2022-03-02 14:00:00,32580.01
2022-03-02 15:00:00,32277.45
2022-03-02 16:00:00,34209.73
2022-03-02 17:00:00,35513.73
2022-03-02 18:00:00,37258.09
2022-03-02 19:00:00,37925.35
2022-03-02 20:00:00,37582.4
2022-03-02 21:00:00,36201.46
2022-03-02 22:00:00,35011.27
2022-03-02 23:00:00,33225.37
2022-03-03 00:00:00,30516.0
2022-03-03 01:00:00,30594.7
2022-03-03 02:00:00,30537.46
2022-03-03 03:00:00,29761.9
2022-03-03 04:00:00,29332.03
2022-03-03 05:00:00,30742.86
2022-03-03 06:00:00,32457.77
2022-03-03 07:00:00,33404.86
2022-03-03 08:00:00,34624.86
2022-03-03 09:00:00,34767.27
2022-03-03 10:00:00,33676.14
2022-03-03 11:00:00,32955.35
2022-03-03 12:00:00,31609.21
2022-03-03 13:00:00,31194.23
2022-03-03 14:00:00,30698.11
2022-03-03 15:00:00,31388.14
2022-03-03 16:00:00,32870.45
2022-03-03 17:00:00,33948.45
2022-03-03 18:00:00,36139.71
2022-03-03 19:00:00,36311.23
2022-03-03 20:00:00,36506.31
2022-03-03 21:00:00,35791.15
2022-03-03 22:00:00,33463.12
2022-03-03 23:00:00,31824.46
2022-03-04 00:00:00,29149.94
2022-03-04 01:00:00,29841.85
2022-03-04 02:00:00,28819.3
2022-03-04 03:00:00,29628.34
2022-03-04 04:00:00,28713.39
2022-03-04 05:00:00,29864.37
2022-03-04 06:00:00,31844.41
2022-03-04 07:00:00,33640.1
2022-03-04 08:00:00,34767.5
2022-03-04 09:00:00,34614.15
2022-03-04 10:00:00,33793.43
2022-03-04 11:00:00,32474.99
2022-03-04 12:00:00,31517.91
2022-03-04 13:00:00,30502.75
2022-03-04 14:00:00,30424.35
2022-03-04 15:00:00,31294.93
2022-03-04 16:00:00,32364.78
2022-03-04 17:00:00,33777.7
2022-03-04 18:00:00,35685.67
2022-03-04 19:00:00,36739.82
2022-03-04 20:00:00,36458.95
2022-03-04 21:00:00,36026.29
2022-03-04 22:00:00,33646.39
2022-03-04 23:00:00,32499.2
2022-03-05 00:00:00,26017.27
2022-03-05 01:00:00,25395.74
2022-03-05 02:00:00,25707.58
2022-03-05 03:00:00,25474.05
2022-03-05 04:00:00,26226.52
2022-03-05 05:00:00,26720.85
2022-03-05 06:00:00,27484.28
2022-03-05 07:00:00,29944.63
2022-03-05 08:00:00,30710.99
2022-03-05 09:00:00,30625.26
2022-03-05 10:00:00,29684.0
2022-03-05 11:00:00,28404.5
2022-03-05 12:00:00,27712.01
2022-03-05 13:00:00,27738.06
2022-03-05 14:00:00,28025.51
2022-03-05 15:00:00,28413.96
2022-03-05 16:00:00,28685.5
2022-03-05 17:00:00,29782.39
2022-03-05 18:00:00,31532.84
2022-03-05 19:00:00,31694.12
2022-03-05 20:00:00,32425.0
2022-03-05 21:00:00,31428.04
2022-03-05 22:00:00,30002.91
2022-03-05 23:00:00,28277.87
2022-03-06 00:00:00,24795.41
2022-03-06 01:00:00,24194.31
2022-03-06 02:00:00,23647.43
2022-03-06 03:00:00,22812.29
2022-03-06 04:00:00,23939.69
2022-03-06 05:00:00,25280.39
2022-03-06 06:00:00,26453.56
2022-03-06 07:00:00,27025.62
2022-03-06 08:00:00,27853.86
2022-03-06 09:00:00,28314.67
2022-03-06 10:00:00,27144.43
2022-03-06 11:00:00,26602.23
2022-03-06 12:00:00,25883.38
2022-03-06 13:00:00,25547.56
2022-03-06 14:00:00,25046.27
2022-03-06 15:00:00,25438.19
2022-03-06 16:00:00,26072.94
2022-03-06 17:00:00,27273.94
2022-03-06 18:00:00,28659.83
2022-03-06 19:00:00,29597.04
2022-03-06 20:00:00,29744.28
2022-03-06 21:00:00,28326.07
2022-03-06 22:00:00,27864.72
2022-03-06 23:00:00,25968.53
2022-03-07 00:00:00,28984.32
2022-03-07 01:00:00,28399.2
2022-03-07 02:00:00,27374.74
2022-03-07 03:00:00,28200.44
2022-03-07 04:00:00,28271.6
2022-03-07 05:00:00,28746.61
2022-03-07 06:00:00,30313.81
2022-03-07 07:00:00,32042.78
2022-03-07 08:00:00,32360.24
2022-03-07 09:00:00,32802.78
2022-03-07 10:00:00,32444.16
2022-03-07 11:00:00,30493.34
2022-03-07 12:00:00,29945.93
2022-03-07 13:00:00,28751.19
2022-03-07 14:00:00,29336.84
2022-03-07 15:00:00,29679.25
2022-03-07 16:00:00,30187.85
2022-03-07 17:00:00,32606.72
2022-03-07 18:00:00,33382.47
2022-03-07 19:00:00,34255.69
2022-03-07 20:00:00,34569.72
2022-03-07 21:00:00,33922.15
2022-03-07 22:00:00,31642.91
2022-03-07 23:00:00,30484.81
2022-03-08 00:00:00,27851.05
2022-03-08 01:00:00,27643.6
2022-03-08 02:00:00,27059.66
2022-03-08 03:00:00,26574.83
2022-03-08 04:00:00,26576.99
2022-03-08 05:00:00,27771.81
2022-03-08 06:00:00,28858.2
2022-03-08 07:00:00,29832.04
2022-03-08 08:00:00,32104.06
2022-03-08 09:00:00,32402.71
2022-03-08 10:00:00,30494.08
2022-03-08 11:00:00,29792.55
2022-03-08 12:00:00,29334.13
2022-03-08 13:00:00,29282.78
2022-03-08 14:00:00,28581.55
2022-03-08 15:00:00,28903.03
2022-03-08 16:00:00,30221.89
2022-03-08 17:00:00,32280.69
2022-03-08 18:00:00,33082.42
2022-03-08 19:00:00,33997.62
2022-03-08 20:00:00,34138.16
2022-03-08 21:00:00,33063.83
2022-03-08 22:00:00,31988.53
2022-03-08 23:00:00,31048.59
2022-03-09 00:00:00,27902.85
2022-03-09 01:00:00,27470.07
2022-03-09 02:00:00,27120.93
2022-03-09 03:00:00,26448.09
2022-03-09 04:00:00,27533.21
2022-03-09 05:00:00,28136.06
2022-03-09 06:00:00,29654.52
2022-03-09 07:00:00,32517.17
2022-03-09 08:00:00,32659.79
2022-03-09 09:00:00,32483.96
2022-03-09 10:00:00,31887.15
2022-03-09 11:00:00,31315.29
2022-03-09 12:00:00,29973.97
2022-03-09 13:00:00,28922.98
2022-03-09 14:00:00,29803.71
2022-03-09 15:00:00,29872.72
2022-03-09 16:00:00,31928.25
2022-03-09 17:00:00,33199.0
2022-03-09 18:00:00,34204.98
2022-03-09 19:00:00,35806.95
2022-03-09 20:00:00,35436.94
2022-03-09 21:00:00,34823.39
2022-03-09 22:00:00,33260.53
2022-03-09 23:00:00,31343.34
2022-03-10 00:00:00,28737.88
2022-03-10 01:00:00,29099.45
2022-03-10 02:00:00,28290.11
2022-03-10 03:00:00,28038.27
2022-03-10 04:00:00,28070.77
2022-03-10 05:00:00,29485.62
2022-03-10 06:00:00,31603.32
2022-03-10 07:00:00,32176.01
2022-03-10 08:00:00,33696.79
2022-03-10 09:00:00,34354.25
2022-03-10 10:00:00,33098.07
2022-03-10 11:00:00,32134.9
2022-03-10 12:00:00,30596.49
2022-03-10 13:00:00,30578.26
2022-03-10 14:00:00,30383.78
2022-03-10 15:00:00,31381.69
2022-03-10 16:00:00,32578.76
2022-03-10 17:00:00,34576.15
2022-03-10 18:00:00,35369.45
2022-03-10 19:00:00,36231.99
2022-03-10 20:00:00,36193.24
2022-03-10 21:00:00,35064.45
2022-03-10 22:00:00,33822.28
2022-03-10 23:00:00,32097.76
2022-03-11 00:00:00,29534.39
2022-03-11 01:00:00,29659.38
2022-03-11 02:00:00,28460.66
2022-03-11 03:00:00,28930.23
2022-03-11 04:00:00,29163.68
2022-03-11 05:00:00,29539.61
2022-03-11 06:00:00,30328.56
2022-03-11 07:00:00,32473.33
2022-03-11 08:00:00,34225.97
2022-03-11 09:00:00,33883.8
2022-03-11 10:00:00,32757.18
2022-03-11 11:00:00,31731.24
2022-03-11 12:00:00,31145.65
2022-03-11 13:00:00,30456.14
2022-03-11 14:00:00,30157.16
2022-03-11 15:00:00,30656.79
2022-03-11 16:00:00,31733.59
2022-03-11 17:00:00,33015.76
2022-03-11 18:00:00,35364.37
2022-03-11 19:00:00,35603.67
2022-03-11 20:00:00,36118.44
2022-03-11 21:00:00,35259.2
2022-03-11 22:00:00,33566.18
2022-03-11 23:00:00,31540.26
2022-03-12 00:00:00,25616.3
2022-03-12 01:00:00,25207.9
2022-03-12 02:00:00,24549.13
2022-03-12 03:00:00,24721.98
2022-03-12 04:00:00,24340.39
2022-03-12 05:00:00,25938.25
2022-03-12 06:00:00,26670.92
2022-03-12 07:00:00,28327.45
2022-03-12 08:00:00,29317.16
2022-03-12 09:00:00,29241.01
2022-03-12 10:00:00,28857.33
2022-03-12 11:00:00,27444.51
2022-03-12 12:00:00,27002.62
2022-03-12 13:00:00,25729.68
2022-03-12 14:00:00,26245.89
2022-03-12 15:00:00,27383.91
2022-03-12 16:00:00,27337.51
2022-03-12 17:00:00,28771.62
2022-03-12 18:00:00,30505.58
2022-03-12 19:00:00,31229.89
2022-03-12 20:00:00,31304.6
2022-03-12 21:00:00,30541.22
2022-03-12 22:00:00,29303.13
2022-03-12 23:00:00,28168.39
2022-03-13 00:00:00,23823.03
2022-03-13 01:00:00,23395.44
2022-03-13 02:00:00,23430.68
2022-03-13 03:00:00,23664.19
2022-03-13 04:00:00,23131.78
2022-03-13 05:00:00,23599.05
2022-03-13 06:00:00,25594.61
2022-03-13 07:00:00,26537.21
2022-03-13 08:00:00,26760.3
2022-03-13 09:00:00,27969.18
2022-03-13 10:00:00,26897.75
2022-03-13 11:00:00,26128.69
2022-03-13 12:00:00,25470.81
2022-03-13 13:00:00,25002.7
2022-03-13 14:00:00,25228.79
2022-03-13 15:00:00,25340.03
2022-03-13 16:00:00,26628.95
2022-03-13 17:00:00,27629.95
2022-03-13 18:00:00,29245.36
2022-03-13 19:00:00,30023.45
2022-03-13 20:00:00,29530.13
2022-03-13 21:00:00,29514.91
2022-03-13 22:00:00,27777.94
2022-03-13 23:00:00,27065.83
2022-03-14 00:00:00,30136.82
2022-03-14 01:00:00,30438.89
2022-03-14 02:00:00,29398.11
2022-03-14 03:00:00,29139.79
2022-03-14 04:00:00,29495.19
2022-03-14 05:00:00,30343.48
2022-03-14 06:00:00,32289.78
2022-03-14 07:00:00,33129.22
2022-03-14 08:00:00,34482.4
2022-03-14 09:00:00,34667.35
2022-03-14 10:00:00,34658.43
2022-03-14 11:00:00,33794.39
2022-03-14 12:00:00,32170.48
2022-03-14 13:00:00,31627.87
2022-03-14 14:00:00,31752.48
2022-03-14 15:00:00,32742.22
2022-03-14 16:00:00,33157.66
2022-03-14 17:00:00,35092.39
2022-03-14 18:00:00,36866.95
2022-03-14 19:00:00,37672.0
2022-03-14 20:00:00,37589.4
2022-03-14 21:00:00,36954.97
2022-03-14 22:00:00,34192.31
2022-03-14 23:00:00,33890.42
2022-03-15 00:00:00,30727.31
2022-03-15 01:00:00,30053.96
2022-03-15 02:00:00,30502.98
2022-03-15 03:00:00,30536.69
2022-03-15 04:00:00,30191.54
2022-03-15 05:00:00,31462.43
2022-03-15 06:00:00,33193.12
2022-03-15 07:00:00,34712.05
2022-03-15 08:00:00,35918.35
2022-03-15 09:00:00,35728.83
2022-03-15 10:00:00,34713.82
2022-03-15 11:00:00,32929.12
2022-03-15 12:00:00,32346.75
2022-03-15 13:00:00,31548.7
2022-03-15 14:00:00,32575.29
2022-03-15 15:00:00,32291.86
2022-03-15 16:00:00,33473.56
2022-03-15 17:00:00,35080.7
2022-03-15 18:00:00,36350.5
2022-03-15 19:00:00,37830.97
2022-03-15 20:00:00,36978.47
2022-03-15 21:00:00,36279.31
2022-03-15 22:00:00,34419.6
2022-03-15 23:00:00,32667.98
2022-03-16 00:00:00,30159.36
2022-03-16 01:00:00,30038.06
2022-03-16 02:00:00,29471.15
2022-03-16 03:00:00,29054.01
2022-03-16 04:00:00,28933.23
2022-03-16 05:00:00,30233.37
2022-03-16 06:00:00,31186.0
2022-03-16 07:00:00,33554.66
2022-03-16 08:00:00,34365.83
2022-03-16 09:00:00,33910.29
2022-03-16 10:00:00,33492.31
2022-03-16 11:00:00,32104.6
2022-03-16 12:00:00,31390.78
2022-03-16 13:00:00,31130.66
2022-03-16 14:00:00,29951.66
2022-03-16 15:00:00,31164.47
2022-03-16 16:00:00,32126.94
2022-03-16 17:00:00,33860.47
2022-03-16 18:00:00,35136.48
2022-03-16 19:00:00,35693.48
2022-03-16 20:00:00,35799.58
2022-03-16 21:00:00,34646.85
2022-03-16 22:00:00,33773.24
2022-03-16 23:00:00,31860.98
2022-03-17 00:00:00,29775.26
2022-03-17 01:00:00,28779.3
2022-03-17 02:00:00,28139.38
2022-03-17 03:00:00,27552.08
2022-03-17 04:00:00,27602.58
2022-03-17 05:00:00,28541.96
2022-03-17 06:00:00,30668.7
2022-03-17 07:00:00,32360.61
2022-03-17 08:00:00,32711.47
2022-03-17 09:00:00,33698.1
2022-03-17 10:00:00,32434.71
2022-03-17 11:00:00,31463.5
2022-03-17 12:00:00,30930.66
2022-03-17 13:00:00,30107.62
2022-03-17 14:00:00,29692.8
2022-03-17 15:00:00,30039.2
2022-03-17 16:00:00,30706.17
2022-03-17 17:00:00,32700.64
2022-03-17 18:00:00,34366.27
2022-03-17 19:00:00,35041.66
2022-03-17 20:00:00,35348.55
2022-03-17 21:00:00,34488.67
2022-03-17 22:00:00,32907.47
2022-03-17 23:00:00,31268.71
2022-03-18 00:00:00,28867.49
2022-03-18 01:00:00,28706.25
2022-03-18 02:00:00,27808.51
2022-03-18 03:00:00,28429.47
2022-03-18 04:00:00,28102.83
2022-03-18 05:00:00,29055.33
2022-03-18 06:00:00,30822.67
2022-03-18 07:00:00,32309.46
2022-03-18 08:00:00,33687.69
2022-03-18 09:00:00,33616.55
2022-03-18 10:00:00,32560.59
2022-03-18 11:00:00,31747.53
2022-03-18 12:00:00,30210.32
2022-03-18 13:00:00,30108.83
2022-03-18 14:00:00,30082.49
2022-03-18 15:00:00,30613.11
2022-03-18 16:00:00,31773.8
2022-03-18 17:00:00,32674.91
2022-03-18 18:00:00,34648.03
2022-03-18 19:00:00,35835.19
2022-03-18 20:00:00,35878.41
2022-03-18 21:00:00,34539.31
2022-03-18 22:00:00,33872.37
2022-03-18 23:00:00,31638.98
2022-03-19 00:00:00,26085.31
2022-03-19 01:00:00,25666.06
2022-03-19 02:00:00,24966.01
2022-03-19 03:00:00,25580.39
2022-03-19 04:00:00,24706.71
2022-03-19 05:00:00,26233.37
2022-03-19 06:00:00,27587.18
2022-03-19 07:00:00,28436.59
2022-03-19 08:00:00,30126.79
2022-03-19 09:00:00,29668.88
2022-03-19 10:00:00,29177.21
2022-03-19 11:00:00,28121.37
2022-03-19 12:00:00,27061.38
2022-03-19 13:00:00,26882.23
2022-03-19 14:00:00,26859.69
2022-03-19 15:00:00,26451.88
2022-03-19 16:00:00,28476.56
2022-03-19 17:00:00,28728.77
2022-03-19 18:00:00,30953.87
2022-03-19 19:00:00,31788.65
2022-03-19 20:00:00,30983.38
2022-03-19 21:00:00,30361.24
2022-03-19 22:00:00,28776.35
2022-03-19 23:00:00,27730.22
2022-03-20 00:00:00,23555.99
2022-03-20 01:00:00,23676.22
2022-03-20 02:00:00,23512.88
2022-03-20 03:00:00,23278.66
2022-03-20 04:00:00,22700.89
2022-03-20 05:00:00,23511.55
2022-03-20 06:00:00,24184.61
2022-03-20 07:00:00,25783.03
2022-03-20 08:00:00,27260.44
2022-03-20 09:00:00,27553.68
2022-03-20 10:00:00,25879.97
2022-03-20 11:00:00,25088.92
2022-03-20 12:00:00,24388.33
2022-03-20 13:00:00,23982.32
2022-03-20 14:00:00,23549.12
2022-03-20 15:00:00,24395.36
2022-03-20 16:00:00,24939.45
2022-03-20 17:00:00,26272.32
2022-03-20 18:00:00,27634.7
2022-03-20 19:00:00,28166.9
2022-03-20 20:00:00,27961.22
2022-03-20 21:00:00,27252.98
2022-03-20 22:00:00,25991.73
2022-03-20 23:00:00,24612.02
2022-03-21 00:00:00,27330.21
2022-03-21 01:00:00,27650.16
2022-03-21 02:00:00,26852.23
2022-03-21 03:00:00,26224.9
2022-03-21 04:00:00,26701.38
2022-03-21 05:00:00,27180.21
2022-03-21 06:00:00,29162.95
2022-03-21 07:00:00,30465.32
2022-03-21 08:00:00,31356.77
2022-03-21 09:00:00,31646.95
2022-03-21 10:00:00,30135.37
2022-03-21 11:00:00,29075.24
2022-03-21 12:00:00,27982.32
2022-03-21 13:00:00,27854.2
2022-03-21 14:00:00,28380.66
2022-03-21 15:00:00,29097.15
2022-03-21 16:00:00,29625.9
2022-03-21 17:00:00,31049.86
2022-03-21 18:00:00,31711.81
2022-03-21 19:00:00,33079.97
2022-03-21 20:00:00,32983.26
2022-03-21 21:00:00,32091.88
2022-03-21 22:00:00,30758.87
2022-03-21 23:00:00,29148.01
2022-03-22 00:00:00,25931.45
2022-03-22 01:00:00,26617.51
2022-03-22 02:00:00,25608.89
2022-03-22 03:00:00,25805.29
2022-03-22 04:00:00,26642.66
2022-03-22 05:00:00,26501.66
2022-03-22 06:00:00,27461.14
2022-03-22 07:00:00,29898.88
2022-03-22 08:00:00,31511.81
2022-03-22 09:00:00,31977.18
2022-03-22 10:00:00,30125.77
2022-03-22 11:00:00,29583.66
2022-03-22 12:00:00,28246.45
2022-03-22 13:00:00,27844.55
2022-03-22 14:00:00,28844.84
2022-03-22 15:00:00,28001.81
2022-03-22 16:00:00,29768.51
2022-03-22 17:00:00,31379.49
2022-03-22 18:00:00,33126.0
2022-03-22 19:00:00,33768.85
2022-03-22 20:00:00,33890.41
2022-03-22 21:00:00,32752.6
2022-03-22 22:00:00,31547.08
2022-03-22 23:00:00,29880.57
2022-03-23 00:00:00,27581.81
2022-03-23 01:00:00,27013.53
2022-03-23 02:00:00,26947.78
2022-03-23 03:00:00,26584.14
2022-03-23 04:00:00,27222.03
2022-03-23 05:00:00,27751.88
2022-03-23 06:00:00,28704.61
2022-03-23 07:00:00,31447.82
2022-03-23 08:00:00,31842.01
2022-03-23 09:00:00,32117.44
2022-03-23 10:00:00,31420.63
2022-03-23 11:00:00,30978.88
2022-03-23 12:00:00,28761.33
2022-03-23 13:00:00,30087.32
2022-03-23 14:00:00,29400.87
2022-03-23 15:00:00,29718.87
2022-03-23 16:00:00,30770.84
2022-03-23 17:00:00,32420.13
2022-03-23 18:00:00,34023.39
2022-03-23 19:00:00,35042.71
2022-03-23 20:00:00,35043.44
2022-03-23 21:00:00,33968.28
2022-03-23 22:00:00,32408.85
2022-03-23 23:00:00,30947.58
2022-03-24 00:00:00,28270.6
2022-03-24 01:00:00,28483.45
2022-03-24 02:00:00,27933.85
2022-03-24 03:00:00,26439.65
2022-03-24 04:00:00,27893.65
2022-03-24 05:00:00,28633.79
2022-03-24 06:00:00,30071.99
2022-03-24 07:00:00,31579.27
2022-03-24 08:00:00,33215.65
2022-03-24 09:00:00,33293.69
2022-03-24 10:00:00,31925.7
2022-03-24 11:00:00,31157.58
2022-03-24 12:00:00,29635.3
2022-03-24 13:00:00,28921.36
2022-03-24 14:00:00,29175.05
2022-03-24 15:00:00,30253.43
2022-03-24 16:00:00,31382.1
2022-03-24 17:00:00,32705.87
2022-03-24 18:00:00,34248.82
2022-03-24 19:00:00,35099.99
2022-03-24 20:00:00,34675.98
2022-03-24 21:00:00,34089.56
2022-03-24 22:00:00,32710.5
2022-03-24 23:00:00,31169.19
2022-03-25 00:00:00,28615.98
2022-03-25 01:00:00,28150.82
2022-03-25 02:00:00,27622.4
2022-03-25 03:00:00,27575.55
2022-03-25 04:00:00,27348.02
2022-03-25 05:00:00,27913.45
2022-03-25 06:00:00,29643.55
2022-03-25 07:00:00,31044.75
2022-03-25 08:00:00,32146.87
2022-03-25 09:00:00,32445.95
2022-03-25 10:00:00,31429.69
2022-03-25 11:00:00,30397.46
2022-03-25 12:00:00,28785.07
2022-03-25 13:00:00,28936.78
2022-03-25 14:00:00,28841.32
2022-03-25 15:00:00,29103.92
2022-03-25 16:00:00,30712.6
2022-03-25 17:00:00,32286.15
2022-03-25 18:00:00,32865.75
2022-03-25 19:00:00,34090.69
2022-03-25 20:00:00,34077.85
2022-03-25 21:00:00,33067.5
2022-03-25 22:00:00,32193.53
2022-03-25 23:00:00,30328.18
2022-03-26 00:00:00,24296.19
2022-03-26 01:00:00,23447.41
2022-03-26 02:00:00,24040.02
2022-03-26 03:00:00,23147.84
2022-03-26 04:00:00,23769.14
2022-03-26 05:00:00,24637.69
2022-03-26 06:00:00,26351.65
2022-03-26 07:00:00,26865.5
2022-03-26 08:00:00,27253.11
2022-03-26 09:00:00,28513.94
2022-03-26 10:00:00,28426.73
2022-03-26 11:00:00,27215.97
2022-03-26 12:00:00,25970.09
2022-03-26 13:00:00,25255.47
2022-03-26 14:00:00,25738.82
2022-03-26 15:00:00,25647.22
2022-03-26 16:00:00,27165.02
2022-03-26 17:00:00,28524.32
2022-03-26 18:00:00,30063.09
2022-03-26 19:00:00,31526.65
2022-03-26 20:00:00,30740.01
2022-03-26 21:00:00,29639.25
2022-03-26 22:00:00,28545.44
2022-03-26 23:00:00,26659.62
2022-03-27 00:00:00,23025.83
2022-03-27 01:00:00,22948.24
2022-03-27 02:00:00,22644.84
2022-03-27 03:00:00,22706.01
2022-03-27 04:00:00,22563.32
2022-03-27 05:00:00,24023.91
2022-03-27 06:00:00,24915.98
2022-03-27 07:00:00,26301.05
2022-03-27 08:00:00,27145.91
2022-03-27 09:00:00,27480.54
2022-03-27 10:00:00,27139.93
2022-03-27 11:00:00,25633.94
2022-03-27 12:00:00,24910.97
2022-03-27 13:00:00,24624.63
2022-03-27 14:00:00,24311.08
2022-03-27 15:00:00,25012.65
2022-03-27 16:00:00,26093.41
2022-03-27 17:00:00,27839.82
2022-03-27 18:00:00,28892.43
2022-03-27 19:00:00,29688.82
2022-03-27 20:00:00,29966.07
2022-03-27 21:00:00,28893.68
2022-03-27 22:00:00,27903.85
2022-03-27 23:00:00,26541.79
2022-03-28 00:00:00,29881.3
2022-03-28 01:00:00,29359.97
2022-03-28 02:00:00,28377.69
2022-03-28 03:00:00,28954.9
2022-03-28 04:00:00,29723.08
2022-03-28 05:00:00,30478.64
2022-03-28 06:00:00,32032.82
2022-03-28 07:00:00,33791.54
2022-03-28 08:00:00,34523.68
2022-03-28 09:00:00,34727.82
2022-03-28 10:00:00,33702.36
2022-03-28 11:00:00,32651.68
2022-03-28 12:00:00,31962.1
2022-03-28 13:00:00,31619.84
2022-03-28 14:00:00,31161.83
2022-03-28 15:00:00,31631.08
2022-03-28 16:00:00,32905.29
2022-03-28 17:00:00,34611.51
2022-03-28 18:00:00,35381.23
2022-03-28 19:00:00,36022.4
2022-03-28 20:00:00,36628.1
2022-03-28 21:00:00,35443.28
2022-03-28 22:00:00,34194.7
2022-03-28 23:00:00,32803.84
2022-03-29 00:00:00,30008.22
2022-03-29 01:00:00,30382.5
2022-03-29 02:00:00,29587.12
2022-03-29 03:00:00,29279.56
2022-03-29 04:00:00,29546.32
2022-03-29 05:00:00,29790.38
2022-03-29 06:00:00,32024.55
2022-03-29 07:00:00,33230.25
2022-03-29 08:00:00,34557.9
2022-03-29 09:00:00,34047.83
2022-03-29 10:00:00,33073.72
2022-03-29 11:00:00,32683.68
2022-03-29 12:00:00,31451.06
2022-03-29 13:00:00,30394.82
2022-03-29 14:00:00,30359.52
2022-03-29 15:00:00,31579.05
2022-03-29 16:00:00,31830.77
2022-03-29 17:00:00,34265.78
2022-03-29 18:00:00,34811.44
2022-03-29 19:00:00,36242.54
2022-03-29 20:00:00,35854.55
2022-03-29 21:00:00,35189.04
2022-03-29 22:00:00,33251.14
2022-03-29 23:00:00,31832.35
2022-03-30 00:00:00,29185.32
2022-03-30 01:00:00,28498.71
2022-03-30 02:00:00,28681.92
2022-03-30 03:00:00,27922.57
2022-03-30 04:00:00,28157.71
2022-03-30 05:00:00,28734.95
2022-03-30 06:00:00,29646.36
2022-03-30 07:00:00,32064.06
2022-03-30 08:00:00,34037.12
2022-03-30 09:00:00,33565.88
2022-03-30 10:00:00,32481.35
2022-03-30 11:00:00,31181.65
2022-03-30 12:00:00,30212.48
2022-03-30 13:00:00,29799.71
2022-03-30 14:00:00,29163.91
2022-03-30 15:00:00,30507.23
2022-03-30 16:00:00,31451.34
2022-03-30 17:00:00,32920.91
2022-03-30 18:00:00,34286.47
2022-03-30 19:00:00,35062.69
2022-03-30 20:00:00,35274.76
2022-03-30 21:00:00,34290.19
2022-03-30 22:00:00,32460.53
2022-03-30 23:00:00,30871.32
2022-03-31 00:00:00,28433.68
2022-03-31 01:00:00,28662.36
2022-03-31 02:00:00,27305.02
2022-03-31 03:00:00,26951.45
2022-03-31 04:00:00,27706.36
2022-03-31 05:00:00,28560.95
2022-03-31 06:00:00,30114.1
2022-03-31 07:00:00,31777.34
2022-03-31 08:00:00,32726.92
2022-03-31 09:00:00,33476.65
2022-03-31 10:00:00,31643.41
2022-03-31 11:00:00,30750.95
2022-03-31 12:00:00,29987.07
2022-03-31 13:00:00,28902.53
2022-03-31 14:00:00,29435.23
2022-03-31 15:00:00,30667.59
2022-03-31 16:00:00,31225.35
2022-03-31 17:00:00,32814.33
2022-03-31 18:00:00,33801.52
2022-03-31 19:00:00,34993.6
2022-03-31 20:00:00,35103.58
2022-03-31 21:00:00,34207.7
2022-03-31 22:00:00,33306.97
2022-03-31 23:00:00,31577.08
2022-04-01 00:00:00,28354.63
2022-04-01 01:00:00,28583.05
2022-04-01 02:00:00,28317.97
2022-04-01 03:00:00,28294.57
2022-04-01 04:00:00,28655.01
2022-04-01 05:00:00,28660.71
2022-04-01 06:00:00,30259.19
2022-04-01 07:00:00,31754.94
2022-04-01 08:00:00,33236.68
2022-04-01 09:00:00,33639.16
2022-04-01 10:00:00,33073.95
2022-04-01 11:00:00,31539.62
2022-04-01 12:00:00,30433.87
2022-04-01 13:00:00,30047.38
2022-04-01 14:00:00,29711.8
2022-04-01 15:00:00,31312.16
2022-04-01 16:00:00,31134.27
2022-04-01 17:00:00,33258.12
2022-04-01 18:00:00,35388.5
2022-04-01 19:00:00,35624.07
2022-04-01 20:00:00,35552.44
2022-04-01 21:00:00,34546.6
2022-04-01 22:00:00,33113.98
2022-04-01 23:00:00,32144.3
2022-04-02 00:00:00,24735.66
2022-04-02 01:00:00,25792.39
2022-04-02 02:00:00,24407.56
2022-04-02 03:00:00,24553.43
2022-04-02 04:00:00,24635.39
2022-04-02 05:00:00,25751.74
2022-04-02 06:00:00,26284.28
2022-04-02 07:00:00,28412.0
2022-04-02 08:00:00,29898.96
2022-04-02 09:00:00,28802.31
2022-04-02 10:00:00,28637.59
2022-04-02 11:00:00,27265.68
2022-04-02 12:00:00,26696.85
2022-04-02 13:00:00,26017.12
2022-04-02 14:00:00,25742.36
2022-04-02 15:00:00,26592.94
2022-04-02 16:00:00,27983.85
2022-04-02 17:00:00,28550.73
2022-04-02 18:00:00,30126.64
2022-04-02 19:00:00,30200.06
2022-04-02 20:00:00,30265.92
2022-04-02 21:00:00,29883.85
2022-04-02 22:00:00,28875.34
2022-04-02 23:00:00,27102.65
2022-04-03 00:00:00,22795.78
2022-04-03 01:00:00,22628.45
2022-04-03 02:00:00,21827.02
2022-04-03 03:00:00,22198.44
2022-04-03 04:00:00,22390.76
2022-04-03 05:00:00,22599.81
2022-04-03 06:00:00,23772.93
2022-04-03 07:00:00,25313.56
2022-04-03 08:00:00,25918.55
2022-04-03 09:00:00,26108.46
2022-04-03 10:00:00,26186.5
2022-04-03 11:00:00,24347.15
2022-04-03 12:00:00,23408.72
2022-04-03 13:00:00,22794.95
2022-04-03 14:00:00,23232.55
2022-04-03 15:00:00,23326.89
2022-04-03 16:00:00,24026.68
2022-04-03 17:00:00,25895.25
2022-04-03 18:00:00,27103.99
2022-04-03 19:00:00,27127.77
2022-04-03 20:00:00,26644.96
2022-04-03 21:00:00,26840.65
2022-04-03 22:00:00,24993.42
2022-04-03 23:00:00,24243.6
2022-04-04 00:00:00,25841.84
2022-04-04 01:00:00,26534.79
2022-04-04 02:00:00,25386.25
2022-04-04 03:00:00,25762.13
2022-04-04 04:00:00,25665.44
2022-04-04 05:00:00,26192.25
2022-04-04 06:00:00,27866.06
2022-04-04 07:00:00,29860.35
2022-04-04 08:00:00,30744.43
2022-04-04 09:00:00,31037.41
2022-04-04 10:00:00,30749.77
2022-04-04 11:00:00,28325.72
2022-04-04 12:00:00,28400.98
2022-04-04 13:00:00,27306.95
2022-04-04 14:00:00,26957.67
2022-04-04 15:00:00,27380.37
2022-04-04 16:00:00,28898.0
2022-04-04 17:00:00,30790.46
2022-04-04 18:00:00,31922.35
2022-04-04 19:00:00,33454.8
2022-04-04 20:00:00,32437.81
2022-04-04 21:00:00,32021.9
2022-04-04 22:00:00,30125.92
2022-04-04 23:00:00,29215.9
2022-04-05 00:00:00,26772.78
2022-04-05 01:00:00,26073.74
2022-04-05 02:00:00,24964.22
2022-04-05 03:00:00,25707.5
2022-04-05 04:00:00,26009.67
2022-04-05 05:00:00,26927.55
2022-04-05 06:00:00,28763.02
2022-04-05 07:00:00,29627.61
2022-04-05 08:00:00,31386.31
2022-04-05 09:00:00,31747.61
2022-04-05 10:00:00,29987.19
2022-04-05 11:00:00,29588.73
2022-04-05 12:00:00,28311.63
2022-04-05 13:00:00,27941.89
2022-04-05 14:00:00,28138.04
2022-04-05 15:00:00,28460.79
2022-04-05 16:00:00,29551.29
2022-04-05 17:00:00,31338.61
2022-04-05 18:00:00,32477.22
2022-04-05 19:00:00,33465.37
2022-04-05 20:00:00,34128.46
2022-04-05 21:00:00,32591.07
2022-04-05 22:00:00,31783.13
2022-04-05 23:00:00,30251.39
2022-04-06 00:00:00,26873.01
2022-04-06 01:00:00,27006.77
2022-04-06 02:00:00,27321.31
2022-04-06 03:00:00,26323.44
2022-04-06 04:00:00,26721.13
2022-04-06 05:00:00,27969.09
2022-04-06 06:00:00,29617.12
2022-04-06 07:00:00,30914.7
2022-04-06 08:00:00,31923.97
2022-04-06 09:00:00,32794.4
2022-04-06 10:00:00,32163.07
2022-04-06 11:00:00,30739.69
2022-04-06 12:00:00,29410.84
2022-04-06 13:00:00,28550.37
2022-04-06 14:00:00,28555.9
2022-04-06 15:00:00,29609.33
2022-04-06 16:00:00,30692.0
2022-04-06 17:00:00,32535.5
2022-04-06 18:00:00,33762.24
2022-04-06 19:00:00,33952.89
2022-04-06 20:00:00,34847.53
2022-04-06 21:00:00,33186.16
2022-04-06 22:00:00,31910.26
2022-04-06 23:00:00,30623.12
2022-04-07 00:00:00,28574.08
2022-04-07 01:00:00,28680.71
2022-04-07 02:00:00,27413.32
2022-04-07 03:00:00,26849.31
2022-04-07 04:00:00,27266.22
2022-04-07 05:00:00,28262.52
2022-04-07 06:00:00,29324.49
2022-04-07 07:00:00,31674.67
2022-04-07 08:00:00,32207.75
2022-04-07 09:00:00,32416.31
2022-04-07 10:00:00,31685.55
2022-04-07 11:00:00,30396.43
2022-04-07 12:00:00,29481.6
2022-04-07 13:00:00,28381.04
2022-04-07 14:00:00,28373.6
2022-04-07 15:00:00,28724.43
2022-04-07 16:00:00,30345.11
2022-04-07 17:00:00,31928.24
2022-04-07 18:00:00,33272.83
2022-04-07 19:00:00,34612.96
2022-04-07 20:00:00,33997.86
2022-04-07 21:00:00,33265.33
2022-04-07 22:00:00,31136.53
2022-04-07 23:00:00,29855.2
2022-04-08 00:00:00,27560.38
2022-04-08 01:00:00,27318.1
2022-04-08 02:00:00,26517.28
2022-04-08 03:00:00,26301.33
2022-04-08 04:00:00,25957.88
2022-04-08 05:00:00,27237.21
2022-04-08 06:00:00,29162.34
2022-04-08 07:00:00,30668.62
2022-04-08 08:00:00,31733.7
2022-04-08 09:00:00,31704.34
2022-04-08 10:00:00,30916.62
2022-04-08 11:00:00,29499.5
2022-04-08 12:00:00,28937.54
2022-04-08 13:00:00,28275.73
2022-04-08 14:00:00,28301.88
2022-04-08 15:00:00,28518.34
2022-04-08 16:00:00,29065.72
2022-04-08 17:00:00,31705.6
2022-04-08 18:00:00,32651.5
2022-04-08 19:00:00,33474.38
2022-04-08 20:00:00,34037.33
2022-04-08 21:00:00,32736.41
2022-04-08 22:00:00,31781.55
2022-04-08 23:00:00,30150.08
2022-04-09 00:00:00,24276.96
2022-04-09 01:00:00,23347.34
2022-04-09 02:00:00,23946.37
2022-04-09 03:00:00,23405.59
2022-04-09 04:00:00,23379.48
2022-04-09 05:00:00,24379.27
2022-04-09 06:00:00,25069.93
2022-04-09 07:00:00,27310.24
2022-04-09 08:00:00,27820.34
2022-04-09 09:00:00,27873.43
2022-04-09 10:00:00,27187.03
2022-04-09 11:00:00,27120.47
2022-04-09 12:00:00,25649.82
2022-04-09 13:00:00,25961.53
2022-04-09 14:00:00,25288.93
2022-04-09 15:00:00,25432.5
2022-04-09 16:00:00,26670.55
2022-04-09 17:00:00,28862.78
2022-04-09 18:00:00,29738.91
2022-04-09 19:00:00,30487.71
2022-04-09 20:00:00,30793.58
2022-04-09 21:00:00,30142.62
2022-04-09 22:00:00,29108.39
2022-04-09 23:00:00,27960.52
2022-04-10 00:00:00,23341.03
2022-04-10 01:00:00,22833.55
2022-04-10 02:00:00,22896.49
2022-04-10 03:00:00,22962.0
2022-04-10 04:00:00,22735.84
2022-04-10 05:00:00,23520.82
2022-04-10 06:00:00,25261.26
2022-04-10 07:00:00,26511.55
2022-04-10 08:00:00,27494.15
2022-04-10 09:00:00,27378.96
2022-04-10 10:00:00,26983.44
2022-04-10 11:00:00,25820.13
2022-04-10 12:00:00,25650.85
2022-04-10 13:00:00,25281.6
2022-04-10 14:00:00,24313.27
2022-04-10 15:00:00,25138.97
2022-04-10 16:00:00,25887.51
2022-04-10 17:00:00,27442.51
2022-04-10 18:00:00,28891.38
2022-04-10 19:00:00,29216.38
2022-04-10 20:00:00,29429.84
2022-04-10 21:00:00,28655.11
2022-04-10 22:00:00,27883.99
2022-04-10 23:00:00,26625.07
2022-04-11 00:00:00,29567.05
2022-04-11 01:00:00,29629.04
2022-04-11 02:00:00,29014.3
2022-04-11 03:00:00,28851.6
2022-04-11 04:00:00,29725.39
2022-04-11 05:00:00,30507.45
2022-04-11 06:00:00,31092.73
2022-04-11 07:00:00,33470.45
2022-04-11 08:00:00,34566.08
2022-04-11 09:00:00,34014.49
2022-04-11 10:00:00,33930.91
2022-04-11 11:00:00,32994.68
2022-04-11 12:00:00,31016.28
2022-04-11 13:00:00,30508.77
2022-04-11 14:00:00,31167.5
2022-04-11 15:00:00,31454.13
2022-04-11 16:00:00,32639.0
2022-04-11 17:00:00,34032.32
2022-04-11 18:00:00,35507.33
2022-04-11 19:00:00,35818.72
2022-04-11 20:00:00,36618.19
2022-04-11 21:00:00,35685.75
2022-04-11 22:00:00,33674.35
2022-04-11 23:00:00,32199.92
2022-04-12 00:00:00,28999.19
2022-04-12 01:00:00,29402.6
2022-04-12 02:00:00,29003.2
2022-04-12 03:00:00,28466.14
2022-04-12 04:00:00,29020.47
2022-04-12 05:00:00,29356.99
2022-04-12 06:00:00,31131.66
2022-04-12 07:00:00,32163.07
2022-04-12 08:00:00,33569.93
2022-04-12 09:00:00,33610.46
2022-04-12 10:00:00,32940.28
2022-04-12 11:00:00,31509.2
2022-04-12 12:00:00,30513.49
2022-04-12 13:00:00,30240.77
2022-04-12 14:00:00,29754.92
2022-04-12 15:00:00,29871.35
2022-04-12 16:00:00,32114.36
2022-04-12 17:00:00,33437.54
2022-04-12 18:00:00,33947.56
2022-04-12 19:00:00,35545.45
2022-04-12 20:00:00,35091.92
2022-04-12 21:00:00,34383.65
2022-04-12 22:00:00,32874.78
2022-04-12 23:00:00,31155.76
2022-04-13 00:00:00,28294.11
2022-04-13 01:00:00,28026.37
2022-04-13 02:00:00,27543.07
2022-04-13 03:00:00,27275.94
2022-04-13 04:00:00,27704.05
2022-04-13 05:00:00,28348.38
2022-04-13 06:00:00,30324.92
2022-04-13 07:00:00,32222.49
2022-04-13 08:00:00,32589.57
2022-04-13 09:00:00,33004.53
2022-04-13 10:00:00,32322.66
2022-04-13 11:00:00,31129.29
2022-04-13 12:00:00,29952.81
2022-04-13 13:00:00,29621.26
2022-04-13 14:00:00,29530.79
2022-04-13 15:00:00,29500.66
2022-04-13 16:00:00,31353.62
2022-04-13 17:00:00,32860.26
2022-04-13 18:00:00,33777.51
2022-04-13 19:00:00,35011.94
2022-04-13 20:00:00,35252.01
2022-04-13 21:00:00,34013.59
2022-04-13 22:00:00,32993.37
2022-04-13 23:00:00,31961.66
2022-04-14 00:00:00,28241.84
2022-04-14 01:00:00,27782.84
2022-04-14 02:00:00,28017.12
2022-04-14 03:00:00,27914.68
2022-04-14 04:00:00,27788.72
2022-04-14 05:00:00,29295.12
2022-04-14 06:00:00,29849.42
2022-04-14 07:00:00,32218.72
2022-04-14 08:00:00,32895.48
2022-04-14 09:00:00,33876.19
2022-04-14 10:00:00,33235.43
2022-04-14 11:00:00,31120.36
2022-04-14 12:00:00,30190.38
2022-04-14 13:00:00,30148.04
2022-04-14 14:00:00,29739.05
2022-04-14 15:00:00,30454.4
2022-04-14 16:00:00,31615.75
2022-04-14 17:00:00,32453.3
2022-04-14 18:00:00,34630.26
2022-04-14 19:00:00,35359.52
2022-04-14 20:00:00,35451.13
2022-04-14 21:00:00,35208.38
2022-04-14 22:00:00,32796.39
2022-04-14 23:00:00,32036.05
2022-04-15 00:00:00,29033.69
2022-04-15 01:00:00,28774.78
2022-04-15 02:00:00,28782.7
2022-04-15 03:00:00,28361.9
2022-04-15 04:00:00,28632.19
2022-04-15 05:00:00,29667.26
2022-04-15 06:00:00,30719.68
2022-04-15 07:00:00,32252.31
2022-04-15 08:00:00,33187.76
2022-04-15 09:00:00,33412.24
2022-04-15 10:00:00,33960.8
2022-04-15 11:00:00,32176.0
2022-04-15 12:00:00,30220.0
2022-04-15 13:00:00,29650.45
2022-04-15 14:00:00,30262.95
2022-04-15 15:00:00,30832.98
2022-04-15 16:00:00,31919.46
2022-04-15 17:00:00,33103.87
2022-04-15 18:00:00,34604.81
2022-04-15 19:00:00,35673.43
2022-04-15 20:00:00,35554.28
2022-04-15 21:00:00,33768.4
2022-04-15 22:00:00,32938.32
2022-04-15 23:00:00,31175.73
2022-04-16 00:00:00,25400.53
2022-04-16 01:00:00,26102.49
2022-04-16 02:00:00,24809.47
2022-04-16 03:00:00,24285.34
2022-04-16 04:00:00,24830.53
2022-04-16 05:00:00,25411.57
2022-04-16 06:00:00,26662.89
2022-04-16 07:00:00,28111.03
2022-04-16 08:00:00,29535.69
2022-04-16 09:00:00,28487.08
2022-04-16 10:00:00,28319.51
2022-04-16 11:00:00,26735.88
2022-04-16 12:00:00,26286.34
2022-04-16 13:00:00,25215.62
2022-04-16 14:00:00,25331.47
2022-04-16 15:00:00,25814.87
2022-04-16 16:00:00,27176.53
2022-04-16 17:00:00,28409.84
2022-04-16 18:00:00,28899.22
2022-04-16 19:00:00,30123.61
2022-04-16 20:00:00,29796.75
2022-04-16 21:00:00,28716.8
2022-04-16 22:00:00,27714.65
2022-04-16 23:00:00,26302.48
2022-04-17 00:00:00,23247.3
2022-04-17 01:00:00,22273.59
2022-04-17 02:00:00,21278.13
2022-04-17 03:00:00,21288.6
2022-04-17 04:00:00,21944.12
2022-04-17 05:00:00,23000.44
2022-04-17 06:00:00,22902.01
2022-04-17 07:00:00,24091.83
2022-04-17 08:00:00,26266.57
2022-04-17 09:00:00,25820.69
2022-04-17 10:00:00,24714.11
2022-04-17 11:00:00,24202.12
2022-04-17 12:00:00,22209.21
2022-04-17 13:00:00,22637.71
2022-04-17 14:00:00,22720.21
2022-04-17 15:00:00,23366.7
2022-04-17 16:00:00,23572.46
2022-04-17 17:00:00,25157.54
2022-04-17 18:00:00,26000.19
2022-04-17 19:00:00,27167.24
2022-04-17 20:00:00,26748.48
2022-04-17 21:00:00,26133.04
2022-04-17 22:00:00,24697.14
2022-04-17 23:00:00,24032.62
2022-04-18 00:00:00,26692.2
2022-04-18 01:00:00,26032.13
2022-04-18 02:00:00,25747.12
2022-04-18 03:00:00,24954.74
2022-04-18 04:00:00,25542.77
2022-04-18 05:00:00,26527.48
2022-04-18 06:00:00,28976.22
2022-04-18 07:00:00,29312.54
2022-04-18 08:00:00,31332.17
2022-04-18 09:00:00,31324.33
2022-04-18 10:00:00,30328.38
2022-04-18 11:00:00,29689.71
2022-04-18 12:00:00,28194.2
2022-04-18 13:00:00,27662.74
2022-04-18 14:00:00,27535.83
2022-04-18 15:00:00,28581.38
2022-04-18 16:00:00,29678.88
2022-04-18 17:00:00,30602.34
2022-04-18 18:00:00,31879.85
2022-04-18 19:00:00,33249.19
2022-04-18 20:00:00,33078.31
2022-04-18 21:00:00,32433.21
2022-04-18 22:00:00,31441.78
2022-04-18 23:00:00,29386.44
2022-04-19 00:00:00,26943.65
2022-04-19 01:00:00,26747.6
2022-04-19 02:00:00,26687.16
2022-04-19 03:00:00,25372.41
2022-04-19 04:00:00,26170.04
2022-04-19 05:00:00,27388.34
2022-04-19 06:00:00,29279.8
2022-04-19 07:00:00,30358.66
2022-04-19 08:00:00,31017.01
2022-04-19 09:00:00,32068.09
2022-04-19 10:00:00,30901.84
2022-04-19 11:00:00,29566.75
2022-04-19 12:00:00,28765.84
2022-04-19 13:00:00,28390.36
2022-04-19 14:00:00,28275.76
2022-04-19 15:00:00,28315.33
2022-04-19 16:00:00,30541.0
2022-04-19 17:00:00,32193.85
2022-04-19 18:00:00,33487.04
2022-04-19 19:00:00,33827.3
2022-04-19 20:00:00,34177.73
2022-04-19 21:00:00,33324.66
2022-04-19 22:00:00,32068.32
2022-04-19 23:00:00,30606.15
2022-04-20 00:00:00,27502.14
2022-04-20 01:00:00,27526.66
2022-04-20 02:00:00,27288.61
2022-04-20 03:00:00,27372.0
2022-04-20 04:00:00,27295.64
2022-04-20 05:00:00,28218.18
2022-04-20 06:00:00,29475.74
2022-04-20 07:00:00,31568.38
2022-04-20 08:00:00,32316.78
2022-04-20 09:00:00,32003.63
2022-04-20 10:00:00,32022.26
2022-04-20 11:00:00,30586.27
2022-04-20 12:00:00,29139.33
2022-04-20 13:00:00,28547.68
2022-04-20 14:00:00,28801.85
2022-04-20 15:00:00,29409.85
2022-04-20 16:00:00,30406.31
2022-04-20 17:00:00,31916.74
2022-04-20 18:00:00,33864.39
2022-04-20 19:00:00,34561.75
2022-04-20 20:00:00,34227.73
2022-04-20 21:00:00,33521.63
2022-04-20 22:00:00,31316.18
2022-04-20 23:00:00,30285.23
2022-04-21 00:00:00,28124.31
2022-04-21 01:00:00,27111.63
2022-04-21 02:00:00,26481.75
2022-04-21 03:00:00,26245.94
2022-04-21 04:00:00,26243.4
2022-04-21 05:00:00,27209.36
2022-04-21 06:00:00,28827.47
2022-04-21 07:00:00,30064.81
2022-04-21 08:00:00,31634.87
2022-04-21 09:00:00,32053.64
2022-04-21 10:00:00,30625.89
2022-04-21 11:00:00,30268.97
2022-04-21 12:00:00,28854.18
2022-04-21 13:00:00,28446.14
2022-04-21 14:00:00,27829.89
2022-04-21 15:00:00,28904.31
2022-04-21 16:00:00,29311.28
2022-04-21 17:00:00,31477.62
2022-04-21 18:00:00,32693.19
2022-04-21 19:00:00,33752.71
2022-04-21 20:00:00,33133.99
2022-04-21 21:00:00,32278.74
2022-04-21 22:00:00,31305.11
2022-04-21 23:00:00,29254.48
2022-04-22 00:00:00,27120.6
2022-04-22 01:00:00,26205.12
2022-04-22 02:00:00,26602.24
2022-04-22 03:00:00,25604.0
2022-04-22 04:00:00,26416.4
2022-04-22 05:00:00,27341.18
2022-04-22 06:00:00,28393.96
2022-04-22 07:00:00,30486.16
2022-04-22 08:00:00,31493.62
2022-04-22 09:00:00,31371.91
2022-04-22 10:00:00,30464.95
2022-04-22 11:00:00,28978.24
2022-04-22 12:00:00,28781.04
2022-04-22 13:00:00,27577.93
2022-04-22 14:00:00,28191.97
2022-04-22 15:00:00,28670.99
2022-04-22 16:00:00,30149.66
2022-04-22 17:00:00,31340.16
2022-04-22 18:00:00,32859.56
2022-04-22 19:00:00,34219.45
2022-04-22 20:00:00,34129.58
2022-04-22 21:00:00,33232.18
2022-04-22 22:00:00,31852.31
2022-04-22 23:00:00,29703.02
2022-04-23 00:00:00,24619.72
2022-04-23 01:00:00,24380.76
2022-04-23 02:00:00,23530.27
2022-04-23 03:00:00,23614.61
2022-04-23 04:00:00,23901.79
2022-04-23 05:00:00,24708.63
2022-04-23 06:00:00,26253.71
2022-04-23 07:00:00,28130.81
2022-04-23 08:00:00,29037.93
2022-04-23 09:00:00,28380.98
2022-04-23 10:00:00,28444.26
2022-04-23 11:00:00,27714.69
2022-04-23 12:00:00,26534.31
2022-04-23 13:00:00,26344.25
2022-04-23 14:00:00,26725.69
2022-04-23 15:00:00,26938.97
2022-04-23 16:00:00,27703.24
2022-04-23 17:00:00,29353.13
2022-04-23 18:00:00,30402.1
2022-04-23 19:00:00,31245.07
2022-04-23 20:00:00,31169.23
2022-04-23 21:00:00,31064.79
2022-04-23 22:00:00,28975.78
2022-04-23 23:00:00,28527.55
2022-04-24 00:00:00,24156.02
2022-04-24 01:00:00,23312.4
2022-04-24 02:00:00,23663.33
2022-04-24 03:00:00,22616.96
2022-04-24 04:00:00,23759.45
2022-04-24 05:00:00,24618.04
2022-04-24 06:00:00,25369.81
2022-04-24 07:00:00,26990.67
2022-04-24 08:00:00,28567.01
2022-04-24 09:00:00,27848.31
2022-04-24 10:00:00,27053.88
2022-04-24 11:00:00,27001.23
2022-04-24 12:00:00,26343.01
2022-04-24 13:00:00,25214.4
2022-04-24 14:00:00,25583.64
2022-04-24 15:00:00,26179.74
2022-04-24 16:00:00,26372.58
2022-04-24 17:00:00,27696.1
2022-04-24 18:00:00,29521.76
2022-04-24 19:00:00,30458.06
2022-04-24 20:00:00,30068.04
2022-04-24 21:00:00,28791.01
2022-04-24 22:00:00,28573.28
2022-04-24 23:00:00,26455.32
2022-04-25 00:00:00,29746.12
2022-04-25 01:00:00,29699.55
2022-04-25 02:00:00,29731.43
2022-04-25 03:00:00,29197.19
2022-04-25 04:00:00,29206.92
2022-04-25 05:00:00,30093.62
2022-04-25 06:00:00,31427.98
2022-04-25 07:00:00,33213.46
2022-04-25 08:00:00,33208.74
2022-04-25 09:00:00,34099.6
2022-04-25 10:00:00,33492.05
2022-04-25 11:00:00,31794.28
2022-04-25 12:00:00,31263.96
2022-04-25 13:00:00,30458.17
2022-04-25 14:00:00,31107.3
2022-04-25 15:00:00,31574.53
2022-04-25 16:00:00,31932.71
2022-04-25 17:00:00,33496.62
2022-04-25 18:00:00,34969.26
2022-04-25 19:00:00,35739.44
2022-04-25 20:00:00,35926.19
2022-04-25 21:00:00,34610.86
2022-04-25 22:00:00,32954.17
2022-04-25 23:00:00,32025.56
2022-04-26 00:00:00,29373.08
2022-04-26 01:00:00,28559.69
2022-04-26 02:00:00,28737.72
2022-04-26 03:00:00,27892.83
2022-04-26 04:00:00,28347.98
2022-04-26 05:00:00,29401.7
2022-04-26 06:00:00,30572.96
2022-04-26 07:00:00,32341.53
2022-04-26 08:00:00,33073.29
2022-04-26 09:00:00,33293.7
2022-04-26 10:00:00,32497.07
2022-04-26 11:00:00,31103.18
2022-04-26 12:00:00,30243.33
2022-04-26 13:00:00,29176.5
2022-04-26 14:00:00,29525.25
2022-04-26 15:00:00,30147.09
2022-04-26 16:00:00,31250.45
2022-04-26 17:00:00,32733.7
2022-04-26 18:00:00,34269.52
2022-04-26 19:00:00,35391.16
2022-04-26 20:00:00,35522.19
2022-04-26 21:00:00,34041.75
2022-04-26 22:00:00,32358.63
2022-04-26 23:00:00,30911.78
2022-04-27 00:00:00,28494.04
2022-04-27 01:00:00,28272.52
2022-04-27 02:00:00,27753.58
2022-04-27 03:00:00,27304.6
2022-04-27 04:00:00,27790.9
2022-04-27 05:00:00,28917.09
2022-04-27 06:00:00,30580.65
2022-04-27 07:00:00,31824.22
2022-04-27 08:00:00,32996.15
2022-04-27 09:00:00,32974.72
2022-04-27 10:00:00,32544.68
2022-04-27 11:00:00,31103.9
2022-04-27 12:00:00,30591.6
2022-04-27 13:00:00,29228.14
2022-04-27 14:00:00,29754.08
2022-04-27 15:00:00,30582.15
2022-04-27 16:00:00,31680.45
2022-04-27 17:00:00,34081.48
2022-04-27 18:00:00,34777.46
2022-04-27 19:00:00,35277.35
2022-04-27 20:00:00,35627.8
2022-04-27 21:00:00,34130.24
2022-04-27 22:00:00,33269.8
2022-04-27 23:00:00,31536.38
2022-04-28 00:00:00,29569.17
2022-04-28 01:00:00,28815.73
2022-04-28 02:00:00,28620.02
2022-04-28 03:00:00,28196.23
2022-04-28 04:00:00,29239.28
2022-04-28 05:00:00,29437.97
2022-04-28 06:00:00,31724.18
2022-04-28 07:00:00,33025.08
2022-04-28 08:00:00,34037.41
2022-04-28 09:00:00,34160.01
2022-04-28 10:00:00,33425.98
2022-04-28 11:00:00,31455.87
2022-04-28 12:00:00,31016.97
2022-04-28 13:00:00,30863.08
2022-04-28 14:00:00,30564.08
2022-04-28 15:00:00,30670.01
2022-04-28 16:00:00,32263.35
2022-04-28 17:00:00,34378.19
2022-04-28 18:00:00,35708.34
2022-04-28 19:00:00,36194.89
2022-04-28 20:00:00,36549.89
2022-04-28 21:00:00,35144.21
2022-04-28 22:00:00,33184.22
2022-04-28 23:00:00,31946.19
2022-04-29 00:00:00,30196.28
2022-04-29 01:00:00,29266.72
2022-04-29 02:00:00,28881.95
2022-04-29 03:00:00,28569.43
2022-04-29 04:00:00,29500.2
2022-04-29 05:00:00,30268.0
2022-04-29 06:00:00,31951.56
2022-04-29 07:00:00,32718.78
2022-04-29 08:00:00,33947.18
2022-04-29 09:00:00,33414.64
2022-04-29 10:00:00,33658.05
2022-04-29 11:00:00,31512.44
2022-04-29 12:00:00,30918.05
2022-04-29 13:00:00,29847.38
2022-04-29 14:00:00,29975.57
2022-04-29 15:00:00,30405.56
2022-04-29 16:00:00,31542.17
2022-04-29 17:00:00,33003.14
2022-04-29 18:00:00,34427.53
2022-04-29 19:00:00,35793.95
2022-04-29 20:00:00,35055.06
2022-04-29 21:00:00,34514.91
2022-04-29 22:00:00,33313.83
2022-04-29 23:00:00,31140.39
2022-04-30 00:00:00,24957.79
2022-04-30 01:00:00,24829.45
2022-04-30 02:00:00,24930.17
2022-04-30 03:00:00,24284.72
2022-04-30 04:00:00,24130.39
2022-04-30 05:00:00,25208.57
2022-04-30 06:00:00,25916.29
2022-04-30 07:00:00,27914.53
2022-04-30 08:00:00,28729.09
2022-04-30 09:00:00,28539.67
2022-04-30 10:00:00,27620.68
2022-04-30 11:00:00,26507.78
2022-04-30 12:00:00,26036.29
2022-04-30 13:00:00,25725.31
2022-04-30 14:00:00,25014.94
2022-04-30 15:00:00,25843.1
2022-04-30 16:00:00,25874.71
2022-04-30 17:00:00,27661.19
2022-04-30 18:00:00,29110.58
2022-04-30 19:00:00,29582.58
2022-04-30 20:00:00,29525.74
2022-04-30 21:00:00,28745.27
2022-04-30 22:00:00,27729.29
2022-04-30 23:00:00,26197.37
2022-05-01 00:00:00,21515.71
2022-05-01 01:00:00,21298.3
2022-05-01 02:00:00,21484.84
2022-05-01 03:00:00,21602.92
2022-05-01 04:00:00,20601.94
2022-05-01 05:00:00,22092.89
2022-05-01 06:00:00,23293.44
2022-05-01 07:00:00,25279.22
2022-05-01 08:00:00,25544.13
2022-05-01 09:00:00,25909.79
2022-05-01 10:00:00,25183.65
2022-05-01 11:00:00,23410.7
2022-05-01 12:00:00,23567.56
2022-05-01 13:00:00,22904.71
2022-05-01 14:00:00,23002.17
2022-05-01 15:00:00,24662.28
2022-05-01 16:00:00,23468.87
2022-05-01 17:00:00,26028.17
2022-05-01 18:00:00,26546.3
2022-05-01 19:00:00,27526.79
2022-05-01 20:00:00,27419.51
2022-05-01 21:00:00,26525.76
2022-05-01 22:00:00,25268.85
2022-05-01 23:00:00,24366.33
2022-05-02 00:00:00,26460.7
2022-05-02 01:00:00,27004.01
2022-05-02 02:00:00,26241.21
2022-05-02 03:00:00,25744.33
2022-05-02 04:00:00,26192.04
2022-05-02 05:00:00,27709.45
2022-05-02 06:00:00,28617.13
2022-05-02 07:00:00,30592.49
2022-05-02 08:00:00,31347.43
2022-05-02 09:00:00,32040.97
2022-05-02 10:00:00,31285.46
2022-05-02 11:00:00,30550.03
2022-05-02 12:00:00,28843.1
2022-05-02 13:00:00,28611.16
2022-05-02 14:00:00,28447.58
2022-05-02 15:00:00,29471.95
2022-05-02 16:00:00,29913.41
2022-05-02 17:00:00,31954.73
2022-05-02 18:00:00,33147.03
2022-05-02 19:00:00,34170.43
2022-05-02 20:00:00,34260.32
2022-05-02 21:00:00,33409.0
2022-05-02 22:00:00,31826.82
2022-05-02 23:00:00,30472.24
2022-05-03 00:00:00,28379.69
2022-05-03 01:00:00,27929.15
2022-05-03 02:00:00,27537.91
2022-05-03 03:00:00,26827.77
2022-05-03 04:00:00,26882.83
2022-05-03 05:00:00,28442.16
2022-05-03 06:00:00,29940.06
2022-05-03 07:00:00,31798.77
2022-05-03 08:00:00,32192.42
2022-05-03 09:00:00,32477.07
2022-05-03 10:00:00,31231.65
2022-05-03 11:00:00,30500.95
2022-05-03 12:00:00,29961.25
2022-05-03 13:00:00,28891.74
2022-05-03 14:00:00,29282.8
2022-05-03 15:00:00,29562.24
2022-05-03 16:00:00,30851.87
2022-05-03 17:00:00,31826.62
2022-05-03 18:00:00,33738.32
2022-05-03 19:00:00,33596.6
2022-05-03 20:00:00,34569.13
2022-05-03 21:00:00,33110.75
2022-05-03 22:00:00,32603.49
2022-05-03 23:00:00,30935.27
2022-05-04 00:00:00,28210.45
2022-05-04 01:00:00,28287.15
2022-05-04 02:00:00,27022.53
2022-05-04 03:00:00,27669.91
2022-05-04 04:00:00,27541.62
2022-05-04 05:00:00,27996.66
2022-05-04 06:00:00,29953.29
2022-05-04 07:00:00,30769.84
2022-05-04 08:00:00,31941.04
2022-05-04 09:00:00,32123.29
2022-05-04 10:00:00,31353.44
2022-05-04 11:00:00,29957.2
2022-05-04 12:00:00,29686.31
2022-05-04 13:00:00,28569.0
2022-05-04 14:00:00,28747.26
2022-05-04 15:00:00,28957.23
2022-05-04 16:00:00,29594.06
2022-05-04 17:00:00,31782.87
2022-05-04 18:00:00,32468.93
2022-05-04 19:00:00,34021.48
2022-05-04 20:00:00,33532.65
2022-05-04 21:00:00,33731.84
2022-05-04 22:00:00,31836.05
2022-05-04 23:00:00,30019.7
2022-05-05 00:00:00,27798.2
2022-05-05 01:00:00,26757.52
2022-05-05 02:00:00,26837.19
2022-05-05 03:00:00,26417.28
2022-05-05 04:00:00,26596.79
2022-05-05 05:00:00,27817.19
2022-05-05 06:00:00,29111.38
2022-05-05 07:00:00,30567.43
2022-05-05 08:00:00,30973.26
2022-05-05 09:00:00,31340.0
2022-05-05 10:00:00,30855.54
2022-05-05 11:00:00,29743.05
2022-05-05 12:00:00,28272.71
2022-05-05 13:00:00,28943.57
2022-05-05 14:00:00,28627.42
2022-05-05 15:00:00,28876.3
2022-05-05 16:00:00,29803.98
2022-05-05 17:00:00,31203.14
2022-05-05 18:00:00,32438.34
2022-05-05 19:00:00,33752.68
2022-05-05 20:00:00,33831.01
2022-05-05 21:00:00,32382.32
2022-05-05 22:00:00,31468.18
2022-05-05 23:00:00,29817.95
2022-05-06 00:00:00,26637.37
2022-05-06 01:00:00,26760.61
2022-05-06 02:00:00,26570.45
2022-05-06 03:00:00,27137.72
2022-05-06 04:00:00,26891.36
2022-05-06 05:00:00,27159.96
2022-05-06 06:00:00,29344.62
2022-05-06 07:00:00,30308.74
2022-05-06 08:00:00,32380.0
2022-05-06 09:00:00,32024.42
2022-05-06 10:00:00,31443.57
2022-05-06 11:00:00,30816.43
2022-05-06 12:00:00,28923.42
2022-05-06 13:00:00,28378.97
2022-05-06 14:00:00,28722.77
2022-05-06 15:00:00,29920.03
2022-05-06 16:00:00,30197.37
2022-05-06 17:00:00,31294.31
2022-05-06 18:00:00,33677.81
2022-05-06 19:00:00,35037.0
2022-05-06 20:00:00,35331.25
2022-05-06 21:00:00,33874.98
2022-05-06 22:00:00,32474.74
2022-05-06 23:00:00,31588.47
2022-05-07 00:00:00,24568.08
2022-05-07 01:00:00,24906.88
2022-05-07 02:00:00,24836.47
2022-05-07 03:00:00,24746.64
2022-05-07 04:00:00,24630.55
2022-05-07 05:00:00,25663.64
2022-05-07 06:00:00,26162.64
2022-05-07 07:00:00,28295.32
2022-05-07 08:00:00,29711.47
2022-05-07 09:00:00,29385.83
2022-05-07 10:00:00,29130.9
2022-05-07 11:00:00,28282.43
2022-05-07 12:00:00,27146.69
2022-05-07 13:00:00,26879.38
2022-05-07 14:00:00,26529.91
2022-05-07 15:00:00,27340.53
2022-05-07 16:00:00,28647.03
2022-05-07 17:00:00,29843.69
2022-05-07 18:00:00,30930.13
2022-05-07 19:00:00,32080.59
2022-05-07 20:00:00,32287.94
2022-05-07 21:00:00,30524.79
2022-05-07 22:00:00,30370.61
2022-05-07 23:00:00,28553.29
2022-05-08 00:00:00,24766.31
2022-05-08 01:00:00,24834.53
2022-05-08 02:00:00,23644.26
2022-05-08 03:00:00,23669.09
2022-05-08 04:00:00,23980.18
2022-05-08 05:00:00,24549.34
2022-05-08 06:00:00,26674.24
2022-05-08 07:00:00,27111.6
2022-05-08 08:00:00,28126.66
2022-05-08 09:00:00,28508.81
2022-05-08 10:00:00,27389.6
2022-05-08 11:00:00,26704.01
2022-05-08 12:00:00,26101.24
2022-05-08 13:00:00,25405.07
2022-05-08 14:00:00,25480.19
2022-05-08 15:00:00,25783.44
2022-05-08 16:00:00,26336.6
2022-05-08 17:00:00,28189.08
2022-05-08 18:00:00,29892.77
2022-05-08 19:00:00,30040.12
2022-05-08 20:00:00,30093.87
2022-05-08 21:00:00,29464.92
2022-05-08 22:00:00,27537.56
2022-05-08 23:00:00,27322.59
2022-05-09 00:00:00,30048.61
2022-05-09 01:00:00,30245.52
2022-05-09 02:00:00,29007.29
2022-05-09 03:00:00,29594.29
2022-05-09 04:00:00,29377.58
2022-05-09 05:00:00,30156.14
2022-05-09 06:00:00,31514.01
2022-05-09 07:00:00,32940.48
2022-05-09 08:00:00,34515.38
2022-05-09 09:00:00,34247.21
2022-05-09 10:00:00,32709.17
2022-05-09 11:00:00,31793.4
2022-05-09 12:00:00,31050.06
2022-05-09 13:00:00,30625.51
2022-05-09 14:00:00,30463.14
2022-05-09 15:00:00,31445.28
2022-05-09 16:00:00,31413.96
2022-05-09 17:00:00,33609.02
2022-05-09 18:00:00,34378.2
2022-05-09 19:00:00,36194.53
2022-05-09 20:00:00,35869.43
2022-05-09 21:00:00,35082.79
2022-05-09 22:00:00,33123.91
2022-05-09 23:00:00,32350.07
2022-05-10 00:00:00,29663.51
2022-05-10 01:00:00,29212.77
2022-05-10 02:00:00,28568.85
2022-05-10 03:00:00,28530.45
2022-05-10 04:00:00,28250.54
2022-05-10 05:00:00,29678.68
2022-05-10 06:00:00,31453.79
2022-05-10 07:00:00,32876.86
2022-05-10 08:00:00,33347.31
2022-05-10 09:00:00,33867.17
2022-05-10 10:00:00,32524.94
2022-05-10 11:00:00,32003.99
2022-05-10 12:00:00,30933.26
2022-05-10 13:00:00,29565.92
2022-05-10 14:00:00,29824.08
2022-05-10 15:00:00,30713.07
2022-05-10 16:00:00,31832.01
2022-05-10 17:00:00,33023.8
2022-05-10 18:00:00,35087.67
2022-05-10 19:00:00,36002.94
2022-05-10 20:00:00,35870.44
2022-05-10 21:00:00,34757.18
2022-05-10 22:00:00,33928.92
2022-05-10 23:00:00,32666.86
2022-05-11 00:00:00,29366.67
2022-05-11 01:00:00,29079.88
2022-05-11 02:00:00,29119.52
2022-05-11 03:00:00,28582.42
2022-05-11 04:00:00,28875.03
2022-05-11 05:00:00,30108.24
2022-05-11 06:00:00,30721.05
2022-05-11 07:00:00,33517.41
2022-05-11 08:00:00,34221.08
2022-05-11 09:00:00,34226.69
2022-05-11 10:00:00,33611.21
2022-05-11 11:00:00,32487.91
2022-05-11 12:00:00,30897.05
2022-05-11 13:00:00,31498.4
2022-05-11 14:00:00,31024.63
2022-05-11 15:00:00,31768.47
2022-05-11 16:00:00,33090.42
2022-05-11 17:00:00,33925.55
2022-05-11 18:00:00,35965.71
2022-05-11 19:00:00,36679.14
2022-05-11 20:00:00,37098.85
2022-05-11 21:00:00,35144.05
2022-05-11 22:00:00,34393.55
2022-05-11 23:00:00,32738.94
2022-05-12 00:00:00,30544.99
2022-05-12 01:00:00,30305.74
2022-05-12 02:00:00,29532.93
2022-05-12 03:00:00,29274.01
2022-05-12 04:00:00,29679.83
2022-05-12 05:00:00,30306.21
2022-05-12 06:00:00,32427.36
2022-05-12 07:00:00,33639.63
2022-05-12 08:00:00,33857.46
2022-05-12 09:00:00,34882.2
2022-05-12 10:00:00,33882.13
2022-05-12 11:00:00,32491.0
2022-05-12 12:00:00,31585.78
2022-05-12 13:00:00,31481.85
2022-05-12 14:00:00,31893.65
2022-05-12 15:00:00,32089.29
2022-05-12 16:00:00,32857.04
2022-05-12 17:00:00,34698.21
2022-05-12 18:00:00,35836.95
2022-05-12 19:00:00,36667.69
2022-05-12 20:00:00,36475.35
2022-05-12 21:00:00,35290.03
2022-05-12 22:00:00,34242.96
2022-05-12 23:00:00,32892.23
2022-05-13 00:00:00,30184.63
2022-05-13 01:00:00,29755.04
2022-05-13 02:00:00,29143.38
2022-05-13 03:00:00,29364.3
2022-05-13 04:00:00,28820.21
2022-05-13 05:00:00,30389.14
2022-05-13 06:00:00,31214.8
2022-05-13 07:00:00,32874.59
2022-05-13 08:00:00,33667.75
2022-05-13 09:00:00,34082.42
2022-05-13 10:00:00,33771.15
2022-05-13 11:00:00,32367.79
2022-05-13 12:00:00,31429.63
2022-05-13 13:00:00,30639.44
2022-05-13 14:00:00,30002.39
2022-05-13 15:00:00,30773.11
2022-05-13 16:00:00,31657.04
2022-05-13 17:00:00,33819.26
2022-05-13 18:00:00,34350.52
2022-05-13 19:00:00,35955.04
2022-05-13 20:00:00,35886.02
2022-05-13 21:00:00,35203.37
2022-05-13 22:00:00,32864.82
2022-05-13 23:00:00,31687.22
2022-05-14 00:00:00,26140.57
2022-05-14 01:00:00,24827.71
2022-05-14 02:00:00,24116.19
2022-05-14 03:00:00,23699.03
2022-05-14 04:00:00,24711.68
2022-05-14 05:00:00,24533.27
2022-05-14 06:00:00,26333.75
2022-05-14 07:00:00,28001.43
2022-05-14 08:00:00,28835.04
2022-05-14 09:00:00,28993.76
2022-05-14 10:00:00,28204.15
2022-05-14 11:00:00,27493.95
2022-05-14 12:00:00,25761.39
2022-05-14 13:00:00,25322.44
2022-05-14 14:00:00,25251.6
2022-05-14 15:00:00,26278.18
2022-05-14 16:00:00,27247.24
2022-05-14 17:00:00,28373.61
2022-05-14 18:00:00,29909.39
2022-05-14 19:00:00,29887.02
2022-05-14 20:00:00,30860.81
2022-05-14 21:00:00,29961.92
2022-05-14 22:00:00,28360.88
2022-05-14 23:00:00,27390.01
2022-05-15 00:00:00,22242.35
2022-05-15 01:00:00,22405.9
2022-05-15 02:00:00,22014.8
2022-05-15 03:00:00,22296.25
2022-05-15 04:00:00,21823.11
2022-05-15 05:00:00,23186.02
2022-05-15 06:00:00,24636.24
2022-05-15 07:00:00,25741.11
2022-05-15 08:00:00,26507.9
2022-05-15 09:00:00,26184.47
2022-05-15 10:00:00,25616.55
2022-05-15 11:00:00,25396.16
2022-05-15 12:00:00,24396.83
2022-05-15 13:00:00,23663.25
2022-05-15 14:00:00,23546.97
2022-05-15 15:00:00,23468.51
2022-05-15 16:00:00,24732.45
2022-05-15 17:00:00,27020.93
2022-05-15 18:00:00,27143.5
2022-05-15 19:00:00,28453.49
2022-05-15 20:00:00,28763.96
2022-05-15 21:00:00,27224.64
2022-05-15 22:00:00,26534.95
2022-05-15 23:00:00,25592.31
2022-05-16 00:00:00,28278.42
2022-05-16 01:00:00,29037.59
2022-05-16 02:00:00,27103.45
2022-05-16 03:00:00,27817.43
2022-05-16 04:00:00,27600.7
2022-05-16 05:00:00,28854.03
2022-05-16 06:00:00,30274.3
2022-05-16 07:00:00,31524.83
2022-05-16 08:00:00,32995.05
2022-05-16 09:00:00,32432.45
2022-05-16 10:00:00,32557.26
2022-05-16 11:00:00,31299.72
2022-05-16 12:00:00,30410.41
2022-05-16 13:00:00,30018.05
2022-05-16 14:00:00,29799.06
2022-05-16 15:00:00,30312.25
2022-05-16 16:00:00,31081.94
2022-05-16 17:00:00,32651.75
2022-05-16 18:00:00,34817.84
2022-05-16 19:00:00,35861.76
2022-05-16 20:00:00,35288.51
2022-05-16 21:00:00,34456.67
2022-05-16 22:00:00,32645.78
2022-05-16 23:00:00,31876.37
2022-05-17 00:00:00,29137.63
2022-05-17 01:00:00,29313.04
2022-05-17 02:00:00,27946.82
2022-05-17 03:00:00,27845.85
2022-05-17 04:00:00,28235.8
2022-05-17 05:00:00,29264.06
2022-05-17 06:00:00,30456.76
2022-05-17 07:00:00,31845.11
2022-05-17 08:00:00,33547.9
2022-05-17 09:00:00,33613.59
2022-05-17 10:00:00,32256.73
2022-05-17 11:00:00,31852.97
2022-05-17 12:00:00,30730.77
2022-05-17 13:00:00,29779.59
2022-05-17 14:00:00,29733.33
2022-05-17 15:00:00,30439.45
2022-05-17 16:00:00,31023.88
2022-05-17 17:00:00,32797.0
2022-05-17 18:00:00,33485.33
2022-05-17 19:00:00,35453.32
2022-05-17 20:00:00,34565.01
2022-05-17 21:00:00,34659.64
2022-05-17 22:00:00,32494.09
2022-05-17 23:00:00,30994.83
2022-05-18 00:00:00,28248.13
2022-05-18 01:00:00,28054.96
2022-05-18 02:00:00,28233.86
2022-05-18 03:00:00,26553.61
2022-05-18 04:00:00,28013.19
2022-05-18 05:00:00,28535.21
2022-05-18 06:00:00,29459.06
2022-05-18 07:00:00,31096.37
2022-05-18 08:00:00,33123.8
2022-05-18 09:00:00,32306.38
2022-05-18 10:00:00,31431.3
2022-05-18 11:00:00,31018.68
2022-05-18 12:00:00,29669.42
2022-05-18 13:00:00,28624.94
2022-05-18 14:00:00,28996.1
2022-05-18 15:00:00,29098.85
2022-05-18 16:00:00,30924.0
2022-05-18 17:00:00,32375.51
2022-05-18 18:00:00,33650.12
2022-05-18 19:00:00,34509.53
2022-05-18 20:00:00,34978.88
2022-05-18 21:00:00,33402.19
2022-05-18 22:00:00,31486.13
2022-05-18 23:00:00,30540.98
2022-05-19 00:00:00,28543.32
2022-05-19 01:00:00,27177.03
2022-05-19 02:00:00,27021.44
2022-05-19 03:00:00,27017.85
2022-05-19 04:00:00,27035.24
2022-05-19 05:00:00,27603.86
2022-05-19 06:00:00,29850.55
2022-05-19 07:00:00,31909.3
2022-05-19 08:00:00,32280.87
2022-05-19 09:00:00,32048.93
2022-05-19 10:00:00,31075.91
2022-05-19 11:00:00,30550.96
2022-05-19 12:00:00,29836.12
2022-05-19 13:00:00,29078.77
2022-05-19 14:00:00,28940.53
2022-05-19 15:00:00,29335.82
2022-05-19 16:00:00,30304.83
2022-05-19 17:00:00,32509.61
2022-05-19 18:00:00,34062.87
2022-05-19 19:00:00,34187.27
2022-05-19 20:00:00,35330.69
2022-05-19 21:00:00,34081.53
2022-05-19 22:00:00,32934.33
2022-05-19 23:00:00,30524.65
2022-05-20 00:00:00,28014.16
2022-05-20 01:00:00,28223.79
2022-05-20 02:00:00,28131.45
2022-05-20 03:00:00,28370.99
2022-05-20 04:00:00,28232.7
2022-05-20 05:00:00,28853.96
2022-05-20 06:00:00,30147.96
2022-05-20 07:00:00,32633.22
2022-05-20 08:00:00,33034.1
2022-05-20 09:00:00,34146.68
2022-05-20 10:00:00,32779.31
2022-05-20 11:00:00,32325.06
2022-05-20 12:00:00,31039.26
2022-05-20 13:00:00,30257.74
2022-05-20 14:00:00,30191.2
2022-05-20 15:00:00,30889.68
2022-05-20 16:00:00,32336.06
2022-05-20 17:00:00,33772.36
2022-05-20 18:00:00,35088.59
2022-05-20 19:00:00,36245.71
2022-05-20 20:00:00,36395.67
2022-05-20 21:00:00,34744.43
2022-05-20 22:00:00,34225.06
2022-05-20 23:00:00,32279.42
2022-05-21 00:00:00,26108.04
2022-05-21 01:00:00,25731.17
2022-05-21 02:00:00,25409.0
2022-05-21 03:00:00,25368.75
2022-05-21 04:00:00,25799.86
2022-05-21 05:00:00,27558.19
2022-05-21 06:00:00,28055.09
2022-05-21 07:00:00,29774.9
2022-05-21 08:00:00,30860.08
2022-05-21 09:00:00,30921.75
2022-05-21 10:00:00,30207.42
2022-05-21 11:00:00,28808.99
2022-05-21 12:00:00,28851.89
2022-05-21 13:00:00,28505.06
2022-05-21 14:00:00,27305.37
2022-05-21 15:00:00,28055.84
2022-05-21 16:00:00,29310.33
2022-05-21 17:00:00,30398.91
2022-05-21 18:00:00,32232.83
2022-05-21 19:00:00,32639.82
2022-05-21 20:00:00,33660.3
2022-05-21 21:00:00,32495.66
2022-05-21 22:00:00,30848.03
2022-05-21 23:00:00,29811.21
2022-05-22 00:00:00,25737.02
2022-05-22 01:00:00,24925.11
2022-05-22 02:00:00,24520.45
2022-05-22 03:00:00,24601.75
2022-05-22 04:00:00,25015.49
2022-05-22 05:00:00,25481.41
2022-05-22 06:00:00,26101.18
2022-05-22 07:00:00,27694.38
2022-05-22 08:00:00,28837.73
2022-05-22 09:00:00,28932.84
2022-05-22 10:00:00,29003.29
2022-05-22 11:00:00,26841.49
2022-05-22 12:00:00,26633.82
2022-05-22 13:00:00,26493.31
2022-05-22 14:00:00,26743.46
2022-05-22 15:00:00,26249.03
2022-05-22 16:00:00,27448.15
2022-05-22 17:00:00,28674.39
2022-05-22 18:00:00,29735.77
2022-05-22 19:00:00,30379.69
2022-05-22 20:00:00,30541.46
2022-05-22 21:00:00,28704.75
2022-05-22 22:00:00,28585.34
2022-05-22 23:00:00,27133.39
2022-05-23 00:00:00,30378.92
2022-05-23 01:00:00,30870.69
2022-05-23 02:00:00,29510.32
2022-05-23 03:00:00,29304.2
2022-05-23 04:00:00,30297.06
2022-05-23 05:00:00,30173.34
2022-05-23 06:00:00,31751.55
2022-05-23 07:00:00,33499.75
2022-05-23 08:00:00,34926.65
2022-05-23 09:00:00,34823.12
2022-05-23 10:00:00,33514.24
2022-05-23 11:00:00,32585.43
2022-05-23 12:00:00,31509.55
2022-05-23 13:00:00,31118.16
2022-05-23 14:00:00,31282.68
2022-05-23 15:00:00,31839.48
2022-05-23 16:00:00,32174.68
2022-05-23 17:00:00,34656.65
2022-05-23 18:00:00,35855.5
2022-05-23 19:00:00,37193.84
2022-05-23 20:00:00,36867.44
2022-05-23 21:00:00,36160.45
2022-05-23 22:00:00,34458.83
2022-05-23 23:00:00,33273.45
2022-05-24 00:00:00,30450.88
2022-05-24 01:00:00,29974.94
2022-05-24 02:00:00,30441.93
2022-05-24 03:00:00,29702.88
2022-05-24 04:00:00,29794.8
2022-05-24 05:00:00,30060.27
2022-05-24 06:00:00,31584.8
2022-05-24 07:00:00,33795.01
2022-05-24 08:00:00,34874.76
2022-05-24 09:00:00,34777.11
2022-05-24 10:00:00,34307.84
2022-05-24 11:00:00,33669.48
2022-05-24 12:00:00,32356.76
2022-05-24 13:00:00,31185.92
2022-05-24 14:00:00,31582.68
2022-05-24 15:00:00,31946.4
2022-05-24 16:00:00,33241.36
2022-05-24 17:00:00,34764.61
2022-05-24 18:00:00,36267.77
2022-05-24 19:00:00,36978.79
2022-05-24 20:00:00,37415.17
2022-05-24 21:00:00,36363.62
2022-05-24 22:00:00,34089.8
2022-05-24 23:00:00,34372.7
2022-05-25 00:00:00,31533.51
2022-05-25 01:00:00,30788.97
2022-05-25 02:00:00,30588.96
2022-05-25 03:00:00,29938.86
2022-05-25 04:00:00,31163.14
2022-05-25 05:00:00,32162.02
2022-05-25 06:00:00,33093.69
2022-05-25 07:00:00,35062.84
2022-05-25 08:00:00,35902.82
2022-05-25 09:00:00,35544.07
2022-05-25 10:00:00,35133.08
2022-05-25 11:00:00,34173.78
2022-05-25 12:00:00,32960.4
2022-05-25 13:00:00,32503.41
2022-05-25 14:00:00,32569.5
2022-05-25 15:00:00,33161.32
2022-05-25 16:00:00,34335.16
2022-05-25 17:00:00,35452.99
2022-05-25 18:00:00,37070.54
2022-05-25 19:00:00,37823.54
2022-05-25 20:00:00,38622.54
2022-05-25 21:00:00,36605.66
2022-05-25 22:00:00,36261.06
2022-05-25 23:00:00,34838.15
2022-05-26 00:00:00,31701.94
2022-05-26 01:00:00,30616.11
2022-05-26 02:00:00,31011.27
2022-05-26 03:00:00,30828.36
2022-05-26 04:00:00,30662.19
2022-05-26 05:00:00,31706.29
2022-05-26 06:00:00,33903.65
2022-05-26 07:00:00,35205.49
2022-05-26 08:00:00,35723.51
2022-05-26 09:00:00,35594.61
2022-05-26 10:00:00,35239.73
2022-05-26 11:00:00,34064.09
2022-05-26 12:00:00,33237.91
2022-05-26 13:00:00,32270.38
2022-05-26 14:00:00,32591.09
2022-05-26 15:00:00,33610.2
2022-05-26 16:00:00,34278.39
2022-05-26 17:00:00,35416.6
2022-05-26 18:00:00,36800.3
2022-05-26 19:00:00,37625.64
2022-05-26 20:00:00,38106.21
2022-05-26 21:00:00,36472.24
2022-05-26 22:00:00,35160.12
2022-05-26 23:00:00,33597.17
2022-05-27 00:00:00,30802.03
2022-05-27 01:00:00,30159.73
2022-05-27 02:00:00,30308.64
2022-05-27 03:00:00,29834.56
2022-05-27 04:00:00,30145.68
2022-05-27 05:00:00,30606.7
2022-05-27 06:00:00,32657.05
2022-05-27 07:00:00,33485.24
2022-05-27 08:00:00,35426.28
2022-05-27 09:00:00,34285.73
2022-05-27 10:00:00,34216.85
2022-05-27 11:00:00,32985.83
2022-05-27 12:00:00,31439.92
2022-05-27 13:00:00,31237.34
2022-05-27 14:00:00,31471.39
2022-05-27 15:00:00,30752.5
2022-05-27 16:00:00,32752.0
2022-05-27 17:00:00,33135.09
2022-05-27 18:00:00,35095.6
2022-05-27 19:00:00,36888.39
2022-05-27 20:00:00,36059.25
2022-05-27 21:00:00,34856.65
2022-05-27 22:00:00,33660.14
2022-05-27 23:00:00,32901.14
2022-05-28 00:00:00,25402.34
2022-05-28 01:00:00,25395.98
2022-05-28 02:00:00,25917.42
2022-05-28 03:00:00,25768.02
2022-05-28 04:00:00,25208.79
2022-05-28 05:00:00,25564.42
2022-05-28 06:00:00,28027.16
2022-05-28 07:00:00,29260.63
2022-05-28 08:00:00,29887.46
2022-05-28 09:00:00,29466.14
2022-05-28 10:00:00,29041.4
2022-05-28 11:00:00,27949.5
2022-05-28 12:00:00,27197.21
2022-05-28 13:00:00,27081.67
2022-05-28 14:00:00,26872.16
2022-05-28 15:00:00,26680.87
2022-05-28 16:00:00,28512.21
2022-05-28 17:00:00,29451.51
2022-05-28 18:00:00,30889.6
2022-05-28 19:00:00,31994.02
2022-05-28 20:00:00,31096.67
2022-05-28 21:00:00,30651.28
2022-05-28 22:00:00,29178.47
2022-05-28 23:00:00,27504.09
2022-05-29 00:00:00,24196.09
2022-05-29 01:00:00,24743.29
2022-05-29 02:00:00,22924.31
2022-05-29 03:00:00,23349.08
2022-05-29 04:00:00,23751.0
2022-05-29 05:00:00,24318.58
2022-05-29 06:00:00,25488.92
2022-05-29 07:00:00,26431.21
2022-05-29 08:00:00,27893.18
2022-05-29 09:00:00,27682.18
2022-05-29 10:00:00,26575.68
2022-05-29 11:00:00,26817.14
2022-05-29 12:00:00,25909.37
2022-05-29 13:00:00,25153.08
2022-05-29 14:00:00,25238.26
2022-05-29 15:00:00,26023.67
2022-05-29 16:00:00,26659.67
2022-05-29 17:00:00,28144.52
2022-05-29 18:00:00,28964.48
2022-05-29 19:00:00,30322.54
2022-05-29 20:00:00,29997.53
2022-05-29 21:00:00,29201.9
2022-05-29 22:00:00,27490.62
2022-05-29 23:00:00,26822.57
2022-05-30 00:00:00,29788.29
2022-05-30 01:00:00,29603.93
2022-05-30 02:00:00,29182.3
2022-05-30 03:00:00,28838.81
2022-05-30 04:00:00,30153.25
2022-05-30 05:00:00,30779.97
2022-05-30 06:00:00,32502.37
2022-05-30 07:00:00,33042.66
2022-05-30 08:00:00,34606.57
2022-05-30 09:00:00,34272.94
2022-05-30 10:00:00,33720.61
2022-05-30 11:00:00,32465.93
2022-05-30 12:00:00,32185.55
2022-05-30 13:00:00,31045.82
2022-05-30 14:00:00,31552.27
2022-05-30 15:00:00,31950.22
2022-05-30 16:00:00,33644.73
2022-05-30 17:00:00,33800.62
2022-05-30 18:00:00,36229.44
2022-05-30 19:00:00,37115.02
2022-05-30 20:00:00,36354.18
2022-05-30 21:00:00,36084.27
2022-05-30 22:00:00,34339.42
2022-05-30 23:00:00,32613.96
2022-05-31 00:00:00,29849.37
2022-05-31 01:00:00,29583.76
2022-05-31 02:00:00,30142.76
2022-05-31 03:00:00,29119.27
2022-05-31 04:00:00,29539.83
2022-05-31 05:00:00,29843.41
2022-05-31 06:00:00,31313.72
2022-05-31 07:00:00,33556.67
2022-05-31 08:00:00,33768.31
2022-05-31 09:00:00,34192.15
2022-05-31 10:00:00,33541.84
2022-05-31 11:00:00,32347.54
2022-05-31 12:00:00,31167.35
2022-05-31 13:00:00,30760.22
2022-05-31 14:00:00,30818.8
2022-05-31 15:00:00,31356.77
2022-05-31 16:00:00,31819.46
2022-05-31 17:00:00,33512.6
2022-05-31 18:00:00,35470.64
2022-05-31 19:00:00,36263.49
2022-05-31 20:00:00,35426.59
2022-05-31 21:00:00,35045.58
2022-05-31 22:00:00,32701.77
2022-05-31 23:00:00,31867.07
2022-06-01 00:00:00,29949.15
2022-06-01 01:00:00,28642.04
2022-06-01 02:00:00,28266.16
2022-06-01 03:00:00,28517.17
2022-06-01 04:00:00,27858.13
2022-06-01 05:00:00,29035.53
2022-06-01 06:00:00,30940.38
2022-06-01 07:00:00,32112.58
2022-06-01 08:00:00,33329.78
2022-06-01 09:00:00,33788.19
2022-06-01 10:00:00,32889.64
2022-06-01 11:00:00,31639.39
2022-06-01 12:00:00,30377.37
2022-06-01 13:00:00,30049.03
2022-06-01 14:00:00,29865.77
2022-06-01 15:00:00,30630.67
2022-06-01 16:00:00,31402.34
2022-06-01 17:00:00,33003.75
2022-06-01 18:00:00,34208.15
2022-06-01 19:00:00,35489.43
2022-06-01 20:00:00,35226.2
2022-06-01 21:00:00,34189.56
2022-06-01 22:00:00,33197.71
2022-06-01 23:00:00,31696.25
2022-06-02 00:00:00,29392.16
2022-06-02 01:00:00,28717.75
2022-06-02 02:00:00,28658.92
2022-06-02 03:00:00,28464.85
2022-06-02 04:00:00,28641.57
2022-06-02 05:00:00,29122.19
2022-06-02 06:00:00,31005.18
2022-06-02 07:00:00,32750.91
2022-06-02 08:00:00,33771.66
2022-06-02 09:00:00,33222.23
2022-06-02 10:00:00,33290.94
2022-06-02 11:00:00,32880.63
2022-06-02 12:00:00,30997.34
2022-06-02 13:00:00,30358.31
2022-06-02 14:00:00,30798.8
2022-06-02 15:00:00,31403.12
2022-06-02 16:00:00,32880.05
2022-06-02 17:00:00,33575.21
2022-06-02 18:00:00,35818.21
2022-06-02 19:00:00,36773.84
2022-06-02 20:00:00,36581.67
2022-06-02 21:00:00,35873.04
2022-06-02 22:00:00,34693.78
2022-06-02 23:00:00,33202.15
2022-06-03 00:00:00,30041.22
2022-06-03 01:00:00,30522.07
2022-06-03 02:00:00,29900.16
2022-06-03 03:00:00,29741.53
2022-06-03 04:00:00,29989.57
2022-06-03 05:00:00,30867.47
2022-06-03 06:00:00,32906.36
2022-06-03 07:00:00,34154.57
2022-06-03 08:00:00,34958.28
2022-06-03 09:00:00,35412.74
2022-06-03 10:00:00,34908.71
2022-06-03 11:00:00,34157.67
2022-06-03 12:00:00,32961.8
2022-06-03 13:00:00,31945.32
2022-06-03 14:00:00,33166.68
2022-06-03 15:00:00,33010.43
2022-06-03 16:00:00,34524.59
2022-06-03 17:00:00,35566.05
2022-06-03 18:00:00,37337.15
2022-06-03 19:00:00,38430.38
2022-06-03 20:00:00,38604.92
2022-06-03 21:00:00,37646.16
2022-06-03 22:00:00,36131.6
2022-06-03 23:00:00,34247.6
2022-06-04 00:00:00,27844.96
2022-06-04 01:00:00,27946.85
2022-06-04 02:00:00,27846.77
2022-06-04 03:00:00,27222.49
2022-06-04 04:00:00,27851.52
2022-06-04 05:00:00,28786.6
2022-06-04 06:00:00,29294.64
2022-06-04 07:00:00,30768.25
2022-06-04 08:00:00,31991.36
2022-06-04 09:00:00,32276.12
2022-06-04 10:00:00,31315.5
2022-06-04 11:00:00,30937.29
2022-06-04 12:00:00,29701.44
2022-06-04 13:00:00,29067.87
2022-06-04 14:00:00,28546.2
2022-06-04 15:00:00,29081.58
2022-06-04 16:00:00,30608.46
2022-06-04 17:00:00,31066.55
2022-06-04 18:00:00,33461.96
2022-06-04 19:00:00,33867.32
2022-06-04 20:00:00,35042.62
2022-06-04 21:00:00,33869.77
2022-06-04 22:00:00,31672.23
2022-06-04 23:00:00,30356.85
2022-06-05 00:00:00,26586.16
2022-06-05 01:00:00,26590.17
2022-06-05 02:00:00,25089.41
2022-06-05 03:00:00,24792.06
2022-06-05 04:00:00,25326.71
2022-06-05 05:00:00,26456.17
2022-06-05 06:00:00,27636.87
2022-06-05 07:00:00,29151.42
2022-06-05 08:00:00,29238.59
2022-06-05 09:00:00,28938.26
2022-06-05 10:00:00,29399.01
2022-06-05 11:00:00,27820.25
2022-06-05 12:00:00,26533.17
2022-06-05 13:00:00,26806.43
2022-06-05 14:00:00,27011.87
2022-06-05 15:00:00,27137.44
2022-06-05 16:00:00,27910.77
2022-06-05 17:00:00,29220.82
2022-06-05 18:00:00,30347.49
2022-06-05 19:00:00,30761.94
2022-06-05 20:00:00,30969.24
2022-06-05 21:00:00,30616.37
2022-06-05 22:00:00,29315.79
2022-06-05 23:00:00,28019.61
2022-06-06 00:00:00,31222.99
2022-06-06 01:00:00,31226.43
2022-06-06 02:00:00,30142.75
2022-06-06 03:00:00,30689.69
2022-06-06 04:00:00,31307.04
2022-06-06 05:00:00,31181.61
2022-06-06 06:00:00,32999.11
2022-06-06 07:00:00,34954.5
2022-06-06 08:00:00,36387.85
2022-06-06 09:00:00,35940.05
2022-06-06 10:00:00,35101.13
2022-06-06 11:00:00,33490.08
2022-06-06 12:00:00,33197.01
2022-06-06 13:00:00,33330.1
2022-06-06 14:00:00,32732.6
2022-06-06 15:00:00,33219.02
2022-06-06 16:00:00,34474.54
2022-06-06 17:00:00,35877.63
2022-06-06 18:00:00,37111.28
2022-06-06 19:00:00,38657.31
2022-06-06 20:00:00,38481.64
2022-06-06 21:00:00,37502.02
2022-06-06 22:00:00,35704.62
2022-06-06 23:00:00,35037.81
2022-06-07 00:00:00,32338.7
2022-06-07 01:00:00,31680.74
2022-06-07 02:00:00,31888.34
2022-06-07 03:00:00,31133.66
2022-06-07 04:00:00,31260.16
2022-06-07 05:00:00,32203.47
2022-06-07 06:00:00,33399.39
2022-06-07 07:00:00,35860.89
2022-06-07 08:00:00,36204.48
2022-06-07 09:00:00,36600.36
2022-06-07 10:00:00,35585.41
2022-06-07 11:00:00,35150.16
2022-06-07 12:00:00,34139.33
2022-06-07 13:00:00,33559.52
2022-06-07 14:00:00,33353.63
2022-06-07 15:00:00,33921.12
2022-06-07 16:00:00,35647.46
2022-06-07 17:00:00,36827.33
2022-06-07 18:00:00,38657.25
2022-06-07 19:00:00,39218.9
2022-06-07 20:00:00,39631.1
2022-06-07 21:00:00,39119.24
2022-06-07 22:00:00,37417.09
2022-06-07 23:00:00,35598.4
2022-06-08 00:00:00,33350.31
2022-06-08 01:00:00,32932.54
2022-06-08 02:00:00,32667.77
2022-06-08 03:00:00,32302.51
2022-06-08 04:00:00,32562.95
2022-06-08 05:00:00,33604.76
2022-06-08 06:00:00,34704.0
2022-06-08 07:00:00,36340.71
2022-06-08 08:00:00,37324.63
2022-06-08 09:00:00,37397.2
2022-06-08 10:00:00,36771.57
2022-06-08 11:00:00,36077.74
2022-06-08 12:00:00,34674.25
2022-06-08 13:00:00,34598.92
2022-06-08 14:00:00,34424.0
2022-06-08 15:00:00,34281.43
2022-06-08 16:00:00,36296.68
2022-06-08 17:00:00,37827.8
2022-06-08 18:00:00,38662.29
2022-06-08 19:00:00,40077.36
2022-06-08 20:00:00,39605.97
2022-06-08 21:00:00,38970.43
2022-06-08 22:00:00,36976.53
2022-06-08 23:00:00,35255.43
2022-06-09 00:00:00,33200.1
2022-06-09 01:00:00,32979.11
2022-06-09 02:00:00,32463.0
2022-06-09 03:00:00,31870.65
2022-06-09 04:00:00,32280.6
2022-06-09 05:00:00,33356.68
2022-06-09 06:00:00,34700.16
2022-06-09 07:00:00,36357.34
2022-06-09 08:00:00,37107.19
2022-06-09 09:00:00,37833.53
2022-06-09 10:00:00,36188.4
2022-06-09 11:00:00,35532.81
2022-06-09 12:00:00,34680.11
2022-06-09 13:00:00,33808.52
2022-06-09 14:00:00,33505.38
2022-06-09 15:00:00,33895.48
2022-06-09 16:00:00,35487.97
2022-06-09 17:00:00,36054.32
2022-06-09 18:00:00,37632.04
2022-06-09 19:00:00,38708.5
2022-06-09 20:00:00,39215.09
2022-06-09 21:00:00,37907.21
2022-06-09 22:00:00,35883.35
2022-06-09 23:00:00,34545.75
2022-06-10 00:00:00,31863.0
2022-06-10 01:00:00,31492.95
2022-06-10 02:00:00,31642.27
2022-06-10 03:00:00,30484.47
2022-06-10 04:00:00,31648.77
2022-06-10 05:00:00,32206.69
2022-06-10 06:00:00,33744.92
2022-06-10 07:00:00,34775.19
2022-06-10 08:00:00,35933.15
2022-06-10 09:00:00,35569.47
2022-06-10 10:00:00,35071.43
2022-06-10 11:00:00,34200.85
2022-06-10 12:00:00,33400.37
2022-06-10 13:00:00,31950.84
2022-06-10 14:00:00,32167.68
2022-06-10 15:00:00,32771.26
2022-06-10 16:00:00,33408.32
2022-06-10 17:00:00,35561.58
2022-06-10 18:00:00,36554.16
2022-06-10 19:00:00,37651.79
2022-06-10 20:00:00,37535.53
2022-06-10 21:00:00,36451.66
2022-06-10 22:00:00,35217.59
2022-06-10 23:00:00,33623.29
2022-06-11 00:00:00,27301.05
2022-06-11 01:00:00,26924.46
2022-06-11 02:00:00,26948.54
2022-06-11 03:00:00,27167.98
2022-06-11 04:00:00,26793.34
2022-06-11 05:00:00,27874.02
2022-06-11 06:00:00,28362.05
2022-06-11 07:00:00,30340.24
2022-06-11 08:00:00,30875.25
2022-06-11 09:00:00,30869.65
2022-06-11 10:00:00,30461.91
2022-06-11 11:00:00,30110.3
2022-06-11 12:00:00,29126.09
2022-06-11 13:00:00,28394.88
2022-06-11 14:00:00,27786.88
2022-06-11 15:00:00,28770.18
2022-06-11 16:00:00,29937.89
2022-06-11 17:00:00,31225.02
2022-06-11 18:00:00,31844.09
2022-06-11 19:00:00,33026.78
2022-06-11 20:00:00,33337.03
2022-06-11 21:00:00,32739.96
2022-06-11 22:00:00,30497.57
2022-06-11 23:00:00,29909.66
2022-06-12 00:00:00,25936.08
2022-06-12 01:00:00,25981.09
2022-06-12 02:00:00,25637.06
2022-06-12 03:00:00,25395.79
2022-06-12 04:00:00,25082.12
2022-06-12 05:00:00,25445.27
2022-06-12 06:00:00,27229.27
2022-06-12 07:00:00,29074.08
2022-06-12 08:00:00,30134.71
2022-06-12 09:00:00,30027.24
2022-06-12 10:00:00,29318.65
2022-06-12 11:00:00,28351.38
2022-06-12 12:00:00,27190.56
2022-06-12 13:00:00,26891.1
2022-06-12 14:00:00,27532.85
2022-06-12 15:00:00,27095.97
2022-06-12 16:00:00,28910.83
2022-06-12 17:00:00,29464.93
2022-06-12 18:00:00,31265.84
2022-06-12 19:00:00,31086.95
2022-06-12 20:00:00,31787.85
2022-06-12 21:00:00,30554.14
2022-06-12 22:00:00,29097.36
2022-06-12 23:00:00,28434.79
2022-06-13 00:00:00,32421.64
2022-06-13 01:00:00,31492.44
2022-06-13 02:00:00,30875.02
2022-06-13 03:00:00,31082.26
2022-06-13 04:00:00,31251.17
2022-06-13 05:00:00,32347.36
2022-06-13 06:00:00,33972.87
2022-06-13 07:00:00,35228.66
2022-06-13 08:00:00,36978.12
2022-06-13 09:00:00,36519.4
2022-06-13 10:00:00,35526.28
2022-06-13 11:00:00,33874.94
2022-06-13 12:00:00,33279.98
2022-06-13 13:00:00,32655.81
2022-06-13 14:00:00,33072.74
2022-06-13 15:00:00,33428.73
2022-06-13 16:00:00,33924.17
2022-06-13 17:00:00,35848.36
2022-06-13 18:00:00,37465.37
2022-06-13 19:00:00,38663.11
2022-06-13 20:00:00,38393.95
2022-06-13 21:00:00,37361.56
2022-06-13 22:00:00,35582.51
2022-06-13 23:00:00,34146.68
2022-06-14 00:00:00,31889.64
2022-06-14 01:00:00,30663.8
2022-06-14 02:00:00,30579.58
2022-06-14 03:00:00,30108.48
2022-06-14 04:00:00,30643.52
2022-06-14 05:00:00,31782.09
2022-06-14 06:00:00,32597.26
2022-06-14 07:00:00,33550.89
2022-06-14 08:00:00,35297.67
2022-06-14 09:00:00,35852.04
2022-06-14 10:00:00,34908.34
2022-06-14 11:00:00,33645.88
2022-06-14 12:00:00,32318.57
2022-06-14 13:00:00,31361.48
2022-06-14 14:00:00,31946.88
2022-06-14 15:00:00,32002.5
2022-06-14 16:00:00,34130.21
2022-06-14 17:00:00,35021.25
2022-06-14 18:00:00,36068.78
2022-06-14 19:00:00,36967.66
2022-06-14 20:00:00,37119.3
2022-06-14 21:00:00,36098.58
2022-06-14 22:00:00,35061.59
2022-06-14 23:00:00,33210.71
2022-06-15 00:00:00,30359.73
2022-06-15 01:00:00,30987.49
2022-06-15 02:00:00,29949.97
2022-06-15 03:00:00,29917.17
2022-06-15 04:00:00,29608.51
2022-06-15 05:00:00,30833.44
2022-06-15 06:00:00,32316.97
2022-06-15 07:00:00,33177.68
2022-06-15 08:00:00,35651.04
2022-06-15 09:00:00,35542.35
2022-06-15 10:00:00,34196.21
2022-06-15 11:00:00,32784.08
2022-06-15 12:00:00,32272.75
2022-06-15 13:00:00,31636.39
2022-06-15 14:00:00,31751.81
2022-06-15 15:00:00,32287.56
2022-06-15 16:00:00,33535.34
2022-06-15 17:00:00,35387.81
2022-06-15 18:00:00,36598.56
2022-06-15 19:00:00,37010.58
2022-06-15 20:00:00,37893.97
2022-06-15 21:00:00,37090.92
2022-06-15 22:00:00,36177.21
2022-06-15 23:00:00,33224.24
2022-06-16 00:00:00,31240.83
2022-06-16 01:00:00,30204.66
2022-06-16 02:00:00,30800.54
2022-06-16 03:00:00,30196.0
2022-06-16 04:00:00,31298.69
2022-06-16 05:00:00,31302.15
2022-06-16 06:00:00,32544.94
2022-06-16 07:00:00,34661.51
2022-06-16 08:00:00,35298.98
2022-06-16 09:00:00,36453.35
2022-06-16 10:00:00,34765.06
2022-06-16 11:00:00,34382.73
2022-06-16 12:00:00,32674.4
2022-06-16 13:00:00,32789.33
2022-06-16 14:00:00,33539.85
2022-06-16 15:00:00,33722.99
2022-06-16 16:00:00,34467.96
2022-06-16 17:00:00,36314.9
2022-06-16 18:00:00,37879.81
2022-06-16 19:00:00,39042.97
2022-06-16 20:00:00,38460.61
2022-06-16 21:00:00,38264.86
2022-06-16 22:00:00,35683.47
2022-06-16 23:00:00,34964.67
2022-06-17 00:00:00,32560.2
2022-06-17 01:00:00,32734.75
2022-06-17 02:00:00,32195.34
2022-06-17 03:00:00,31473.59
2022-06-17 04:00:00,31852.0
2022-06-17 05:00:00,33204.13
2022-06-17 06:00:00,34656.39
2022-06-17 07:00:00,36154.82
2022-06-17 08:00:00,37332.96
2022-06-17 09:00:00,37921.48
2022-06-17 10:00:00,36767.35
2022-06-17 11:00:00,35772.92
2022-06-17 12:00:00,35559.4
2022-06-17 13:00:00,33765.91
2022-06-17 14:00:00,33641.06
2022-06-17 15:00:00,35154.77
2022-06-17 16:00:00,35773.22
2022-06-17 17:00:00,37409.56
2022-06-17 18:00:00,38747.69
2022-06-17 19:00:00,39884.76
2022-06-17 20:00:00,40545.45
2022-06-17 21:00:00,39332.42
2022-06-17 22:00:00,37871.88
2022-06-17 23:00:00,35574.26
2022-06-18 00:00:00,29128.98
2022-06-18 01:00:00,28296.15
2022-06-18 02:00:00,28669.22
2022-06-18 03:00:00,29041.02
2022-06-18 04:00:00,29039.35
2022-06-18 05:00:00,29554.97
2022-06-18 06:00:00,30937.2
2022-06-18 07:00:00,32125.88
2022-06-18 08:00:00,33395.03
2022-06-18 09:00:00,33697.41
2022-06-18 10:00:00,32173.51
2022-06-18 11:00:00,31789.06
2022-06-18 12:00:00,31080.91
2022-06-18 13:00:00,30092.94
2022-06-18 14:00:00,30462.11
2022-06-18 15:00:00,31680.64
2022-06-18 16:00:00,31613.69
2022-06-18 17:00:00,33078.87
2022-06-18 18:00:00,33967.13
2022-06-18 19:00:00,35095.22
2022-06-18 20:00:00,35170.49
2022-06-18 21:00:00,34226.38
2022-06-18 22:00:00,32470.97
2022-06-18 23:00:00,31555.99
2022-06-19 00:00:00,27769.32
2022-06-19 01:00:00,27171.69
2022-06-19 02:00:00,27022.3
2022-06-19 03:00:00,26361.0
2022-06-19 04:00:00,26838.83
2022-06-19 05:00:00,27388.65
2022-06-19 06:00:00,28177.05
2022-06-19 07:00:00,29945.02
2022-06-19 08:00:00,30378.97
2022-06-19 09:00:00,30607.36
2022-06-19 10:00:00,30258.64
2022-06-19 11:00:00,29322.79
2022-06-19 12:00:00,27948.23
2022-06-19 13:00:00,28266.73
2022-06-19 14:00:00,28095.1
2022-06-19 15:00:00,28113.64
2022-06-19 16:00:00,28733.47
2022-06-19 17:00:00,30447.87
2022-06-19 18:00:00,31565.32
2022-06-19 19:00:00,32540.54
2022-06-19 20:00:00,32383.12
2022-06-19 21:00:00,31046.41
2022-06-19 22:00:00,30407.16
2022-06-19 23:00:00,29218.91
2022-06-20 00:00:00,33492.6
2022-06-20 01:00:00,32776.61
2022-06-20 02:00:00,33254.99
2022-06-20 03:00:00,31752.71
2022-06-20 04:00:00,33092.23
2022-06-20 05:00:00,33477.13
2022-06-20 06:00:00,35394.63
2022-06-20 07:00:00,36788.0
2022-06-20 08:00:00,38299.7
2022-06-20 09:00:00,37943.07
2022-06-20 10:00:00,36970.2
2022-06-20 11:00:00,36716.53
2022-06-20 12:00:00,35189.26
2022-06-20 13:00:00,34788.18
2022-06-20 14:00:00,35189.03
2022-06-20 15:00:00,35011.94
2022-06-20 16:00:00,36740.32
2022-06-20 17:00:00,37867.65
2022-06-20 18:00:00,39563.34
2022-06-20 19:00:00,40627.96
2022-06-20 20:00:00,40129.31
2022-06-20 21:00:00,39491.74
2022-06-20 22:00:00,38802.46
2022-06-20 23:00:00,37188.78
2022-06-21 00:00:00,34393.7
2022-06-21 01:00:00,34278.94
2022-06-21 02:00:00,33762.54
2022-06-21 03:00:00,34116.87
2022-06-21 04:00:00,33802.61
2022-06-21 05:00:00,34892.16
2022-06-21 06:00:00,36762.94
2022-06-21 07:00:00,37765.42
2022-06-21 08:00:00,39729.83
2022-06-21 09:00:00,38828.91
2022-06-21 10:00:00,39210.06
2022-06-21 11:00:00,37369.43
2022-06-21 12:00:00,36416.57
2022-06-21 13:00:00,35310.17
2022-06-21 14:00:00,35843.72
2022-06-21 15:00:00,36236.73
2022-06-21 16:00:00,37524.8
2022-06-21 17:00:00,39206.25
2022-06-21 18:00:00,41096.29
2022-06-21 19:00:00,41794.78
2022-06-21 20:00:00,41846.29
2022-06-21 21:00:00,40426.76
2022-06-21 22:00:00,39025.79
2022-06-21 23:00:00,38468.35
2022-06-22 00:00:00,35069.79
2022-06-22 01:00:00,35635.25
2022-06-22 02:00:00,34589.9
2022-06-22 03:00:00,34397.65
2022-06-22 04:00:00,34945.25
2022-06-22 05:00:00,35895.1
2022-06-22 06:00:00,36901.12
2022-06-22 07:00:00,38417.12
2022-06-22 08:00:00,39616.07
2022-06-22 09:00:00,39868.79
2022-06-22 10:00:00,39270.97
2022-06-22 11:00:00,37753.09
2022-06-22 12:00:00,36901.52
2022-06-22 13:00:00,36659.59
2022-06-22 14:00:00,36181.57
2022-06-22 15:00:00,36685.53
2022-06-22 16:00:00,37112.28
2022-06-22 17:00:00,38170.87
2022-06-22 18:00:00,40665.66
2022-06-22 19:00:00,41389.61
2022-06-22 20:00:00,41191.99
2022-06-22 21:00:00,40462.94
2022-06-22 22:00:00,38815.64
2022-06-22 23:00:00,37672.91
2022-06-23 00:00:00,34733.1
2022-06-23 01:00:00,34110.13
2022-06-23 02:00:00,34279.63
2022-06-23 03:00:00,33523.24
2022-06-23 04:00:00,33903.91
2022-06-23 05:00:00,34380.94
2022-06-23 06:00:00,35762.29
2022-06-23 07:00:00,37586.77
2022-06-23 08:00:00,38601.83
2022-06-23 09:00:00,38840.53
2022-06-23 10:00:00,37750.59
2022-06-23 11:00:00,35961.22
2022-06-23 12:00:00,35355.83
2022-06-23 13:00:00,35159.82
2022-06-23 14:00:00,34716.74
2022-06-23 15:00:00,35243.32
2022-06-23 16:00:00,36726.18
2022-06-23 17:00:00,37567.01
2022-06-23 18:00:00,38705.46
2022-06-23 19:00:00,40077.03
2022-06-23 20:00:00,39911.51
2022-06-23 21:00:00,38750.27
2022-06-23 22:00:00,37491.66
2022-06-23 23:00:00,36175.52
2022-06-24 00:00:00,33435.46
2022-06-24 01:00:00,33230.68
2022-06-24 02:00:00,33338.72
2022-06-24 03:00:00,32272.72
2022-06-24 04:00:00,32636.24
2022-06-24 05:00:00,33217.78
2022-06-24 06:00:00,34573.18
2022-06-24 07:00:00,36266.81
2022-06-24 08:00:00,37381.22
2022-06-24 09:00:00,37789.63
2022-06-24 10:00:00,37700.19
2022-06-24 11:00:00,35431.16
2022-06-24 12:00:00,34485.8
2022-06-24 13:00:00,34032.62
2022-06-24 14:00:00,34182.22
2022-06-24 15:00:00,34696.36
2022-06-24 16:00:00,36158.0
2022-06-24 17:00:00,36348.81
2022-06-24 18:00:00,37847.06
2022-06-24 19:00:00,39452.72
2022-06-24 20:00:00,40014.62
2022-06-24 21:00:00,38147.02
2022-06-24 22:00:00,36164.04
2022-06-24 23:00:00,35924.17
2022-06-25 00:00:00,29313.63
2022-06-25 01:00:00,28618.84
2022-06-25 02:00:00,28335.71
2022-06-25 03:00:00,28115.72
2022-06-25 04:00:00,28669.91
2022-06-25 05:00:00,29212.82
2022-06-25 06:00:00,30946.82
2022-06-25 07:00:00,31228.55
2022-06-25 08:00:00,32918.14
2022-06-25 09:00:00,32965.87
2022-06-25 10:00:00,32617.68
2022-06-25 11:00:00,31503.37
2022-06-25 12:00:00,31081.72
2022-06-25 13:00:00,29676.77
2022-06-25 14:00:00,30364.2
2022-06-25 15:00:00,31064.92
2022-06-25 16:00:00,32516.8
2022-06-25 17:00:00,33032.08
2022-06-25 18:00:00,34640.91
2022-06-25 19:00:00,34744.16
2022-06-25 20:00:00,34556.95
2022-06-25 21:00:00,34878.55
2022-06-25 22:00:00,33289.22
2022-06-25 23:00:00,32396.59
2022-06-26 00:00:00,27265.37
2022-06-26 01:00:00,27716.11
2022-06-26 02:00:00,27888.03
2022-06-26 03:00:00,27165.78
2022-06-26 04:00:00,27272.2
2022-06-26 05:00:00,27914.38
2022-06-26 06:00:00,28599.16
2022-06-26 07:00:00,30962.74
2022-06-26 08:00:00,31179.52
2022-06-26 09:00:00,31681.94
2022-06-26 10:00:00,30327.67
2022-06-26 11:00:00,29490.66
2022-06-26 12:00:00,29550.23
2022-06-26 13:00:00,28454.84
2022-06-26 14:00:00,29073.44
2022-06-26 15:00:00,28990.35
2022-06-26 16:00:00,29268.08
2022-06-26 17:00:00,31431.73
2022-06-26 18:00:00,32111.78
2022-06-26 19:00:00,33314.36
2022-06-26 20:00:00,33056.09
2022-06-26 21:00:00,31710.31
2022-06-26 22:00:00,31062.5
2022-06-26 23:00:00,30513.28
2022-06-27 00:00:00,33882.29
2022-06-27 01:00:00,33378.27
2022-06-27 02:00:00,33355.53
2022-06-27 03:00:00,32737.41
2022-06-27 04:00:00,32874.8
2022-06-27 05:00:00,33264.22
2022-06-27 06:00:00,35185.18
2022-06-27 07:00:00,37047.59
2022-06-27 08:00:00,37445.73
2022-06-27 09:00:00,38324.17
2022-06-27 10:00:00,36976.33
2022-06-27 11:00:00,35466.67
2022-06-27 12:00:00,35038.32
2022-06-27 13:00:00,33970.66
2022-06-27 14:00:00,34281.69
2022-06-27 15:00:00,34427.27
2022-06-27 16:00:00,35563.43
2022-06-27 17:00:00,37194.78
2022-06-27 18:00:00,38554.35
2022-06-27 19:00:00,38642.06
2022-06-27 20:00:00,38894.84
2022-06-27 21:00:00,38618.07
2022-06-27 22:00:00,36708.14
2022-06-27 23:00:00,35017.6
2022-06-28 00:00:00,32145.08
2022-06-28 01:00:00,31921.55
2022-06-28 02:00:00,31166.22
2022-06-28 03:00:00,31520.01
2022-06-28 04:00:00,31484.39
2022-06-28 05:00:00,32204.47
2022-06-28 06:00:00,33983.63
2022-06-28 07:00:00,35727.91
2022-06-28 08:00:00,37401.04
2022-06-28 09:00:00,36244.75
2022-06-28 10:00:00,36384.24
2022-06-28 11:00:00,35113.15
2022-06-28 12:00:00,33440.18
2022-06-28 13:00:00,33197.73
2022-06-28 14:00:00,32946.33
2022-06-28 15:00:00,33723.23
2022-06-28 16:00:00,35282.69
2022-06-28 17:00:00,36448.33
2022-06-28 18:00:00,37891.9
2022-06-28 19:00:00,38500.94
2022-06-28 20:00:00,38131.16
2022-06-28 21:00:00,37637.78
2022-06-28 22:00:00,36651.57
2022-06-28 23:00:00,34200.25
2022-06-29 00:00:00,31842.78
2022-06-29 01:00:00,31997.79
2022-06-29 02:00:00,31247.55
2022-06-29 03:00:00,31061.98
2022-06-29 04:00:00,31396.24
2022-06-29 05:00:00,31983.2
2022-06-29 06:00:00,33653.45
2022-06-29 07:00:00,35902.75
2022-06-29 08:00:00,36336.35
2022-06-29 09:00:00,36409.83
2022-06-29 10:00:00,36022.75
2022-06-29 11:00:00,35362.95
2022-06-29 12:00:00,34047.08
2022-06-29 13:00:00,33435.44
2022-06-29 14:00:00,33660.93
2022-06-29 15:00:00,33652.56
2022-06-29 16:00:00,35598.12
2022-06-29 17:00:00,37104.79
2022-06-29 18:00:00,38366.96
2022-06-29 19:00:00,39860.27
2022-06-29 20:00:00,39170.94
2022-06-29 21:00:00,39076.68
2022-06-29 22:00:00,37308.38
2022-06-29 23:00:00,35693.44
2022-06-30 00:00:00,33326.89
2022-06-30 01:00:00,33083.89
2022-06-30 02:00:00,33230.31
2022-06-30 03:00:00,32213.74
2022-06-30 04:00:00,32565.92
2022-06-30 05:00:00,34146.07
2022-06-30 06:00:00,35138.74
2022-06-30 07:00:00,37351.74
2022-06-30 08:00:00,38792.53
2022-06-30 09:00:00,38252.54
2022-06-30 10:00:00,37922.59
2022-06-30 11:00:00,36157.01
2022-06-30 12:00:00,35843.81
2022-06-30 13:00:00,35137.5
2022-06-30 14:00:00,35283.04
2022-06-30 15:00:00,35508.52
2022-06-30 16:00:00,36309.8
2022-06-30 17:00:00,38604.69
2022-06-30 18:00:00,39234.31
2022-06-30 19:00:00,40828.31
2022-06-30 20:00:00,41307.75
2022-06-30 21:00:00,40140.17
2022-06-30 22:00:00,39302.5
2022-06-30 23:00:00,37508.42
2022-07-01 00:00:00,34408.85
2022-07-01 01:00:00,34401.25
2022-07-01 02:00:00,34020.59
2022-07-01 03:00:00,33231.94
2022-07-01 04:00:00,33657.56
2022-07-01 05:00:00,34697.53
2022-07-01 06:00:00,35699.41
2022-07-01 07:00:00,38070.66
2022-07-01 08:00:00,39078.89
2022-07-01 09:00:00,38725.31
2022-07-01 10:00:00,38691.2
2022-07-01 11:00:00,37623.77
2022-07-01 12:00:00,36417.36
2022-07-01 13:00:00,35657.58
2022-07-01 14:00:00,35972.26
2022-07-01 15:00:00,36564.43
2022-07-01 16:00:00,37534.59
2022-07-01 17:00:00,38619.73
2022-07-01 18:00:00,40477.29
2022-07-01 19:00:00,41726.4
2022-07-01 20:00:00,41083.36
2022-07-01 21:00:00,41067.2
2022-07-01 22:00:00,38643.6
2022-07-01 23:00:00,37316.24
2022-07-02 00:00:00,30334.68
2022-07-02 01:00:00,30388.75
2022-07-02 02:00:00,29347.44
2022-07-02 03:00:00,29505.07
2022-07-02 04:00:00,29452.89
2022-07-02 05:00:00,30644.75
2022-07-02 06:00:00,32247.6
2022-07-02 07:00:00,33538.81
2022-07-02 08:00:00,33431.75
2022-07-02 09:00:00,35076.88
2022-07-02 10:00:00,33771.17
2022-07-02 11:00:00,32338.71
2022-07-02 12:00:00,31735.04
2022-07-02 13:00:00,31226.2
2022-07-02 14:00:00,30912.21
2022-07-02 15:00:00,31697.59
2022-07-02 16:00:00,32376.07
2022-07-02 17:00:00,33745.41
2022-07-02 18:00:00,34939.79
2022-07-02 19:00:00,35495.22
2022-07-02 20:00:00,36037.15
2022-07-02 21:00:00,35353.05
2022-07-02 22:00:00,34012.79
2022-07-02 23:00:00,32791.52
2022-07-03 00:00:00,28307.82
2022-07-03 01:00:00,27782.32
2022-07-03 02:00:00,27952.05
2022-07-03 03:00:00,26960.89
2022-07-03 04:00:00,27273.67
2022-07-03 05:00:00,27987.36
2022-07-03 06:00:00,29944.02
2022-07-03 07:00:00,31242.63
2022-07-03 08:00:00,31999.39
2022-07-03 09:00:00,32331.08
2022-07-03 10:00:00,31036.43
2022-07-03 11:00:00,30517.79
2022-07-03 12:00:00,29523.24
2022-07-03 13:00:00,29422.65
2022-07-03 14:00:00,29108.98
2022-07-03 15:00:00,29506.07
2022-07-03 16:00:00,30767.54
2022-07-03 17:00:00,32137.84
2022-07-03 18:00:00,32845.9
2022-07-03 19:00:00,33863.55
2022-07-03 20:00:00,33548.96
2022-07-03 21:00:00,32308.68
2022-07-03 22:00:00,32071.48
2022-07-03 23:00:00,31020.89
2022-07-04 00:00:00,35157.18
2022-07-04 01:00:00,34160.35
2022-07-04 02:00:00,34392.46
2022-07-04 03:00:00,33518.13
2022-07-04 04:00:00,35009.26
2022-07-04 05:00:00,35094.58
2022-07-04 06:00:00,37473.38
2022-07-04 07:00:00,39051.09
2022-07-04 08:00:00,39563.87
2022-07-04 09:00:00,39677.11
2022-07-04 10:00:00,39487.39
2022-07-04 11:00:00,37947.33
2022-07-04 12:00:00,37300.09
2022-07-04 13:00:00,36586.9
2022-07-04 14:00:00,36186.95
2022-07-04 15:00:00,36652.39
2022-07-04 16:00:00,38675.79
2022-07-04 17:00:00,39944.89
2022-07-04 18:00:00,41484.26
2022-07-04 19:00:00,42913.54
2022-07-04 20:00:00,43129.64
2022-07-04 21:00:00,41728.87
2022-07-04 22:00:00,40263.87
2022-07-04 23:00:00,39098.92
2022-07-05 00:00:00,35932.17
2022-07-05 01:00:00,36251.67
2022-07-05 02:00:00,36024.95
2022-07-05 03:00:00,35831.31
2022-07-05 04:00:00,35129.32
2022-07-05 05:00:00,36460.73
2022-07-05 06:00:00,37950.88
2022-07-05 07:00:00,39947.74
2022-07-05 08:00:00,41205.28
2022-07-05 09:00:00,41717.41
2022-07-05 10:00:00,40270.48
2022-07-05 11:00:00,39103.67
2022-07-05 12:00:00,38654.76
2022-07-05 13:00:00,37798.32
2022-07-05 14:00:00,38140.56
2022-07-05 15:00:00,38366.12
2022-07-05 16:00:00,38966.67
2022-07-05 17:00:00,40391.16
2022-07-05 18:00:00,41790.3
2022-07-05 19:00:00,43494.6
2022-07-05 20:00:00,43663.67
2022-07-05 21:00:00,42934.71
2022-07-05 22:00:00,41074.56
2022-07-05 23:00:00,39659.5
2022-07-06 00:00:00,36459.4
2022-07-06 01:00:00,35954.95
2022-07-06 02:00:00,36245.87
2022-07-06 03:00:00,35786.19
2022-07-06 04:00:00,35821.8
2022-07-06 05:00:00,36770.24
2022-07-06 06:00:00,38209.73
2022-07-06 07:00:00,40131.95
2022-07-06 08:00:00,41192.43
2022-07-06 09:00:00,41019.55
2022-07-06 10:00:00,40309.83
2022-07-06 11:00:00,38963.81
2022-07-06 12:00:00,37534.62
2022-07-06 13:00:00,37342.33
2022-07-06 14:00:00,36533.15
2022-07-06 15:00:00,37901.72
2022-07-06 16:00:00,38167.11
2022-07-06 17:00:00,40119.5
2022-07-06 18:00:00,41150.02
2022-07-06 19:00:00,42522.56
2022-07-06 20:00:00,42258.13
2022-07-06 21:00:00,40710.94
2022-07-06 22:00:00,39870.81
2022-07-06 23:00:00,37959.93
2022-07-07 00:00:00,35844.45
2022-07-07 01:00:00,35206.03
2022-07-07 02:00:00,34908.25
2022-07-07 03:00:00,34105.48
2022-07-07 04:00:00,34361.19
2022-07-07 05:00:00,35243.59
2022-07-07 06:00:00,37155.66
2022-07-07 07:00:00,39022.23
2022-07-07 08:00:00,39206.82
2022-07-07 09:00:00,39955.89
2022-07-07 10:00:00,38008.34
2022-07-07 11:00:00,37127.35
2022-07-07 12:00:00,36132.84
2022-07-07 13:00:00,35390.88
2022-07-07 14:00:00,35271.35
2022-07-07 15:00:00,36502.67
2022-07-07 16:00:00,37359.56
2022-07-07 17:00:00,39028.6
2022-07-07 18:00:00,40593.81
2022-07-07 19:00:00,41360.93
2022-07-07 20:00:00,41474.76
2022-07-07 21:00:00,40257.27
2022-07-07 22:00:00,38360.97
2022-07-07 23:00:00,37627.84
2022-07-08 00:00:00,34464.79
2022-07-08 01:00:00,34059.55
2022-07-08 02:00:00,33937.24
2022-07-08 03:00:00,33400.54
2022-07-08 04:00:00,33751.84
2022-07-08 05:00:00,34907.25
2022-07-08 06:00:00,36413.65
2022-07-08 07:00:00,37610.79
2022-07-08 08:00:00,38862.33
2022-07-08 09:00:00,39554.3
2022-07-08 10:00:00,38595.8
2022-07-08 11:00:00,37980.94
2022-07-08 12:00:00,36645.58
2022-07-08 13:00:00,36083.23
2022-07-08 14:00:00,35212.02
2022-07-08 15:00:00,36550.53
2022-07-08 16:00:00,37392.81
2022-07-08 17:00:00,38730.54
2022-07-08 18:00:00,40487.8
2022-07-08 19:00:00,41723.35
2022-07-08 20:00:00,41590.36
2022-07-08 21:00:00,40188.75
2022-07-08 22:00:00,39292.9
2022-07-08 23:00:00,37330.88
2022-07-09 00:00:00,30875.5
2022-07-09 01:00:00,30474.37
2022-07-09 02:00:00,30191.42
2022-07-09 03:00:00,30316.35
2022-07-09 04:00:00,29864.26
2022-07-09 05:00:00,31712.39
2022-07-09 06:00:00,31736.88
2022-07-09 07:00:00,33618.03
2022-07-09 08:00:00,34944.72
2022-07-09 09:00:00,35157.54
2022-07-09 10:00:00,34259.62
2022-07-09 11:00:00,33251.73
2022-07-09 12:00:00,32517.48
2022-07-09 13:00:00,31807.63
2022-07-09 14:00:00,32385.03
2022-07-09 15:00:00,32699.11
2022-07-09 16:00:00,33693.6
2022-07-09 17:00:00,34367.62
2022-07-09 18:00:00,35987.26
2022-07-09 19:00:00,36739.42
2022-07-09 20:00:00,36491.44
2022-07-09 21:00:00,36137.27
2022-07-09 22:00:00,34509.35
2022-07-09 23:00:00,33596.92
2022-07-10 00:00:00,28590.18
2022-07-10 01:00:00,29331.51
2022-07-10 02:00:00,28092.28
2022-07-10 03:00:00,28243.43
2022-07-10 04:00:00,28575.56
2022-07-10 05:00:00,28809.47
2022-07-10 06:00:00,30519.57
2022-07-10 07:00:00,31104.48
2022-07-10 08:00:00,32921.97
2022-07-10 09:00:00,32504.64
2022-07-10 10:00:00,31634.21
2022-07-10 11:00:00,30740.98
2022-07-10 12:00:00,30247.46
2022-07-10 13:00:00,29262.67
2022-07-10 14:00:00,29168.14
2022-07-10 15:00:00,29781.03
2022-07-10 16:00:00,30317.39
2022-07-10 17:00:00,32549.63
2022-07-10 18:00:00,32889.96
2022-07-10 19:00:00,34108.62
2022-07-10 20:00:00,33846.93
2022-07-10 21:00:00,32611.69
2022-07-10 22:00:00,31689.29
2022-07-10 23:00:00,30686.92
2022-07-11 00:00:00,34375.72
2022-07-11 01:00:00,34528.12
2022-07-11 02:00:00,34030.56
2022-07-11 03:00:00,33662.46
2022-07-11 04:00:00,33302.64
2022-07-11 05:00:00,33916.94
2022-07-11 06:00:00,35525.42
2022-07-11 07:00:00,37380.7
2022-07-11 08:00:00,38547.97
2022-07-11 09:00:00,37677.71
2022-07-11 10:00:00,37613.14
2022-07-11 11:00:00,36437.49
2022-07-11 12:00:00,35195.85
2022-07-11 13:00:00,35127.75
2022-07-11 14:00:00,34771.03
2022-07-11 15:00:00,35600.11
2022-07-11 16:00:00,36127.37
2022-07-11 17:00:00,37976.99
2022-07-11 18:00:00,39661.66
2022-07-11 19:00:00,40448.19
2022-07-11 20:00:00,39567.08
2022-07-11 21:00:00,38881.15
2022-07-11 22:00:00,37327.45
2022-07-11 23:00:00,36084.27
2022-07-12 00:00:00,33528.56
2022-07-12 01:00:00,32694.77
2022-07-12 02:00:00,32609.02
2022-07-12 03:00:00,31583.69
2022-07-12 04:00:00,32958.69
2022-07-12 05:00:00,33149.69
2022-07-12 06:00:00,34840.37
2022-07-12 07:00:00,36333.5
2022-07-12 08:00:00,37939.74
2022-07-12 09:00:00,36680.57
2022-07-12 10:00:00,36902.66
2022-07-12 11:00:00,35696.29
2022-07-12 12:00:00,34546.02
2022-07-12 13:00:00,34754.2
2022-07-12 14:00:00,33851.07
2022-07-12 15:00:00,35015.33
2022-07-12 16:00:00,35997.96
2022-07-12 17:00:00,37828.39
2022-07-12 18:00:00,38662.36
2022-07-12 19:00:00,39608.17
2022-07-12 20:00:00,40278.12
2022-07-12 21:00:00,39133.73
2022-07-12 22:00:00,36992.23
2022-07-12 23:00:00,35878.56
2022-07-13 00:00:00,33641.27
2022-07-13 01:00:00,33567.87
2022-07-13 02:00:00,32701.59
2022-07-13 03:00:00,31691.48
2022-07-13 04:00:00,33123.52
2022-07-13 05:00:00,33452.46
2022-07-13 06:00:00,34727.89
2022-07-13 07:00:00,36124.53
2022-07-13 08:00:00,38556.39
2022-07-13 09:00:00,38508.37
2022-07-13 10:00:00,37673.66
2022-07-13 11:00:00,37115.75
2022-07-13 12:00:00,35873.66
2022-07-13 13:00:00,35708.35
2022-07-13 14:00:00,34710.78
2022-07-13 15:00:00,35810.74
2022-07-13 16:00:00,36423.01
2022-07-13 17:00:00,38456.96
2022-07-13 18:00:00,39990.79
2022-07-13 19:00:00,41294.17
2022-07-13 20:00:00,41145.4
2022-07-13 21:00:00,40459.38
2022-07-13 22:00:00,39053.35
2022-07-13 23:00:00,38110.05
2022-07-14 00:00:00,34689.11
2022-07-14 01:00:00,34245.95
2022-07-14 02:00:00,34329.76
2022-07-14 03:00:00,33735.1
2022-07-14 04:00:00,34760.09
2022-07-14 05:00:00,35074.58
2022-07-14 06:00:00,36519.83
2022-07-14 07:00:00,38221.03
2022-07-14 08:00:00,39776.1
2022-07-14 09:00:00,39641.11
2022-07-14 10:00:00,38737.71
2022-07-14 11:00:00,38395.78
2022-07-14 12:00:00,36505.01
2022-07-14 13:00:00,36277.14
2022-07-14 14:00:00,36513.93
2022-07-14 15:00:00,36302.06
2022-07-14 16:00:00,38167.61
2022-07-14 17:00:00,39136.87
2022-07-14 18:00:00,41290.9
2022-07-14 19:00:00,41617.38
2022-07-14 20:00:00,42204.02
2022-07-14 21:00:00,41411.45
2022-07-14 22:00:00,39841.66
2022-07-14 23:00:00,38125.46
2022-07-15 00:00:00,35341.96
2022-07-15 01:00:00,34943.97
2022-07-15 02:00:00,35275.31
2022-07-15 03:00:00,34233.94
2022-07-15 04:00:00,34287.21
2022-07-15 05:00:00,35761.31
2022-07-15 06:00:00,36740.06
2022-07-15 07:00:00,38301.04
2022-07-15 08:00:00,39214.25
2022-07-15 09:00:00,39670.28
2022-07-15 10:00:00,39025.47
2022-07-15 11:00:00,37940.49
2022-07-15 12:00:00,37131.88
2022-07-15 13:00:00,36396.7
2022-07-15 14:00:00,36121.47
2022-07-15 15:00:00,36663.3
2022-07-15 16:00:00,37996.76
2022-07-15 17:00:00,39731.49
2022-07-15 18:00:00,40790.69
2022-07-15 19:00:00,41499.77
2022-07-15 20:00:00,41292.42
2022-07-15 21:00:00,40168.41
2022-07-15 22:00:00,39397.46
2022-07-15 23:00:00,37841.11
2022-07-16 00:00:00,31000.72
2022-07-16 01:00:00,30494.99
2022-07-16 02:00:00,30681.5
2022-07-16 03:00:00,29762.66
2022-07-16 04:00:00,30411.06
2022-07-16 05:00:00,30832.65
2022-07-16 06:00:00,31944.26
2022-07-16 07:00:00,33788.08
2022-07-16 08:00:00,34685.03
2022-07-16 09:00:00,34780.22
2022-07-16 10:00:00,34004.09
2022-07-16 11:00:00,32921.11
2022-07-16 12:00:00,32857.24
2022-07-16 13:00:00,31938.91
2022-07-16 14:00:00,31778.29
2022-07-16 15:00:00,32068.07
2022-07-16 16:00:00,33363.78
2022-07-16 17:00:00,34513.78
2022-07-16 18:00:00,35658.54
2022-07-16 19:00:00,36384.45
2022-07-16 20:00:00,36477.21
2022-07-16 21:00:00,34584.01
2022-07-16 22:00:00,34478.34
2022-07-16 23:00:00,32932.68
2022-07-17 00:00:00,29273.96
2022-07-17 01:00:00,28523.59
2022-07-17 02:00:00,27816.08
2022-07-17 03:00:00,28018.71
2022-07-17 04:00:00,27849.0
2022-07-17 05:00:00,29142.76
2022-07-17 06:00:00,30345.9
2022-07-17 07:00:00,31951.53
2022-07-17 08:00:00,32280.87
2022-07-17 09:00:00,32721.42
2022-07-17 10:00:00,31644.3
2022-07-17 11:00:00,31442.83
2022-07-17 12:00:00,30573.16
2022-07-17 13:00:00,30146.5
2022-07-17 14:00:00,30017.98
2022-07-17 15:00:00,30674.56
2022-07-17 16:00:00,32047.82
2022-07-17 17:00:00,32657.94
2022-07-17 18:00:00,34072.24
2022-07-17 19:00:00,34464.86
2022-07-17 20:00:00,34590.58
2022-07-17 21:00:00,34205.99
2022-07-17 22:00:00,33388.84
2022-07-17 23:00:00,31730.25
2022-07-18 00:00:00,36152.14
2022-07-18 01:00:00,35879.57
2022-07-18 02:00:00,35515.61
2022-07-18 03:00:00,35591.74
2022-07-18 04:00:00,35204.39
2022-07-18 05:00:00,37124.37
2022-07-18 06:00:00,38003.35
2022-07-18 07:00:00,40174.04
2022-07-18 08:00:00,40633.14
2022-07-18 09:00:00,41501.63
2022-07-18 10:00:00,40787.45
2022-07-18 11:00:00,39556.59
2022-07-18 12:00:00,38085.43
2022-07-18 13:00:00,38000.74
2022-07-18 14:00:00,37540.34
2022-07-18 15:00:00,38473.54
2022-07-18 16:00:00,40068.98
2022-07-18 17:00:00,41514.26
2022-07-18 18:00:00,42757.39
2022-07-18 19:00:00,43381.88
2022-07-18 20:00:00,43975.45
2022-07-18 21:00:00,42837.83
2022-07-18 22:00:00,40552.78
2022-07-18 23:00:00,40153.53
2022-07-19 00:00:00,37248.86
2022-07-19 01:00:00,37416.65
2022-07-19 02:00:00,36241.82
2022-07-19 03:00:00,35245.17
2022-07-19 04:00:00,36638.44
2022-07-19 05:00:00,37532.07
2022-07-19 06:00:00,38338.19
2022-07-19 07:00:00,40210.46
2022-07-19 08:00:00,42609.79
2022-07-19 09:00:00,41663.23
2022-07-19 10:00:00,41244.36
2022-07-19 11:00:00,39563.18
2022-07-19 12:00:00,38002.37
2022-07-19 13:00:00,38085.35
2022-07-19 14:00:00,38023.6
2022-07-19 15:00:00,38514.57
2022-07-19 16:00:00,39691.42
2022-07-19 17:00:00,41281.28
2022-07-19 18:00:00,42583.8
2022-07-19 19:00:00,43096.4
2022-07-19 20:00:00,43667.67
2022-07-19 21:00:00,41830.02
2022-07-19 22:00:00,40262.94
2022-07-19 23:00:00,39689.8
2022-07-20 00:00:00,36917.5
2022-07-20 01:00:00,36397.51
2022-07-20 02:00:00,35499.58
2022-07-20 03:00:00,35415.16
2022-07-20 04:00:00,35700.05
2022-07-20 05:00:00,36070.47
2022-07-20 06:00:00,37820.57
2022-07-20 07:00:00,39883.53
2022-07-20 08:00:00,41203.1
2022-07-20 09:00:00,40640.2
2022-07-20 10:00:00,40231.88
2022-07-20 11:00:00,38064.5
2022-07-20 12:00:00,37876.45
2022-07-20 13:00:00,36746.69
2022-07-20 14:00:00,37082.11
2022-07-20 15:00:00,37404.07
2022-07-20 16:00:00,39011.71
2022-07-20 17:00:00,39686.02
2022-07-20 18:00:00,41648.1
2022-07-20 19:00:00,42225.41
2022-07-20 20:00:00,42222.42
2022-07-20 21:00:00,41227.68
2022-07-20 22:00:00,39467.22
2022-07-20 23:00:00,38215.16
2022-07-21 00:00:00,35510.79
2022-07-21 01:00:00,35307.83
2022-07-21 02:00:00,34839.77
2022-07-21 03:00:00,34784.05
2022-07-21 04:00:00,34979.78
2022-07-21 05:00:00,35151.56
2022-07-21 06:00:00,37302.15
2022-07-21 07:00:00,38190.21
2022-07-21 08:00:00,39893.51
2022-07-21 09:00:00,40024.61
2022-07-21 10:00:00,38357.69
2022-07-21 11:00:00,37867.53
2022-07-21 12:00:00,36625.29
2022-07-21 13:00:00,35951.04
2022-07-21 14:00:00,36682.46
2022-07-21 15:00:00,36545.2
2022-07-21 16:00:00,37599.94
2022-07-21 17:00:00,39401.71
2022-07-21 18:00:00,41103.0
2022-07-21 19:00:00,41760.47
2022-07-21 20:00:00,42225.59
2022-07-21 21:00:00,41070.49
2022-07-21 22:00:00,38646.66
2022-07-21 23:00:00,37733.77
2022-07-22 00:00:00,35081.86
2022-07-22 01:00:00,35189.4
2022-07-22 02:00:00,33741.52
2022-07-22 03:00:00,35297.84
2022-07-22 04:00:00,34793.24
2022-07-22 05:00:00,35570.89
2022-07-22 06:00:00,37458.4
2022-07-22 07:00:00,39518.16
2022-07-22 08:00:00,40128.91
2022-07-22 09:00:00,40318.19
2022-07-22 10:00:00,39290.74
2022-07-22 11:00:00,38041.52
2022-07-22 12:00:00,36914.15
2022-07-22 13:00:00,36251.74
2022-07-22 14:00:00,36323.71
2022-07-22 15:00:00,36683.31
2022-07-22 16:00:00,38262.29
2022-07-22 17:00:00,39213.97
2022-07-22 18:00:00,41376.95
2022-07-22 19:00:00,42260.03
2022-07-22 20:00:00,42343.94
2022-07-22 21:00:00,41186.29
2022-07-22 22:00:00,40976.33
2022-07-22 23:00:00,38888.23
2022-07-23 00:00:00,31037.6
2022-07-23 01:00:00,31325.23
2022-07-23 02:00:00,30706.57
2022-07-23 03:00:00,30331.15
2022-07-23 04:00:00,30382.64
2022-07-23 05:00:00,31790.12
2022-07-23 06:00:00,32725.68
2022-07-23 07:00:00,34737.23
2022-07-23 08:00:00,35714.44
2022-07-23 09:00:00,35964.45
2022-07-23 10:00:00,34505.02
2022-07-23 11:00:00,33923.82
2022-07-23 12:00:00,33056.93
2022-07-23 13:00:00,32159.67
2022-07-23 14:00:00,32039.03
2022-07-23 15:00:00,33354.38
2022-07-23 16:00:00,33826.85
2022-07-23 17:00:00,35260.42
2022-07-23 18:00:00,36031.94
2022-07-23 19:00:00,36694.74
2022-07-23 20:00:00,36893.1
2022-07-23 21:00:00,36188.81
2022-07-23 22:00:00,34518.05
2022-07-23 23:00:00,33529.18
2022-07-24 00:00:00,28433.41
2022-07-24 01:00:00,28371.91
2022-07-24 02:00:00,28649.68
2022-07-24 03:00:00,28362.09
2022-07-24 04:00:00,28121.08
2022-07-24 05:00:00,28589.15
2022-07-24 06:00:00,29774.82
2022-07-24 07:00:00,31295.04
2022-07-24 08:00:00,32508.91
2022-07-24 09:00:00,32673.7
2022-07-24 10:00:00,31498.8
2022-07-24 11:00:00,30253.15
2022-07-24 12:00:00,29851.91
2022-07-24 13:00:00,28956.62
2022-07-24 14:00:00,29011.68
2022-07-24 15:00:00,30071.37
2022-07-24 16:00:00,30755.38
2022-07-24 17:00:00,31693.26
2022-07-24 18:00:00,32358.92
2022-07-24 19:00:00,33599.23
2022-07-24 20:00:00,33846.48
2022-07-24 21:00:00,32520.46
2022-07-24 22:00:00,31856.13
2022-07-24 23:00:00,30554.57
2022-07-25 00:00:00,34560.67
2022-07-25 01:00:00,33755.05
2022-07-25 02:00:00,33419.07
2022-07-25 03:00:00,33380.87
2022-07-25 04:00:00,33171.61
2022-07-25 05:00:00,33679.19
2022-07-25 06:00:00,35152.94
2022-07-25 07:00:00,36977.01
2022-07-25 08:00:00,37500.21
2022-07-25 09:00:00,37997.68
2022-07-25 10:00:00,37626.54
2022-07-25 11:00:00,35260.25
2022-07-25 12:00:00,35494.84
2022-07-25 13:00:00,34754.58
2022-07-25 14:00:00,34170.94
2022-07-25 15:00:00,35063.95
2022-07-25 16:00:00,35961.26
2022-07-25 17:00:00,37862.64
2022-07-25 18:00:00,39243.69
2022-07-25 19:00:00,39337.46
2022-07-25 20:00:00,40022.11
2022-07-25 21:00:00,38794.79
2022-07-25 22:00:00,37404.28
2022-07-25 23:00:00,35615.96
2022-07-26 00:00:00,33805.16
2022-07-26 01:00:00,33288.87
2022-07-26 02:00:00,32294.54
2022-07-26 03:00:00,31823.55
2022-07-26 04:00:00,32350.85
2022-07-26 05:00:00,33544.63
2022-07-26 06:00:00,34999.92
2022-07-26 07:00:00,37006.68
2022-07-26 08:00:00,37972.05
2022-07-26 09:00:00,38200.22
2022-07-26 10:00:00,37239.62
2022-07-26 11:00:00,35492.67
2022-07-26 12:00:00,34909.92
2022-07-26 13:00:00,34821.76
2022-07-26 14:00:00,34470.39
2022-07-26 15:00:00,35273.04
2022-07-26 16:00:00,36137.24
2022-07-26 17:00:00,37424.46
2022-07-26 18:00:00,39271.91
2022-07-26 19:00:00,40411.82
2022-07-26 20:00:00,40122.21
2022-07-26 21:00:00,39376.28
2022-07-26 22:00:00,37693.17
2022-07-26 23:00:00,36961.53
2022-07-27 00:00:00,33833.22
2022-07-27 01:00:00,34223.38
2022-07-27 02:00:00,33922.88
2022-07-27 03:00:00,33138.04
2022-07-27 04:00:00,33046.98
2022-07-27 05:00:00,33611.83
2022-07-27 06:00:00,35381.99
2022-07-27 07:00:00,37097.33
2022-07-27 08:00:00,39213.5
2022-07-27 09:00:00,38958.83
2022-07-27 10:00:00,38337.5
2022-07-27 11:00:00,36292.7
2022-07-27 12:00:00,35661.55
2022-07-27 13:00:00,35871.61
2022-07-27 14:00:00,35703.65
2022-07-27 15:00:00,36161.24
2022-07-27 16:00:00,37559.78
2022-07-27 17:00:00,39464.74
2022-07-27 18:00:00,40335.66
2022-07-27 19:00:00,41413.19
2022-07-27 20:00:00,41488.41
2022-07-27 21:00:00,41346.19
2022-07-27 22:00:00,38315.17
2022-07-27 23:00:00,37811.68
2022-07-28 00:00:00,34865.14
2022-07-28 01:00:00,34851.51
2022-07-28 02:00:00,34062.53
2022-07-28 03:00:00,34018.16
2022-07-28 04:00:00,34479.59
2022-07-28 05:00:00,36221.66
2022-07-28 06:00:00,36927.85
2022-07-28 07:00:00,37984.94
2022-07-28 08:00:00,39240.39
2022-07-28 09:00:00,39369.86
2022-07-28 10:00:00,38134.24
2022-07-28 11:00:00,37466.09
2022-07-28 12:00:00,36798.37
2022-07-28 13:00:00,35524.75
2022-07-28 14:00:00,36327.88
2022-07-28 15:00:00,36688.82
2022-07-28 16:00:00,37358.03
2022-07-28 17:00:00,39043.26
2022-07-28 18:00:00,41120.96
2022-07-28 19:00:00,41742.58
2022-07-28 20:00:00,41470.07
2022-07-28 21:00:00,40421.7
2022-07-28 22:00:00,39023.67
2022-07-28 23:00:00,37292.58
2022-07-29 00:00:00,34015.91
2022-07-29 01:00:00,35170.39
2022-07-29 02:00:00,34106.47
2022-07-29 03:00:00,33893.06
2022-07-29 04:00:00,33889.75
2022-07-29 05:00:00,34517.52
2022-07-29 06:00:00,36188.26
2022-07-29 07:00:00,37298.39
2022-07-29 08:00:00,39732.87
2022-07-29 09:00:00,38617.16
2022-07-29 10:00:00,37898.57
2022-07-29 11:00:00,36903.87
2022-07-29 12:00:00,36451.38
2022-07-29 13:00:00,35419.91
2022-07-29 14:00:00,34960.96
2022-07-29 15:00:00,36381.63
2022-07-29 16:00:00,37290.43
2022-07-29 17:00:00,38699.16
2022-07-29 18:00:00,40231.62
2022-07-29 19:00:00,41748.38
2022-07-29 20:00:00,41664.55
2022-07-29 21:00:00,39708.83
2022-07-29 22:00:00,39024.28
2022-07-29 23:00:00,37082.84
2022-07-30 00:00:00,30310.59
2022-07-30 01:00:00,29303.61
2022-07-30 02:00:00,29505.13
2022-07-30 03:00:00,29044.23
2022-07-30 04:00:00,29785.12
2022-07-30 05:00:00,30662.62
2022-07-30 06:00:00,30896.49
2022-07-30 07:00:00,33063.01
2022-07-30 08:00:00,34449.73
2022-07-30 09:00:00,34131.39
2022-07-30 10:00:00,33798.86
2022-07-30 11:00:00,32652.39
2022-07-30 12:00:00,31763.43
2022-07-30 13:00:00,31079.72
2022-07-30 14:00:00,30777.66
2022-07-30 15:00:00,31342.57
2022-07-30 16:00:00,32993.71
2022-07-30 17:00:00,34101.35
2022-07-30 18:00:00,35390.67
2022-07-30 19:00:00,36159.55
2022-07-30 20:00:00,36242.99
2022-07-30 21:00:00,35930.94
2022-07-30 22:00:00,34184.19
2022-07-30 23:00:00,32556.56
2022-07-31 00:00:00,28860.15
2022-07-31 01:00:00,28350.68
2022-07-31 02:00:00,28170.15
2022-07-31 03:00:00,28546.24
2022-07-31 04:00:00,28174.86
2022-07-31 05:00:00,29063.66
2022-07-31 06:00:00,29834.17
2022-07-31 07:00:00,31558.32
2022-07-31 08:00:00,32804.9
2022-07-31 09:00:00,32212.73
2022-07-31 10:00:00,32252.33
2022-07-31 11:00:00,31303.6
2022-07-31 12:00:00,30486.66
2022-07-31 13:00:00,30424.83
2022-07-31 14:00:00,30230.08
2022-07-31 15:00:00,31147.6
2022-07-31 16:00:00,31243.22
2022-07-31 17:00:00,32912.25
2022-07-31 18:00:00,34160.99
2022-07-31 19:00:00,34577.72
2022-07-31 20:00:00,35333.85
2022-07-31 21:00:00,35086.29
2022-07-31 22:00:00,33092.13
2022-07-31 23:00:00,32085.57
2022-08-01 00:00:00,36281.68
2022-08-01 01:00:00,35777.85
2022-08-01 02:00:00,35057.68
2022-08-01 03:00:00,35218.55
2022-08-01 04:00:00,35201.6
2022-08-01 05:00:00,37214.57
2022-08-01 06:00:00,38118.32
2022-08-01 07:00:00,39701.5
2022-08-01 08:00:00,41267.53
2022-08-01 09:00:00,40729.83
2022-08-01 10:00:00,40113.81
2022-08-01 11:00:00,39249.81
2022-08-01 12:00:00,38570.32
2022-08-01 13:00:00,37837.74
2022-08-01 14:00:00,37761.23
2022-08-01 15:00:00,38279.67
2022-08-01 16:00:00,39508.87
2022-08-01 17:00:00,40935.34
2022-08-01 18:00:00,41989.77
2022-08-01 19:00:00,43305.87
2022-08-01 20:00:00,42908.68
2022-08-01 21:00:00,42362.58
2022-08-01 22:00:00,40668.0
2022-08-01 23:00:00,40208.02
2022-08-02 00:00:00,36571.72
2022-08-02 01:00:00,35801.48
2022-08-02 02:00:00,35844.63
2022-08-02 03:00:00,35775.0
2022-08-02 04:00:00,36333.06
2022-08-02 05:00:00,36401.49
2022-08-02 06:00:00,37525.84
2022-08-02 07:00:00,39961.49
2022-08-02 08:00:00,40258.85
2022-08-02 09:00:00,40689.15
2022-08-02 10:00:00,39946.19
2022-08-02 11:00:00,38791.87
2022-08-02 12:00:00,37979.35
2022-08-02 13:00:00,36890.09
2022-08-02 14:00:00,36986.92
2022-08-02 15:00:00,37598.98
2022-08-02 16:00:00,38718.25
2022-08-02 17:00:00,40143.92
2022-08-02 18:00:00,41698.09
2022-08-02 19:00:00,42733.28
2022-08-02 20:00:00,42525.81
2022-08-02 21:00:00,41555.51
2022-08-02 22:00:00,39306.63
2022-08-02 23:00:00,38325.73
2022-08-03 00:00:00,35705.61
2022-08-03 01:00:00,35471.38
2022-08-03 02:00:00,34547.09
2022-08-03 03:00:00,34238.31
2022-08-03 04:00:00,34403.56
2022-08-03 05:00:00,35637.5
2022-08-03 06:00:00,37271.82
2022-08-03 07:00:00,38355.09
2022-08-03 08:00:00,39877.27
2022-08-03 09:00:00,39701.27
2022-08-03 10:00:00,38811.37
2022-08-03 11:00:00,37566.46
2022-08-03 12:00:00,36832.71
2022-08-03 13:00:00,36088.95
2022-08-03 14:00:00,36740.51
2022-08-03 15:00:00,36185.72
2022-08-03 16:00:00,37749.08
2022-08-03 17:00:00,38851.11
2022-08-03 18:00:00,40195.54
2022-08-03 19:00:00,41418.81
2022-08-03 20:00:00,41454.12
2022-08-03 21:00:00,41471.2
2022-08-03 22:00:00,38886.77
2022-08-03 23:00:00,37043.3
2022-08-04 00:00:00,34801.36
2022-08-04 01:00:00,33701.86
2022-08-04 02:00:00,34014.31
2022-08-04 03:00:00,33778.48
2022-08-04 04:00:00,34234.59
2022-08-04 05:00:00,35191.69
2022-08-04 06:00:00,36184.97
2022-08-04 07:00:00,37947.03
2022-08-04 08:00:00,38844.68
2022-08-04 09:00:00,38868.16
2022-08-04 10:00:00,38619.98
2022-08-04 11:00:00,36902.95
2022-08-04 12:00:00,36185.87
2022-08-04 13:00:00,35437.12
2022-08-04 14:00:00,35996.95
2022-08-04 15:00:00,37024.36
2022-08-04 16:00:00,37070.27
2022-08-04 17:00:00,38392.82
2022-08-04 18:00:00,40506.65
2022-08-04 19:00:00,41522.6
2022-08-04 20:00:00,41619.21
2022-08-04 21:00:00,40470.47
2022-08-04 22:00:00,39095.95
2022-08-04 23:00:00,37818.3
2022-08-05 00:00:00,35349.88
2022-08-05 01:00:00,34054.59
2022-08-05 02:00:00,34256.55
2022-08-05 03:00:00,34212.44
2022-08-05 04:00:00,34022.61
2022-08-05 05:00:00,35863.99
2022-08-05 06:00:00,36562.68
2022-08-05 07:00:00,38422.73
2022-08-05 08:00:00,39755.28
2022-08-05 09:00:00,39511.07
2022-08-05 10:00:00,38324.17
2022-08-05 11:00:00,37658.26
2022-08-05 12:00:00,37148.2
2022-08-05 13:00:00,36118.44
2022-08-05 14:00:00,35949.93
2022-08-05 15:00:00,37146.9
2022-08-05 16:00:00,37823.27
2022-08-05 17:00:00,39256.99
2022-08-05 18:00:00,40974.64
2022-08-05 19:00:00,42133.54
2022-08-05 20:00:00,42694.64
2022-08-05 21:00:00,41203.32
2022-08-05 22:00:00,39825.15
2022-08-05 23:00:00,37728.8
2022-08-06 00:00:00,30580.31
2022-08-06 01:00:00,30707.06
2022-08-06 02:00:00,30373.01
2022-08-06 03:00:00,29698.84
2022-08-06 04:00:00,30153.83
2022-08-06 05:00:00,31115.06
2022-08-06 06:00:00,32399.31
2022-08-06 07:00:00,33856.29
2022-08-06 08:00:00,34721.85
2022-08-06 09:00:00,34531.52
2022-08-06 10:00:00,33820.88
2022-08-06 11:00:00,32507.3
2022-08-06 12:00:00,32602.02
2022-08-06 13:00:00,31444.68
2022-08-06 14:00:00,31317.73
2022-08-06 15:00:00,31526.66
2022-08-06 16:00:00,33809.36
2022-08-06 17:00:00,33671.43
2022-08-06 18:00:00,35154.18
2022-08-06 19:00:00,36227.81
2022-08-06 20:00:00,36240.3
2022-08-06 21:00:00,35483.34
2022-08-06 22:00:00,34418.12
2022-08-06 23:00:00,32584.9
2022-08-07 00:00:00,27530.88
2022-08-07 01:00:00,27533.91
2022-08-07 02:00:00,27367.55
2022-08-07 03:00:00,27705.89
2022-08-07 04:00:00,26587.86
2022-08-07 05:00:00,28174.09
2022-08-07 06:00:00,28995.56
2022-08-07 07:00:00,30508.89
2022-08-07 08:00:00,31030.85
2022-08-07 09:00:00,30831.9
2022-08-07 10:00:00,30709.54
2022-08-07 11:00:00,29657.8
2022-08-07 12:00:00,28869.5
2022-08-07 13:00:00,28012.08
2022-08-07 14:00:00,27757.29
2022-08-07 15:00:00,27839.89
2022-08-07 16:00:00,29535.89
2022-08-07 17:00:00,30576.31
2022-08-07 18:00:00,31264.25
2022-08-07 19:00:00,32144.56
2022-08-07 20:00:00,32130.03
2022-08-07 21:00:00,30964.13
2022-08-07 22:00:00,29942.0
2022-08-07 23:00:00,28565.19
2022-08-08 00:00:00,32394.44
2022-08-08 01:00:00,31971.27
2022-08-08 02:00:00,31248.14
2022-08-08 03:00:00,32221.69
2022-08-08 04:00:00,32106.27
2022-08-08 05:00:00,32260.9
2022-08-08 06:00:00,34111.3
2022-08-08 07:00:00,35773.68
2022-08-08 08:00:00,37131.68
2022-08-08 09:00:00,36553.79
2022-08-08 10:00:00,36447.68
2022-08-08 11:00:00,34688.86
2022-08-08 12:00:00,33374.84
2022-08-08 13:00:00,33531.31
2022-08-08 14:00:00,33731.44
2022-08-08 15:00:00,34759.18
2022-08-08 16:00:00,34551.72
2022-08-08 17:00:00,36719.94
2022-08-08 18:00:00,37830.99
2022-08-08 19:00:00,39207.5
2022-08-08 20:00:00,38438.48
2022-08-08 21:00:00,37591.59
2022-08-08 22:00:00,36300.13
2022-08-08 23:00:00,35123.69
2022-08-09 00:00:00,32155.58
2022-08-09 01:00:00,32369.26
2022-08-09 02:00:00,32152.69
2022-08-09 03:00:00,31765.3
2022-08-09 04:00:00,32340.98
2022-08-09 05:00:00,32849.17
2022-08-09 06:00:00,33822.17
2022-08-09 07:00:00,36397.25
2022-08-09 08:00:00,36854.02
2022-08-09 09:00:00,37566.47
2022-08-09 10:00:00,37078.09
2022-08-09 11:00:00,35554.28
2022-08-09 12:00:00,33882.02
2022-08-09 13:00:00,33566.64
2022-08-09 14:00:00,34396.9
2022-08-09 15:00:00,34489.72
2022-08-09 16:00:00,35733.22
2022-08-09 17:00:00,37509.83
2022-08-09 18:00:00,39019.06
2022-08-09 19:00:00,39860.58
2022-08-09 20:00:00,39735.23
2022-08-09 21:00:00,38801.3
2022-08-09 22:00:00,37767.77
2022-08-09 23:00:00,36200.82
2022-08-10 00:00:00,33209.38
2022-08-10 01:00:00,33445.05
2022-08-10 02:00:00,32680.6
2022-08-10 03:00:00,32191.16
2022-08-10 04:00:00,32440.42
2022-08-10 05:00:00,33287.2
2022-08-10 06:00:00,35069.98
2022-08-10 07:00:00,37256.94
2022-08-10 08:00:00,37673.71
2022-08-10 09:00:00,38184.93
2022-08-10 10:00:00,37147.0
2022-08-10 11:00:00,36128.37
2022-08-10 12:00:00,34674.86
2022-08-10 13:00:00,34578.46
2022-08-10 14:00:00,34601.15
2022-08-10 15:00:00,35437.95
2022-08-10 16:00:00,36446.1
2022-08-10 17:00:00,37447.89
2022-08-10 18:00:00,39736.44
2022-08-10 19:00:00,40374.97
2022-08-10 20:00:00,40371.18
2022-08-10 21:00:00,39354.66
2022-08-10 22:00:00,37685.83
2022-08-10 23:00:00,36434.17
2022-08-11 00:00:00,33764.16
2022-08-11 01:00:00,32702.94
2022-08-11 02:00:00,32734.51
2022-08-11 03:00:00,32546.31
2022-08-11 04:00:00,32890.92
2022-08-11 05:00:00,34091.62
2022-08-11 06:00:00,34888.73
2022-08-11 07:00:00,36594.18
2022-08-11 08:00:00,37669.95
2022-08-11 09:00:00,37683.68
2022-08-11 10:00:00,37053.08
2022-08-11 11:00:00,36240.77
2022-08-11 12:00:00,34541.25
2022-08-11 13:00:00,34468.93
2022-08-11 14:00:00,33695.45
2022-08-11 15:00:00,34635.13
2022-08-11 16:00:00,35798.07
2022-08-11 17:00:00,37963.93
2022-08-11 18:00:00,38738.55
2022-08-11 19:00:00,38978.57
2022-08-11 20:00:00,39022.32
2022-08-11 21:00:00,38765.29
2022-08-11 22:00:00,37455.56
2022-08-11 23:00:00,35844.21
2022-08-12 00:00:00,32992.63
2022-08-12 01:00:00,33044.75
2022-08-12 02:00:00,32048.35
2022-08-12 03:00:00,32256.65
2022-08-12 04:00:00,31534.97
2022-08-12 05:00:00,32662.47
2022-08-12 06:00:00,33835.27
2022-08-12 07:00:00,35988.14
2022-08-12 08:00:00,37159.31
2022-08-12 09:00:00,37343.9
2022-08-12 10:00:00,36552.84
2022-08-12 11:00:00,35023.0
2022-08-12 12:00:00,34243.4
2022-08-12 13:00:00,33221.32
2022-08-12 14:00:00,34223.84
2022-08-12 15:00:00,34213.22
2022-08-12 16:00:00,35265.32
2022-08-12 17:00:00,37494.77
2022-08-12 18:00:00,38001.34
2022-08-12 19:00:00,38999.44
2022-08-12 20:00:00,39027.97
2022-08-12 21:00:00,38466.89
2022-08-12 22:00:00,37178.68
2022-08-12 23:00:00,35810.06
2022-08-13 00:00:00,29784.45
2022-08-13 01:00:00,27884.67
2022-08-13 02:00:00,28581.79
2022-08-13 03:00:00,27965.69
2022-08-13 04:00:00,28150.02
2022-08-13 05:00:00,28958.7
2022-08-13 06:00:00,30220.08
2022-08-13 07:00:00,32603.33
2022-08-13 08:00:00,33321.96
2022-08-13 09:00:00,33201.52
2022-08-13 10:00:00,33039.25
2022-08-13 11:00:00,31048.19
2022-08-13 12:00:00,30250.85
2022-08-13 13:00:00,29508.98
2022-08-13 14:00:00,30078.21
2022-08-13 15:00:00,30933.21
2022-08-13 16:00:00,31943.87
2022-08-13 17:00:00,33329.06
2022-08-13 18:00:00,34146.15
2022-08-13 19:00:00,35807.25
2022-08-13 20:00:00,35667.98
2022-08-13 21:00:00,35070.11
2022-08-13 22:00:00,32901.37
2022-08-13 23:00:00,32409.1
2022-08-14 00:00:00,27473.96
2022-08-14 01:00:00,27581.33
2022-08-14 02:00:00,27650.96
2022-08-14 03:00:00,27325.51
2022-08-14 04:00:00,27197.85
2022-08-14 05:00:00,28280.74
2022-08-14 06:00:00,29027.62
2022-08-14 07:00:00,31353.9
2022-08-14 08:00:00,31833.54
2022-08-14 09:00:00,32458.65
2022-08-14 10:00:00,31302.52
2022-08-14 11:00:00,30383.08
2022-08-14 12:00:00,29494.54
2022-08-14 13:00:00,29648.65
2022-08-14 14:00:00,29133.86
2022-08-14 15:00:00,30112.63
2022-08-14 16:00:00,30700.16
2022-08-14 17:00:00,31401.16
2022-08-14 18:00:00,33143.7
2022-08-14 19:00:00,33733.8
2022-08-14 20:00:00,34187.08
2022-08-14 21:00:00,33012.58
2022-08-14 22:00:00,32558.27
2022-08-14 23:00:00,30991.65
2022-08-15 00:00:00,35033.22
2022-08-15 01:00:00,35072.43
2022-08-15 02:00:00,34818.73
2022-08-15 03:00:00,34215.37
2022-08-15 04:00:00,34145.49
2022-08-15 05:00:00,34693.12
2022-08-15 06:00:00,36583.19
2022-08-15 07:00:00,38239.74
2022-08-15 08:00:00,39595.28
2022-08-15 09:00:00,39571.3
2022-08-15 10:00:00,39160.84
2022-08-15 11:00:00,37517.58
2022-08-15 12:00:00,36664.93
2022-08-15 13:00:00,36520.02
2022-08-15 14:00:00,36206.67
2022-08-15 15:00:00,36613.81
2022-08-15 16:00:00,37511.02
2022-08-15 17:00:00,38967.2
2022-08-15 18:00:00,40348.59
2022-08-15 19:00:00,41369.35
2022-08-15 20:00:00,41791.83
2022-08-15 21:00:00,40474.46
2022-08-15 22:00:00,38557.94
2022-08-15 23:00:00,38109.72
2022-08-16 00:00:00,34801.21
2022-08-16 01:00:00,33884.33
2022-08-16 02:00:00,33802.48
2022-08-16 03:00:00,33680.86
2022-08-16 04:00:00,34377.71
2022-08-16 05:00:00,34240.23
2022-08-16 06:00:00,36429.81
2022-08-16 07:00:00,38163.92
2022-08-16 08:00:00,38512.29
2022-08-16 09:00:00,38728.51
2022-08-16 10:00:00,37652.87
2022-08-16 11:00:00,36721.47
2022-08-16 12:00:00,35700.85
2022-08-16 13:00:00,35336.68
2022-08-16 14:00:00,35443.5
2022-08-16 15:00:00,35325.97
2022-08-16 16:00:00,35967.59
2022-08-16 17:00:00,38100.74
2022-08-16 18:00:00,39656.74
2022-08-16 19:00:00,40545.5
2022-08-16 20:00:00,40307.78
2022-08-16 21:00:00,39489.25
2022-08-16 22:00:00,38456.35
2022-08-16 23:00:00,36525.56
2022-08-17 00:00:00,33466.87
2022-08-17 01:00:00,33122.11
2022-08-17 02:00:00,32833.4
2022-08-17 03:00:00,33169.05
2022-08-17 04:00:00,32692.53
2022-08-17 05:00:00,33621.09
2022-08-17 06:00:00,34946.51
2022-08-17 07:00:00,37115.72
2022-08-17 08:00:00,38507.65
2022-08-17 09:00:00,38107.57
2022-08-17 10:00:00,37205.86
2022-08-17 11:00:00,36006.08
2022-08-17 12:00:00,34120.84
2022-08-17 13:00:00,34651.24
2022-08-17 14:00:00,34438.08
2022-08-17 15:00:00,35112.88
2022-08-17 16:00:00,35829.52
2022-08-17 17:00:00,37444.27
2022-08-17 18:00:00,38929.92
2022-08-17 19:00:00,40385.35
2022-08-17 20:00:00,39909.39
2022-08-17 21:00:00,39844.9
2022-08-17 22:00:00,37797.74
2022-08-17 23:00:00,35716.94
2022-08-18 00:00:00,33372.82
2022-08-18 01:00:00,32939.0
2022-08-18 02:00:00,32043.63
2022-08-18 03:00:00,33122.83
2022-08-18 04:00:00,33016.5
2022-08-18 05:00:00,33873.98
2022-08-18 06:00:00,35276.7
2022-08-18 07:00:00,36393.37
2022-08-18 08:00:00,37839.15
2022-08-18 09:00:00,38469.91
2022-08-18 10:00:00,37071.0
2022-08-18 11:00:00,35403.45
2022-08-18 12:00:00,35204.12
2022-08-18 13:00:00,34698.44
2022-08-18 14:00:00,34822.88
2022-08-18 15:00:00,35626.15
2022-08-18 16:00:00,36730.91
2022-08-18 17:00:00,38116.64
2022-08-18 18:00:00,39954.42
2022-08-18 19:00:00,39970.16
2022-08-18 20:00:00,40701.21
2022-08-18 21:00:00,39823.28
2022-08-18 22:00:00,37703.2
2022-08-18 23:00:00,36126.3
2022-08-19 00:00:00,33639.93
2022-08-19 01:00:00,33410.84
2022-08-19 02:00:00,33539.44
2022-08-19 03:00:00,32797.48
2022-08-19 04:00:00,32902.44
2022-08-19 05:00:00,33884.01
2022-08-19 06:00:00,35996.84
2022-08-19 07:00:00,37240.84
2022-08-19 08:00:00,38274.51
2022-08-19 09:00:00,38432.32
2022-08-19 10:00:00,38150.52
2022-08-19 11:00:00,36247.84
2022-08-19 12:00:00,35922.99
2022-08-19 13:00:00,34956.67
2022-08-19 14:00:00,34807.83
2022-08-19 15:00:00,36286.44
2022-08-19 16:00:00,36127.56
2022-08-19 17:00:00,37839.0
2022-08-19 18:00:00,38987.05
2022-08-19 19:00:00,40661.72
2022-08-19 20:00:00,40885.12
2022-08-19 21:00:00,39899.31
2022-08-19 22:00:00,38216.81
2022-08-19 23:00:00,36174.24
2022-08-20 00:00:00,29290.84
2022-08-20 01:00:00,28552.21
2022-08-20 02:00:00,29472.88
2022-08-20 03:00:00,28638.69
2022-08-20 04:00:00,28415.19
2022-08-20 05:00:00,29786.93
2022-08-20 06:00:00,30254.86
2022-08-20 07:00:00,32120.42
2022-08-20 08:00:00,32834.95
2022-08-20 09:00:00,33185.9
2022-08-20 10:00:00,32210.96
2022-08-20 11:00:00,30631.76
2022-08-20 12:00:00,30197.83
2022-08-20 13:00:00,29983.74
2022-08-20 14:00:00,29546.8
2022-08-20 15:00:00,30268.92
2022-08-20 16:00:00,30548.54
2022-08-20 17:00:00,32158.66
2022-08-20 18:00:00,33196.11
2022-08-20 19:00:00,34445.31
2022-08-20 20:00:00,34135.6
2022-08-20 21:00:00,33478.28
2022-08-20 22:00:00,32250.78
2022-08-20 23:00:00,30731.99
2022-08-21 00:00:00,26183.02
2022-08-21 01:00:00,25462.16
2022-08-21 02:00:00,25448.8
2022-08-21 03:00:00,24989.18
2022-08-21 04:00:00,25155.7
2022-08-21 05:00:00,25827.88
2022-08-21 06:00:00,26803.61
2022-08-21 07:00:00,27754.22
2022-08-21 08:00:00,29067.36
2022-08-21 09:00:00,29441.49
2022-08-21 10:00:00,28235.63
2022-08-21 11:00:00,27709.97
2022-08-21 12:00:00,27486.29
2022-08-21 13:00:00,26684.08
2022-08-21 14:00:00,26870.19
2022-08-21 15:00:00,26869.58
2022-08-21 16:00:00,28025.44
2022-08-21 17:00:00,28563.64
2022-08-21 18:00:00,29788.05
2022-08-21 19:00:00,29808.64
2022-08-21 20:00:00,31166.48
2022-08-21 21:00:00,30504.47
2022-08-21 22:00:00,28541.54
2022-08-21 23:00:00,27405.33
2022-08-22 00:00:00,30488.6
2022-08-22 01:00:00,30608.88
2022-08-22 02:00:00,30488.17
2022-08-22 03:00:00,29212.49
2022-08-22 04:00:00,30151.67
2022-08-22 05:00:00,30808.92
2022-08-22 06:00:00,32459.34
2022-08-22 07:00:00,34223.08
2022-08-22 08:00:00,35114.55
2022-08-22 09:00:00,35299.88
2022-08-22 10:00:00,34516.01
2022-08-22 11:00:00,33774.51
2022-08-22 12:00:00,32571.24
2022-08-22 13:00:00,31964.44
2022-08-22 14:00:00,31470.3
2022-08-22 15:00:00,32381.33
2022-08-22 16:00:00,33970.36
2022-08-22 17:00:00,35195.22
2022-08-22 18:00:00,36933.13
2022-08-22 19:00:00,38299.22
2022-08-22 20:00:00,38082.54
2022-08-22 21:00:00,36848.76
2022-08-22 22:00:00,35190.53
2022-08-22 23:00:00,33013.46
2022-08-23 00:00:00,31119.71
2022-08-23 01:00:00,30833.19
2022-08-23 02:00:00,30746.84
2022-08-23 03:00:00,30324.96
2022-08-23 04:00:00,30490.25
2022-08-23 05:00:00,30911.6
2022-08-23 06:00:00,32750.78
2022-08-23 07:00:00,34917.65
2022-08-23 08:00:00,36494.37
2022-08-23 09:00:00,36037.06
2022-08-23 10:00:00,35458.95
2022-08-23 11:00:00,34536.5
2022-08-23 12:00:00,32920.55
2022-08-23 13:00:00,32803.33
2022-08-23 14:00:00,32448.25
2022-08-23 15:00:00,33609.97
2022-08-23 16:00:00,34500.02
2022-08-23 17:00:00,36072.1
2022-08-23 18:00:00,37205.09
2022-08-23 19:00:00,38692.96
2022-08-23 20:00:00,39197.9
2022-08-23 21:00:00,37194.18
2022-08-23 22:00:00,35959.83
2022-08-23 23:00:00,34673.3
2022-08-24 00:00:00,32111.8
2022-08-24 01:00:00,31379.57
2022-08-24 02:00:00,30214.46
2022-08-24 03:00:00,31415.63
2022-08-24 04:00:00,31392.69
2022-08-24 05:00:00,31409.43
2022-08-24 06:00:00,33311.21
2022-08-24 07:00:00,35701.03
2022-08-24 08:00:00,36757.55
2022-08-24 09:00:00,36710.99
2022-08-24 10:00:00,35546.89
2022-08-24 11:00:00,34448.5
2022-08-24 12:00:00,33326.03
2022-08-24 13:00:00,33187.84
2022-08-24 14:00:00,32468.96
2022-08-24 15:00:00,33043.16
2022-08-24 16:00:00,34768.31
2022-08-24 17:00:00,35869.71
2022-08-24 18:00:00,37829.33
2022-08-24 19:00:00,38029.13
2022-08-24 20:00:00,38219.29
2022-08-24 21:00:00,36946.78
2022-08-24 22:00:00,35757.59
2022-08-24 23:00:00,33705.91
2022-08-25 00:00:00,31253.64
2022-08-25 01:00:00,30618.52
2022-08-25 02:00:00,30954.56
2022-08-25 03:00:00,30658.24
2022-08-25 04:00:00,29952.45
2022-08-25 05:00:00,31884.15
2022-08-25 06:00:00,33764.51
2022-08-25 07:00:00,34506.13
2022-08-25 08:00:00,35338.28
2022-08-25 09:00:00,36659.62
2022-08-25 10:00:00,34415.23
2022-08-25 11:00:00,33677.53
2022-08-25 12:00:00,32671.53
2022-08-25 13:00:00,32489.5
2022-08-25 14:00:00,32119.3
2022-08-25 15:00:00,32363.97
2022-08-25 16:00:00,33293.81
2022-08-25 17:00:00,34979.66
2022-08-25 18:00:00,36213.88
2022-08-25 19:00:00,37509.08
2022-08-25 20:00:00,37281.25
2022-08-25 21:00:00,36002.36
2022-08-25 22:00:00,35468.65
2022-08-25 23:00:00,33345.48
2022-08-26 00:00:00,30302.25
2022-08-26 01:00:00,30412.35
2022-08-26 02:00:00,30116.93
2022-08-26 03:00:00,29211.73
2022-08-26 04:00:00,30126.79
2022-08-26 05:00:00,30543.32
2022-08-26 06:00:00,33024.31
2022-08-26 07:00:00,34253.45
2022-08-26 08:00:00,35050.11
2022-08-26 09:00:00,35087.31
2022-08-26 10:00:00,34568.82
2022-08-26 11:00:00,33667.25
2022-08-26 12:00:00,32437.36
2022-08-26 13:00:00,31837.22
2022-08-26 14:00:00,31966.65
2022-08-26 15:00:00,32339.46
2022-08-26 16:00:00,33579.45
2022-08-26 17:00:00,34503.47
2022-08-26 18:00:00,37103.29
2022-08-26 19:00:00,37855.5
2022-08-26 20:00:00,37529.21
2022-08-26 21:00:00,37573.69
2022-08-26 22:00:00,35506.14
2022-08-26 23:00:00,33665.44
2022-08-27 00:00:00,27858.5
2022-08-27 01:00:00,27509.52
2022-08-27 02:00:00,27228.02
2022-08-27 03:00:00,26754.83
2022-08-27 04:00:00,27277.02
2022-08-27 05:00:00,27867.89
2022-08-27 06:00:00,29535.24
2022-08-27 07:00:00,30166.9
2022-08-27 08:00:00,31711.25
2022-08-27 09:00:00,32646.81
2022-08-27 10:00:00,31161.87
2022-08-27 11:00:00,30242.02
2022-08-27 12:00:00,29445.95
2022-08-27 13:00:00,28741.03
2022-08-27 14:00:00,28452.3
2022-08-27 15:00:00,29703.76
2022-08-27 16:00:00,30867.34
2022-08-27 17:00:00,32172.77
2022-08-27 18:00:00,33504.48
2022-08-27 19:00:00,34455.57
2022-08-27 20:00:00,34854.03
2022-08-27 21:00:00,33654.74
2022-08-27 22:00:00,32265.1
2022-08-27 23:00:00,31096.63
2022-08-28 00:00:00,27047.8
2022-08-28 01:00:00,27160.32
2022-08-28 02:00:00,26178.77
2022-08-28 03:00:00,26250.56
2022-08-28 04:00:00,26522.91
2022-08-28 05:00:00,26824.77
2022-08-28 06:00:00,28448.24
2022-08-28 07:00:00,29298.4
2022-08-28 08:00:00,30127.85
2022-08-28 09:00:00,31017.65
2022-08-28 10:00:00,30154.1
2022-08-28 11:00:00,29417.4
2022-08-28 12:00:00,28513.8
2022-08-28 13:00:00,27735.33
2022-08-28 14:00:00,28077.75
2022-08-28 15:00:00,28142.6
2022-08-28 16:00:00,29983.25
2022-08-28 17:00:00,30255.33
2022-08-28 18:00:00,31886.39
2022-08-28 19:00:00,32367.47
2022-08-28 20:00:00,32934.64
2022-08-28 21:00:00,31846.91
2022-08-28 22:00:00,30560.24
2022-08-28 23:00:00,29803.74
2022-08-29 00:00:00,33217.33
2022-08-29 01:00:00,33104.17
2022-08-29 02:00:00,32187.63
2022-08-29 03:00:00,31750.23
2022-08-29 04:00:00,32442.86
2022-08-29 05:00:00,33163.49
2022-08-29 06:00:00,34975.61
2022-08-29 07:00:00,36333.76
2022-08-29 08:00:00,37509.48
2022-08-29 09:00:00,36978.84
2022-08-29 10:00:00,37412.15
2022-08-29 11:00:00,35483.27
2022-08-29 12:00:00,34716.52
2022-08-29 13:00:00,33580.72
2022-08-29 14:00:00,33944.31
2022-08-29 15:00:00,33911.59
2022-08-29 16:00:00,35597.58
2022-08-29 17:00:00,36768.44
2022-08-29 18:00:00,38348.97
2022-08-29 19:00:00,39485.43
2022-08-29 20:00:00,38770.16
2022-08-29 21:00:00,37980.3
2022-08-29 22:00:00,36853.57
2022-08-29 23:00:00,35885.61
2022-08-30 00:00:00,32298.19
2022-08-30 01:00:00,32241.87
2022-08-30 02:00:00,31580.68
2022-08-30 03:00:00,31987.44
2022-08-30 04:00:00,30841.62
2022-08-30 05:00:00,32341.47
2022-08-30 06:00:00,33209.55
2022-08-30 07:00:00,34498.85
2022-08-30 08:00:00,36551.93
2022-08-30 09:00:00,36605.07
2022-08-30 10:00:00,35663.2
2022-08-30 11:00:00,34521.09
2022-08-30 12:00:00,34583.38
2022-08-30 13:00:00,32821.93
2022-08-30 14:00:00,33069.47
2022-08-30 15:00:00,33213.3
2022-08-30 16:00:00,34637.22
2022-08-30 17:00:00,35928.61
2022-08-30 18:00:00,37341.23
2022-08-30 19:00:00,39053.74
2022-08-30 20:00:00,38821.9
2022-08-30 21:00:00,37510.81
2022-08-30 22:00:00,35167.05
2022-08-30 23:00:00,34343.92
2022-08-31 00:00:00,32653.86
2022-08-31 01:00:00,31358.2
2022-08-31 02:00:00,31452.44
2022-08-31 03:00:00,31306.16
2022-08-31 04:00:00,31070.42
2022-08-31 05:00:00,31602.19
2022-08-31 06:00:00,32563.27
2022-08-31 07:00:00,35302.02
2022-08-31 08:00:00,35898.78
2022-08-31 09:00:00,36403.96
2022-08-31 10:00:00,35161.49
2022-08-31 11:00:00,34351.26
2022-08-31 12:00:00,33446.05
2022-08-31 13:00:00,32990.44
2022-08-31 14:00:00,32533.0
2022-08-31 15:00:00,33938.92
2022-08-31 16:00:00,34450.43
2022-08-31 17:00:00,35596.09
2022-08-31 18:00:00,37660.11
2022-08-31 19:00:00,38684.04
2022-08-31 20:00:00,38760.66
2022-08-31 21:00:00,38271.92
2022-08-31 22:00:00,36258.49
2022-08-31 23:00:00,34829.32
2022-09-01 00:00:00,31754.8
2022-09-01 01:00:00,32187.39
2022-09-01 02:00:00,31617.53
2022-09-01 03:00:00,31163.79
2022-09-01 04:00:00,30856.17
2022-09-01 05:00:00,32948.08
2022-09-01 06:00:00,33545.23
2022-09-01 07:00:00,35425.31
2022-09-01 08:00:00,36886.24
2022-09-01 09:00:00,36504.29
2022-09-01 10:00:00,35657.55
2022-09-01 11:00:00,34279.3
2022-09-01 12:00:00,34259.06
2022-09-01 13:00:00,33268.59
2022-09-01 14:00:00,34497.87
2022-09-01 15:00:00,33705.93
2022-09-01 16:00:00,34851.31
2022-09-01 17:00:00,36476.0
2022-09-01 18:00:00,38249.16
2022-09-01 19:00:00,38944.15
2022-09-01 20:00:00,39323.33
2022-09-01 21:00:00,37822.11
2022-09-01 22:00:00,36189.15
2022-09-01 23:00:00,34532.51
2022-09-02 00:00:00,31611.57
2022-09-02 01:00:00,31921.85
2022-09-02 02:00:00,31602.35
2022-09-02 03:00:00,31193.92
2022-09-02 04:00:00,32009.5
2022-09-02 05:00:00,32869.28
2022-09-02 06:00:00,33798.36
2022-09-02 07:00:00,34887.13
2022-09-02 08:00:00,36385.92
2022-09-02 09:00:00,36476.08
2022-09-02 10:00:00,35651.68
2022-09-02 11:00:00,34417.51
2022-09-02 12:00:00,33354.02
2022-09-02 13:00:00,32836.7
2022-09-02 14:00:00,32699.79
2022-09-02 15:00:00,33512.07
2022-09-02 16:00:00,34621.61
2022-09-02 17:00:00,35613.66
2022-09-02 18:00:00,37804.85
2022-09-02 19:00:00,37899.82
2022-09-02 20:00:00,37616.09
2022-09-02 21:00:00,37311.55
2022-09-02 22:00:00,35342.0
2022-09-02 23:00:00,34173.01
2022-09-03 00:00:00,26645.76
2022-09-03 01:00:00,27675.47
2022-09-03 02:00:00,27030.55
2022-09-03 03:00:00,25969.59
2022-09-03 04:00:00,26076.72
2022-09-03 05:00:00,27902.48
2022-09-03 06:00:00,28321.98
2022-09-03 07:00:00,29662.07
2022-09-03 08:00:00,30070.93
2022-09-03 09:00:00,30802.61
2022-09-03 10:00:00,30112.46
2022-09-03 11:00:00,29346.52
2022-09-03 12:00:00,27637.4
2022-09-03 13:00:00,27041.05
2022-09-03 14:00:00,27673.82
2022-09-03 15:00:00,28312.99
2022-09-03 16:00:00,28333.25
2022-09-03 17:00:00,30522.31
2022-09-03 18:00:00,31412.57
2022-09-03 19:00:00,32561.08
2022-09-03 20:00:00,32106.92
2022-09-03 21:00:00,30374.17
2022-09-03 22:00:00,29851.82
2022-09-03 23:00:00,28911.96
2022-09-04 00:00:00,23984.11
2022-09-04 01:00:00,23902.6
2022-09-04 02:00:00,23633.44
2022-09-04 03:00:00,22425.73
2022-09-04 04:00:00,24146.37
2022-09-04 05:00:00,23950.15
2022-09-04 06:00:00,25652.47
2022-09-04 07:00:00,26760.79
2022-09-04 08:00:00,28116.89
2022-09-04 09:00:00,27915.7
2022-09-04 10:00:00,27049.82
2022-09-04 11:00:00,25841.51
2022-09-04 12:00:00,25575.77
2022-09-04 13:00:00,24171.45
2022-09-04 14:00:00,25048.17
2022-09-04 15:00:00,24901.27
2022-09-04 16:00:00,26634.44
2022-09-04 17:00:00,27478.82
2022-09-04 18:00:00,28870.18
2022-09-04 19:00:00,29452.76
2022-09-04 20:00:00,28819.94
2022-09-04 21:00:00,28370.82
2022-09-04 22:00:00,27701.47
2022-09-04 23:00:00,26307.17
2022-09-05 00:00:00,29689.01
2022-09-05 01:00:00,29166.41
2022-09-05 02:00:00,28332.48
2022-09-05 03:00:00,28145.19
2022-09-05 04:00:00,28669.52
2022-09-05 05:00:00,28743.48
2022-09-05 06:00:00,31674.16
2022-09-05 07:00:00,32905.59
2022-09-05 08:00:00,34316.68
2022-09-05 09:00:00,33506.44
2022-09-05 10:00:00,33765.09
2022-09-05 11:00:00,32968.0
2022-09-05 12:00:00,30726.2
2022-09-05 13:00:00,30931.07
2022-09-05 14:00:00,30697.6
2022-09-05 15:00:00,30761.8
2022-09-05 16:00:00,32621.46
2022-09-05 17:00:00,34269.7
2022-09-05 18:00:00,35288.73
2022-09-05 19:00:00,36884.92
2022-09-05 20:00:00,35928.79
2022-09-05 21:00:00,35081.5
2022-09-05 22:00:00,34199.27
2022-09-05 23:00:00,32689.93
2022-09-06 00:00:00,29707.93
2022-09-06 01:00:00,29998.98
2022-09-06 02:00:00,29550.9
2022-09-06 03:00:00,29418.94
2022-09-06 04:00:00,29282.35
2022-09-06 05:00:00,30450.09
2022-09-06 06:00:00,31608.85
2022-09-06 07:00:00,34133.56
2022-09-06 08:00:00,34250.8
2022-09-06 09:00:00,35425.65
2022-09-06 10:00:00,33949.06
2022-09-06 11:00:00,32288.27
2022-09-06 12:00:00,32222.66
2022-09-06 13:00:00,31230.46
2022-09-06 14:00:00,31487.91
2022-09-06 15:00:00,32188.65
2022-09-06 16:00:00,32988.12
2022-09-06 17:00:00,34152.41
2022-09-06 18:00:00,36181.38
2022-09-06 19:00:00,36775.14
2022-09-06 20:00:00,37005.97
2022-09-06 21:00:00,35058.99
2022-09-06 22:00:00,34469.22
2022-09-06 23:00:00,32571.05
2022-09-07 00:00:00,30604.5
2022-09-07 01:00:00,29951.61
2022-09-07 02:00:00,29417.34
2022-09-07 03:00:00,29207.27
2022-09-07 04:00:00,28844.63
2022-09-07 05:00:00,30626.32
2022-09-07 06:00:00,32231.54
2022-09-07 07:00:00,33273.29
2022-09-07 08:00:00,34764.99
2022-09-07 09:00:00,34115.82
2022-09-07 10:00:00,33238.32
2022-09-07 11:00:00,32320.05
2022-09-07 12:00:00,31389.19
2022-09-07 13:00:00,30500.43
2022-09-07 14:00:00,30790.83
2022-09-07 15:00:00,31242.82
2022-09-07 16:00:00,31860.59
2022-09-07 17:00:00,33848.65
2022-09-07 18:00:00,35419.18
2022-09-07 19:00:00,36084.25
2022-09-07 20:00:00,36393.72
2022-09-07 21:00:00,34588.93
2022-09-07 22:00:00,33659.58
2022-09-07 23:00:00,31551.82
2022-09-08 00:00:00,28792.01
2022-09-08 01:00:00,28658.94
2022-09-08 02:00:00,28143.29
2022-09-08 03:00:00,27981.58
2022-09-08 04:00:00,28255.47
2022-09-08 05:00:00,29490.91
2022-09-08 06:00:00,30568.64
2022-09-08 07:00:00,31737.44
2022-09-08 08:00:00,33777.53
2022-09-08 09:00:00,33209.07
2022-09-08 10:00:00,32703.97
2022-09-08 11:00:00,31692.69
2022-09-08 12:00:00,30564.19
2022-09-08 13:00:00,30308.48
2022-09-08 14:00:00,30090.37
2022-09-08 15:00:00,30190.14
2022-09-08 16:00:00,32367.3
2022-09-08 17:00:00,33171.46
2022-09-08 18:00:00,34545.98
2022-09-08 19:00:00,35888.98
2022-09-08 20:00:00,35654.14
2022-09-08 21:00:00,34782.7
2022-09-08 22:00:00,34049.52
2022-09-08 23:00:00,31602.03
2022-09-09 00:00:00,28867.23
2022-09-09 01:00:00,28775.89
2022-09-09 02:00:00,28763.59
2022-09-09 03:00:00,27623.09
2022-09-09 04:00:00,27681.96
2022-09-09 05:00:00,29095.24
2022-09-09 06:00:00,30275.98
2022-09-09 07:00:00,32374.95
2022-09-09 08:00:00,33850.28
2022-09-09 09:00:00,33550.9
2022-09-09 10:00:00,32650.3
2022-09-09 11:00:00,32050.02
2022-09-09 12:00:00,31349.17
2022-09-09 13:00:00,29948.07
2022-09-09 14:00:00,30887.46
2022-09-09 15:00:00,31516.0
2022-09-09 16:00:00,32736.42
2022-09-09 17:00:00,34385.38
2022-09-09 18:00:00,36279.77
2022-09-09 19:00:00,36392.61
2022-09-09 20:00:00,36622.86
2022-09-09 21:00:00,35564.68
2022-09-09 22:00:00,34292.78
2022-09-09 23:00:00,33394.45
2022-09-10 00:00:00,26089.94
2022-09-10 01:00:00,26079.7
2022-09-10 02:00:00,26590.04
2022-09-10 03:00:00,26284.63
2022-09-10 04:00:00,26020.09
2022-09-10 05:00:00,27288.83
2022-09-10 06:00:00,28491.18
2022-09-10 07:00:00,30389.01
2022-09-10 08:00:00,30917.03
2022-09-10 09:00:00,31426.81
2022-09-10 10:00:00,31373.16
2022-09-10 11:00:00,29673.56
2022-09-10 12:00:00,28622.05
2022-09-10 13:00:00,28410.78
2022-09-10 14:00:00,28077.22
2022-09-10 15:00:00,29586.83
2022-09-10 16:00:00,29834.68
2022-09-10 17:00:00,31031.42
2022-09-10 18:00:00,32181.13
2022-09-10 19:00:00,33724.34
2022-09-10 20:00:00,33679.55
2022-09-10 21:00:00,32406.39
2022-09-10 22:00:00,31504.89
2022-09-10 23:00:00,29481.18
2022-09-11 00:00:00,25803.95
2022-09-11 01:00:00,25695.78
2022-09-11 02:00:00,25843.73
2022-09-11 03:00:00,24769.43
2022-09-11 04:00:00,24755.57
2022-09-11 05:00:00,25632.07
2022-09-11 06:00:00,26721.03
2022-09-11 07:00:00,29001.12
2022-09-11 08:00:00,29984.94
2022-09-11 09:00:00,29671.17
2022-09-11 10:00:00,29359.63
2022-09-11 11:00:00,28011.21
2022-09-11 12:00:00,27078.66
2022-09-11 13:00:00,26526.83
2022-09-11 14:00:00,26526.06
2022-09-11 15:00:00,26548.79
2022-09-11 16:00:00,28080.97
2022-09-11 17:00:00,29184.22
2022-09-11 18:00:00,30661.24
2022-09-11 19:00:00,31188.23
2022-09-11 20:00:00,31079.9
2022-09-11 21:00:00,30039.36
2022-09-11 22:00:00,29128.9
2022-09-11 23:00:00,28106.91
2022-09-12 00:00:00,30793.15
2022-09-12 01:00:00,30920.51
2022-09-12 02:00:00,30560.94
2022-09-12 03:00:00,29922.17
2022-09-12 04:00:00,30116.05
2022-09-12 05:00:00,31258.81
2022-09-12 06:00:00,32250.93
2022-09-12 07:00:00,34365.46
2022-09-12 08:00:00,34997.34
2022-09-12 09:00:00,35785.6
2022-09-12 10:00:00,35431.4
2022-09-12 11:00:00,33098.68
2022-09-12 12:00:00,32517.6
2022-09-12 13:00:00,31478.17
2022-09-12 14:00:00,32062.8
2022-09-12 15:00:00,31791.32
2022-09-12 16:00:00,33480.57
2022-09-12 17:00:00,34468.74
2022-09-12 18:00:00,36157.57
2022-09-12 19:00:00,36783.29
2022-09-12 20:00:00,37405.84
2022-09-12 21:00:00,35858.51
2022-09-12 22:00:00,34834.98
2022-09-12 23:00:00,32997.34
2022-09-13 00:00:00,30321.89
2022-09-13 01:00:00,30123.29
2022-09-13 02:00:00,29410.59
2022-09-13 03:00:00,29464.17
2022-09-13 04:00:00,30096.61
2022-09-13 05:00:00,30169.95
2022-09-13 06:00:00,32349.65
2022-09-13 07:00:00,34089.52
2022-09-13 08:00:00,34380.05
2022-09-13 09:00:00,34294.45
2022-09-13 10:00:00,34146.27
2022-09-13 11:00:00,32675.1
2022-09-13 12:00:00,32492.6
2022-09-13 13:00:00,31295.58
2022-09-13 14:00:00,31012.98
2022-09-13 15:00:00,31473.71
2022-09-13 16:00:00,33381.82
2022-09-13 17:00:00,34310.25
2022-09-13 18:00:00,36029.91
2022-09-13 19:00:00,37312.5
2022-09-13 20:00:00,36831.98
2022-09-13 21:00:00,36068.67
2022-09-13 22:00:00,34619.11
2022-09-13 23:00:00,33389.67
2022-09-14 00:00:00,30653.31
2022-09-14 01:00:00,30127.73
2022-09-14 02:00:00,29880.51
2022-09-14 03:00:00,29488.23
2022-09-14 04:00:00,29317.28
2022-09-14 05:00:00,30850.16
2022-09-14 06:00:00,32962.22
2022-09-14 07:00:00,33657.33
2022-09-14 08:00:00,34835.71
2022-09-14 09:00:00,34976.59
2022-09-14 10:00:00,34806.68
2022-09-14 11:00:00,33568.67
2022-09-14 12:00:00,32358.11
2022-09-14 13:00:00,31564.49
2022-09-14 14:00:00,31953.13
2022-09-14 15:00:00,31976.43
2022-09-14 16:00:00,33718.21
2022-09-14 17:00:00,35498.62
2022-09-14 18:00:00,36272.71
2022-09-14 19:00:00,37147.06
2022-09-14 20:00:00,38265.91
2022-09-14 21:00:00,36585.1
2022-09-14 22:00:00,35736.44
2022-09-14 23:00:00,33806.66
2022-09-15 00:00:00,31095.3
2022-09-15 01:00:00,31052.96
2022-09-15 02:00:00,30229.48
2022-09-15 03:00:00,30327.93
2022-09-15 04:00:00,30343.33
2022-09-15 05:00:00,30916.14
2022-09-15 06:00:00,33009.07
2022-09-15 07:00:00,34434.98
2022-09-15 08:00:00,35578.23
2022-09-15 09:00:00,35348.11
2022-09-15 10:00:00,35560.89
2022-09-15 11:00:00,34127.08
2022-09-15 12:00:00,33114.62
2022-09-15 13:00:00,32094.94
2022-09-15 14:00:00,31581.69
2022-09-15 15:00:00,33421.48
2022-09-15 16:00:00,33806.22
2022-09-15 17:00:00,35034.84
2022-09-15 18:00:00,36901.8
2022-09-15 19:00:00,38077.58
2022-09-15 20:00:00,37629.6
2022-09-15 21:00:00,37108.95
2022-09-15 22:00:00,35516.77
2022-09-15 23:00:00,33218.46
2022-09-16 00:00:00,30588.61
2022-09-16 01:00:00,30841.75
2022-09-16 02:00:00,29130.97
2022-09-16 03:00:00,29705.09
2022-09-16 04:00:00,29386.41
2022-09-16 05:00:00,30556.72
2022-09-16 06:00:00,32066.98
2022-09-16 07:00:00,33618.54
2022-09-16 08:00:00,34593.83
2022-09-16 09:00:00,34479.9
2022-09-16 10:00:00,34837.96
2022-09-16 11:00:00,33446.92
2022-09-16 12:00:00,31286.45
2022-09-16 13:00:00,31616.42
2022-09-16 14:00:00,30854.85
2022-09-16 15:00:00,31540.09
2022-09-16 16:00:00,32513.95
2022-09-16 17:00:00,33728.64
2022-09-16 18:00:00,35719.74
2022-09-16 19:00:00,36292.3
2022-09-16 20:00:00,36012.68
2022-09-16 21:00:00,34712.39
2022-09-16 22:00:00,33301.44
2022-09-16 23:00:00,31469.41
2022-09-17 00:00:00,25745.56
2022-09-17 01:00:00,25024.34
2022-09-17 02:00:00,24959.8
2022-09-17 03:00:00,25235.86
2022-09-17 04:00:00,25281.27
2022-09-17 05:00:00,25580.37
2022-09-17 06:00:00,26832.87
2022-09-17 07:00:00,28905.62
2022-09-17 08:00:00,29351.78
2022-09-17 09:00:00,29129.41
2022-09-17 10:00:00,28026.53
2022-09-17 11:00:00,27583.49
2022-09-17 12:00:00,26784.25
2022-09-17 13:00:00,25737.6
2022-09-17 14:00:00,26023.24
2022-09-17 15:00:00,26259.65
2022-09-17 16:00:00,27266.98
2022-09-17 17:00:00,27744.23
2022-09-17 18:00:00,29816.83
2022-09-17 19:00:00,31037.91
2022-09-17 20:00:00,30455.58
2022-09-17 21:00:00,29846.45
2022-09-17 22:00:00,28238.12
2022-09-17 23:00:00,27291.82
2022-09-18 00:00:00,22993.62
2022-09-18 01:00:00,22507.96
2022-09-18 02:00:00,22985.79
2022-09-18 03:00:00,22616.09
2022-09-18 04:00:00,22226.18
2022-09-18 05:00:00,23342.36
2022-09-18 06:00:00,24591.88
2022-09-18 07:00:00,25969.83
2022-09-18 08:00:00,26062.83
2022-09-18 09:00:00,27129.77
2022-09-18 10:00:00,25960.78
2022-09-18 11:00:00,25080.79
2022-09-18 12:00:00,25294.55
2022-09-18 13:00:00,24029.8
2022-09-18 14:00:00,23805.26
2022-09-18 15:00:00,23652.92
2022-09-18 16:00:00,25840.9
2022-09-18 17:00:00,26128.34
2022-09-18 18:00:00,27487.68
2022-09-18 19:00:00,28518.43
2022-09-18 20:00:00,29154.33
2022-09-18 21:00:00,28181.73
2022-09-18 22:00:00,26662.29
2022-09-18 23:00:00,25619.18
2022-09-19 00:00:00,28213.18
2022-09-19 01:00:00,28231.8
2022-09-19 02:00:00,27862.4
2022-09-19 03:00:00,27935.22
2022-09-19 04:00:00,28148.96
2022-09-19 05:00:00,28906.02
2022-09-19 06:00:00,30142.29
2022-09-19 07:00:00,32190.34
2022-09-19 08:00:00,33031.98
2022-09-19 09:00:00,32853.32
2022-09-19 10:00:00,32354.24
2022-09-19 11:00:00,31374.22
2022-09-19 12:00:00,30654.73
2022-09-19 13:00:00,29732.74
2022-09-19 14:00:00,29396.44
2022-09-19 15:00:00,30429.55
2022-09-19 16:00:00,31579.29
2022-09-19 17:00:00,33115.34
2022-09-19 18:00:00,34873.71
2022-09-19 19:00:00,35864.93
2022-09-19 20:00:00,35313.14
2022-09-19 21:00:00,34374.19
2022-09-19 22:00:00,32747.59
2022-09-19 23:00:00,31859.76
2022-09-20 00:00:00,29408.84
2022-09-20 01:00:00,28520.35
2022-09-20 02:00:00,28166.75
2022-09-20 03:00:00,28488.54
2022-09-20 04:00:00,28328.75
2022-09-20 05:00:00,29187.48
2022-09-20 06:00:00,30112.44
2022-09-20 07:00:00,32385.21
2022-09-20 08:00:00,32911.22
2022-09-20 09:00:00,32961.3
2022-09-20 10:00:00,32453.07
2022-09-20 11:00:00,31170.55
2022-09-20 12:00:00,30240.65
2022-09-20 13:00:00,29225.26
2022-09-20 14:00:00,30038.06
2022-09-20 15:00:00,30637.23
2022-09-20 16:00:00,30640.92
2022-09-20 17:00:00,33125.97
2022-09-20 18:00:00,33951.99
2022-09-20 19:00:00,35443.52
2022-09-20 20:00:00,35084.59
2022-09-20 21:00:00,34140.52
2022-09-20 22:00:00,32541.86
2022-09-20 23:00:00,31490.17
2022-09-21 00:00:00,27878.69
2022-09-21 01:00:00,28213.23
2022-09-21 02:00:00,27967.55
2022-09-21 03:00:00,27519.77
2022-09-21 04:00:00,28224.61
2022-09-21 05:00:00,28076.48
2022-09-21 06:00:00,30061.29
2022-09-21 07:00:00,31280.3
2022-09-21 08:00:00,32813.46
2022-09-21 09:00:00,32479.32
2022-09-21 10:00:00,31543.93
2022-09-21 11:00:00,30922.45
2022-09-21 12:00:00,29223.59
2022-09-21 13:00:00,28303.47
2022-09-21 14:00:00,28584.09
2022-09-21 15:00:00,29519.23
2022-09-21 16:00:00,30870.64
2022-09-21 17:00:00,31887.63
2022-09-21 18:00:00,33769.99
2022-09-21 19:00:00,33752.3
2022-09-21 20:00:00,34052.03
2022-09-21 21:00:00,33146.01
2022-09-21 22:00:00,31704.4
2022-09-21 23:00:00,30257.8
2022-09-22 00:00:00,27747.36
2022-09-22 01:00:00,27068.84
2022-09-22 02:00:00,26888.94
2022-09-22 03:00:00,26548.63
2022-09-22 04:00:00,26422.38
2022-09-22 05:00:00,27600.22
2022-09-22 06:00:00,29099.95
2022-09-22 07:00:00,30731.84
2022-09-22 08:00:00,31915.67
2022-09-22 09:00:00,32084.17
2022-09-22 10:00:00,31159.07
2022-09-22 11:00:00,30598.46
2022-09-22 12:00:00,28732.78
2022-09-22 13:00:00,28352.45
2022-09-22 14:00:00,29606.69
2022-09-22 15:00:00,28871.1
2022-09-22 16:00:00,29905.61
2022-09-22 17:00:00,32166.84
2022-09-22 18:00:00,32708.39
2022-09-22 19:00:00,34338.26
2022-09-22 20:00:00,35217.62
2022-09-22 21:00:00,33032.21
2022-09-22 22:00:00,31443.12
2022-09-22 23:00:00,30162.01
2022-09-23 00:00:00,28346.48
2022-09-23 01:00:00,28209.46
2022-09-23 02:00:00,27315.93
2022-09-23 03:00:00,27521.25
2022-09-23 04:00:00,28012.02
2022-09-23 05:00:00,29104.33
2022-09-23 06:00:00,29960.83
2022-09-23 07:00:00,30937.07
2022-09-23 08:00:00,32624.29
2022-09-23 09:00:00,32967.19
2022-09-23 10:00:00,32328.07
2022-09-23 11:00:00,31242.47
2022-09-23 12:00:00,30733.11
2022-09-23 13:00:00,30291.59
2022-09-23 14:00:00,29852.77
2022-09-23 15:00:00,30933.33
2022-09-23 16:00:00,31851.19
2022-09-23 17:00:00,33307.79
2022-09-23 18:00:00,35153.58
2022-09-23 19:00:00,35868.83
2022-09-23 20:00:00,36628.26
2022-09-23 21:00:00,34525.9
2022-09-23 22:00:00,33424.25
2022-09-23 23:00:00,32117.9
2022-09-24 00:00:00,26126.31
2022-09-24 01:00:00,26226.32
2022-09-24 02:00:00,25489.12
2022-09-24 03:00:00,24806.18
2022-09-24 04:00:00,25803.7
2022-09-24 05:00:00,26599.58
2022-09-24 06:00:00,27020.29
2022-09-24 07:00:00,29172.15
2022-09-24 08:00:00,29624.16
2022-09-24 09:00:00,30104.04
2022-09-24 10:00:00,29379.33
2022-09-24 11:00:00,28971.38
2022-09-24 12:00:00,27845.75
2022-09-24 13:00:00,26883.38
2022-09-24 14:00:00,27663.12
2022-09-24 15:00:00,27373.21
2022-09-24 16:00:00,28984.6
2022-09-24 17:00:00,29912.39
2022-09-24 18:00:00,31388.55
2022-09-24 19:00:00,32532.01
2022-09-24 20:00:00,32545.83
2022-09-24 21:00:00,32007.7
2022-09-24 22:00:00,30205.63
2022-09-24 23:00:00,29019.82
2022-09-25 00:00:00,24569.06
2022-09-25 01:00:00,24558.51
2022-09-25 02:00:00,24332.26
2022-09-25 03:00:00,23912.31
2022-09-25 04:00:00,23454.92
2022-09-25 05:00:00,24921.07
2022-09-25 06:00:00,26153.04
2022-09-25 07:00:00,27109.63
2022-09-25 08:00:00,27786.4
2022-09-25 09:00:00,28848.2
2022-09-25 10:00:00,27857.22
2022-09-25 11:00:00,26618.73
2022-09-25 12:00:00,25431.22
2022-09-25 13:00:00,25056.8
2022-09-25 14:00:00,25776.68
2022-09-25 15:00:00,25811.07
2022-09-25 16:00:00,26455.76
2022-09-25 17:00:00,28025.68
2022-09-25 18:00:00,28754.63
2022-09-25 19:00:00,30311.89
2022-09-25 20:00:00,30234.67
2022-09-25 21:00:00,28800.05
2022-09-25 22:00:00,27498.89
2022-09-25 23:00:00,25545.19
2022-09-26 00:00:00,29019.87
2022-09-26 01:00:00,28767.11
2022-09-26 02:00:00,28875.5
2022-09-26 03:00:00,28412.73
2022-09-26 04:00:00,28210.79
2022-09-26 05:00:00,29447.79
2022-09-26 06:00:00,31202.6
2022-09-26 07:00:00,32817.59
2022-09-26 08:00:00,33049.14
2022-09-26 09:00:00,33787.13
2022-09-26 10:00:00,32564.12
2022-09-26 11:00:00,32168.94
2022-09-26 12:00:00,31078.21
2022-09-26 13:00:00,29912.52
2022-09-26 14:00:00,29947.15
2022-09-26 15:00:00,30613.3
2022-09-26 16:00:00,31089.44
2022-09-26 17:00:00,33483.5
2022-09-26 18:00:00,34753.24
2022-09-26 19:00:00,36130.45
2022-09-26 20:00:00,35409.16
2022-09-26 21:00:00,34639.93
2022-09-26 22:00:00,32849.9
2022-09-26 23:00:00,31532.41
2022-09-27 00:00:00,28782.97
2022-09-27 01:00:00,29286.37
2022-09-27 02:00:00,28330.75
2022-09-27 03:00:00,28363.74
2022-09-27 04:00:00,28389.28
2022-09-27 05:00:00,28991.23
2022-09-27 06:00:00,30905.37
2022-09-27 07:00:00,32830.81
2022-09-27 08:00:00,33329.68
2022-09-27 09:00:00,34203.8
2022-09-27 10:00:00,32889.66
2022-09-27 11:00:00,31872.98
2022-09-27 12:00:00,31227.68
2022-09-27 13:00:00,30281.64
2022-09-27 14:00:00,30563.42
2022-09-27 15:00:00,31046.56
2022-09-27 16:00:00,32350.9
2022-09-27 17:00:00,33004.68
2022-09-27 18:00:00,34723.12
2022-09-27 19:00:00,36562.24
2022-09-27 20:00:00,36751.43
2022-09-27 21:00:00,35169.73
2022-09-27 22:00:00,33958.26
2022-09-27 23:00:00,32685.87
2022-09-28 00:00:00,30170.37
2022-09-28 01:00:00,28986.29
2022-09-28 02:00:00,29047.56
2022-09-28 03:00:00,29007.84
2022-09-28 04:00:00,29591.04
2022-09-28 05:00:00,31147.72
2022-09-28 06:00:00,31734.35
2022-09-28 07:00:00,32987.46
2022-09-28 08:00:00,34757.56
2022-09-28 09:00:00,35249.58
2022-09-28 10:00:00,34090.32
2022-09-28 11:00:00,32585.57
2022-09-28 12:00:00,32230.09
2022-09-28 13:00:00,31587.48
2022-09-28 14:00:00,31017.66
2022-09-28 15:00:00,32098.43
2022-09-28 16:00:00,33441.22
2022-09-28 17:00:00,35013.16
2022-09-28 18:00:00,36073.54
2022-09-28 19:00:00,36923.12
2022-09-28 20:00:00,37485.15
2022-09-28 21:00:00,35694.38
2022-09-28 22:00:00,34786.11
2022-09-28 23:00:00,32648.72
2022-09-29 00:00:00,30802.42
2022-09-29 01:00:00,30058.73
2022-09-29 02:00:00,30203.57
2022-09-29 03:00:00,29644.66
2022-09-29 04:00:00,29209.61
2022-09-29 05:00:00,31007.08
2022-09-29 06:00:00,32532.86
2022-09-29 07:00:00,33903.41
2022-09-29 08:00:00,34402.39
2022-09-29 09:00:00,34668.51
2022-09-29 10:00:00,34026.92
2022-09-29 11:00:00,32514.34
2022-09-29 12:00:00,32278.4
2022-09-29 13:00:00,31130.1
2022-09-29 14:00:00,30087.73
2022-09-29 15:00:00,31673.51
2022-09-29 16:00:00,32492.94
2022-09-29 17:00:00,34029.04
2022-09-29 18:00:00,35357.23
2022-09-29 19:00:00,36654.78
2022-09-29 20:00:00,36706.71
2022-09-29 21:00:00,35412.71
2022-09-29 22:00:00,33647.37
2022-09-29 23:00:00,32186.62
2022-09-30 00:00:00,29452.69
2022-09-30 01:00:00,28827.42
2022-09-30 02:00:00,28866.4
2022-09-30 03:00:00,28485.1
2022-09-30 04:00:00,28977.92
2022-09-30 05:00:00,29701.01
2022-09-30 06:00:00,30457.95
2022-09-30 07:00:00,32547.39
2022-09-30 08:00:00,32962.4
2022-09-30 09:00:00,33609.16
2022-09-30 10:00:00,32352.04
2022-09-30 11:00:00,30929.46
2022-09-30 12:00:00,30284.55
2022-09-30 13:00:00,28620.87
2022-09-30 14:00:00,28878.89
2022-09-30 15:00:00,29934.44
2022-09-30 16:00:00,31073.07
2022-09-30 17:00:00,32346.65
2022-09-30 18:00:00,33348.96
2022-09-30 19:00:00,34500.1
2022-09-30 20:00:00,34867.97
2022-09-30 21:00:00,33939.3
2022-09-30 22:00:00,32191.92
2022-09-30 23:00:00,31050.44
2022-10-01 00:00:00,24699.11
2022-10-01 01:00:00,24018.92
2022-10-01 02:00:00,23811.74
2022-10-01 03:00:00,23143.41
2022-10-01 04:00:00,23723.74
2022-10-01 05:00:00,24903.91
2022-10-01 06:00:00,26050.06
2022-10-01 07:00:00,27709.88
2022-10-01 08:00:00,28060.41
2022-10-01 09:00:00,28738.21
2022-10-01 10:00:00,27507.5
2022-10-01 11:00:00,27037.27
2022-10-01 12:00:00,25590.35
2022-10-01 13:00:00,25337.94
2022-10-01 14:00:00,25597.24
2022-10-01 15:00:00,25506.84
2022-10-01 16:00:00,26623.46
2022-10-01 17:00:00,28309.61
2022-10-01 18:00:00,29119.17
2022-10-01 19:00:00,29535.01
2022-10-01 20:00:00,30752.37
2022-10-01 21:00:00,29016.0
2022-10-01 22:00:00,27936.64
2022-10-01 23:00:00,26974.03
2022-10-02 00:00:00,22353.18
2022-10-02 01:00:00,22002.91
2022-10-02 02:00:00,22148.55
2022-10-02 03:00:00,21224.21
2022-10-02 04:00:00,21917.45
2022-10-02 05:00:00,22852.68
2022-10-02 06:00:00,23925.44
2022-10-02 07:00:00,24837.14
2022-10-02 08:00:00,26861.08
2022-10-02 09:00:00,26474.69
2022-10-02 10:00:00,26334.47
2022-10-02 11:00:00,24799.43
2022-10-02 12:00:00,23757.34
2022-10-02 13:00:00,23720.62
2022-10-02 14:00:00,23573.97
2022-10-02 15:00:00,23726.86
2022-10-02 16:00:00,25586.99
2022-10-02 17:00:00,26101.73
2022-10-02 18:00:00,26915.91
2022-10-02 19:00:00,28819.62
2022-10-02 20:00:00,28200.16
2022-10-02 21:00:00,27412.65
2022-10-02 22:00:00,25808.67
2022-10-02 23:00:00,25822.87
2022-10-03 00:00:00,27634.18
2022-10-03 01:00:00,27853.81
2022-10-03 02:00:00,27793.13
2022-10-03 03:00:00,27365.62
2022-10-03 04:00:00,27394.73
2022-10-03 05:00:00,27724.44
2022-10-03 06:00:00,29552.86
2022-10-03 07:00:00,31542.44
2022-10-03 08:00:00,32312.15
2022-10-03 09:00:00,32802.87
2022-10-03 10:00:00,32208.74
2022-10-03 11:00:00,31130.18
2022-10-03 12:00:00,29328.56
2022-10-03 13:00:00,29959.36
2022-10-03 14:00:00,29452.98
2022-10-03 15:00:00,29744.21
2022-10-03 16:00:00,31225.82
2022-10-03 17:00:00,33152.35
2022-10-03 18:00:00,33291.18
2022-10-03 19:00:00,34640.95
2022-10-03 20:00:00,33868.44
2022-10-03 21:00:00,33805.23
2022-10-03 22:00:00,32355.69
2022-10-03 23:00:00,30685.89
2022-10-04 00:00:00,27760.31
2022-10-04 01:00:00,26969.77
2022-10-04 02:00:00,27407.71
2022-10-04 03:00:00,27480.08
2022-10-04 04:00:00,26910.87
2022-10-04 05:00:00,28125.89
2022-10-04 06:00:00,28889.47
2022-10-04 07:00:00,31189.65
2022-10-04 08:00:00,31954.62
2022-10-04 09:00:00,31922.28
2022-10-04 10:00:00,31115.45
2022-10-04 11:00:00,30022.44
2022-10-04 12:00:00,29215.53
2022-10-04 13:00:00,28014.07
2022-10-04 14:00:00,28288.95
2022-10-04 15:00:00,28936.78
2022-10-04 16:00:00,29631.48
2022-10-04 17:00:00,32092.53
2022-10-04 18:00:00,32605.39
2022-10-04 19:00:00,33567.7
2022-10-04 20:00:00,33416.33
2022-10-04 21:00:00,33403.67
2022-10-04 22:00:00,31439.31
2022-10-04 23:00:00,29374.48
2022-10-05 00:00:00,27369.26
2022-10-05 01:00:00,26741.19
2022-10-05 02:00:00,26345.35
2022-10-05 03:00:00,25826.33
2022-10-05 04:00:00,25832.95
2022-10-05 05:00:00,27072.35
2022-10-05 06:00:00,28237.98
2022-10-05 07:00:00,30667.59
2022-10-05 08:00:00,30665.26
2022-10-05 09:00:00,31762.51
2022-10-05 10:00:00,30400.28
2022-10-05 11:00:00,29347.82
2022-10-05 12:00:00,28484.8
2022-10-05 13:00:00,27396.06
2022-10-05 14:00:00,27908.7
2022-10-05 15:00:00,27219.94
2022-10-05 16:00:00,29021.41
2022-10-05 17:00:00,30441.37
2022-10-05 18:00:00,31813.04
2022-10-05 19:00:00,33123.59
2022-10-05 20:00:00,33342.2
2022-10-05 21:00:00,32522.54
2022-10-05 22:00:00,30888.62
2022-10-05 23:00:00,29085.94
2022-10-06 00:00:00,26789.86
2022-10-06 01:00:00,26454.69
2022-10-06 02:00:00,26386.27
2022-10-06 03:00:00,26086.54
2022-10-06 04:00:00,26039.11
2022-10-06 05:00:00,26639.68
2022-10-06 06:00:00,28266.92
2022-10-06 07:00:00,29973.58
2022-10-06 08:00:00,31201.35
2022-10-06 09:00:00,31588.86
2022-10-06 10:00:00,31027.62
2022-10-06 11:00:00,29630.9
2022-10-06 12:00:00,28671.55
2022-10-06 13:00:00,28205.85
2022-10-06 14:00:00,28030.11
2022-10-06 15:00:00,28512.45
2022-10-06 16:00:00,29390.74
2022-10-06 17:00:00,31314.71
2022-10-06 18:00:00,33270.37
2022-10-06 19:00:00,33863.72
2022-10-06 20:00:00,34090.74
2022-10-06 21:00:00,33460.29
2022-10-06 22:00:00,32058.26
2022-10-06 23:00:00,30061.55
2022-10-07 00:00:00,28178.16
2022-10-07 01:00:00,28017.5
2022-10-07 02:00:00,26915.27
2022-10-07 03:00:00,26815.6
2022-10-07 04:00:00,27768.75
2022-10-07 05:00:00,28256.57
2022-10-07 06:00:00,29100.26
2022-10-07 07:00:00,31081.9
2022-10-07 08:00:00,32650.76
2022-10-07 09:00:00,32531.33
2022-10-07 10:00:00,32089.39
2022-10-07 11:00:00,31126.7
2022-10-07 12:00:00,30650.42
2022-10-07 13:00:00,29529.26
2022-10-07 14:00:00,30060.17
2022-10-07 15:00:00,30805.74
2022-10-07 16:00:00,31968.13
2022-10-07 17:00:00,33106.73
2022-10-07 18:00:00,33851.24
2022-10-07 19:00:00,35685.77
2022-10-07 20:00:00,35933.41
2022-10-07 21:00:00,34635.63
2022-10-07 22:00:00,33824.85
2022-10-07 23:00:00,32046.73
2022-10-08 00:00:00,25809.27
2022-10-08 01:00:00,25775.98
2022-10-08 02:00:00,25202.16
2022-10-08 03:00:00,23993.26
2022-10-08 04:00:00,24869.32
2022-10-08 05:00:00,26262.5
2022-10-08 06:00:00,26898.0
2022-10-08 07:00:00,28548.26
2022-10-08 08:00:00,29240.1
2022-10-08 09:00:00,30358.13
2022-10-08 10:00:00,29652.92
2022-10-08 11:00:00,27719.97
2022-10-08 12:00:00,27169.87
2022-10-08 13:00:00,26381.19
2022-10-08 14:00:00,26829.3
2022-10-08 15:00:00,27285.81
2022-10-08 16:00:00,28359.51
2022-10-08 17:00:00,29494.43
2022-10-08 18:00:00,31700.23
2022-10-08 19:00:00,31128.2
2022-10-08 20:00:00,30874.13
2022-10-08 21:00:00,30489.72
2022-10-08 22:00:00,28752.24
2022-10-08 23:00:00,27437.01
2022-10-09 00:00:00,23491.83
2022-10-09 01:00:00,23275.88
2022-10-09 02:00:00,22933.19
2022-10-09 03:00:00,23203.25
2022-10-09 04:00:00,22971.84
2022-10-09 05:00:00,23793.97
2022-10-09 06:00:00,25380.52
2022-10-09 07:00:00,26113.37
2022-10-09 08:00:00,27170.48
2022-10-09 09:00:00,27481.51
2022-10-09 10:00:00,26023.74
2022-10-09 11:00:00,24879.99
2022-10-09 12:00:00,24965.36
2022-10-09 13:00:00,24532.44
2022-10-09 14:00:00,25061.32
2022-10-09 15:00:00,24840.08
2022-10-09 16:00:00,25962.51
2022-10-09 17:00:00,26812.76
2022-10-09 18:00:00,28185.8
2022-10-09 19:00:00,29421.88
2022-10-09 20:00:00,28080.56
2022-10-09 21:00:00,28183.27
2022-10-09 22:00:00,27555.24
2022-10-09 23:00:00,25664.08
2022-10-10 00:00:00,29073.36
2022-10-10 01:00:00,27994.1
2022-10-10 02:00:00,27817.88
2022-10-10 03:00:00,27563.33
2022-10-10 04:00:00,26955.16
2022-10-10 05:00:00,28213.07
2022-10-10 06:00:00,29744.65
2022-10-10 07:00:00,32051.41
2022-10-10 08:00:00,33178.98
2022-10-10 09:00:00,33134.71
2022-10-10 10:00:00,32556.22
2022-10-10 11:00:00,31046.12
2022-10-10 12:00:00,30505.85
2022-10-10 13:00:00,29542.82
2022-10-10 14:00:00,29580.15
2022-10-10 15:00:00,30058.23
2022-10-10 16:00:00,31525.74
2022-10-10 17:00:00,32658.46
2022-10-10 18:00:00,34661.96
2022-10-10 19:00:00,34897.28
2022-10-10 20:00:00,34942.37
2022-10-10 21:00:00,34660.83
2022-10-10 22:00:00,32939.38
2022-10-10 23:00:00,31347.09
2022-10-11 00:00:00,29187.79
2022-10-11 01:00:00,28431.94
2022-10-11 02:00:00,28237.85
2022-10-11 03:00:00,28567.76
2022-10-11 04:00:00,28842.78
2022-10-11 05:00:00,29789.92
2022-10-11 06:00:00,30690.73
2022-10-11 07:00:00,32896.81
2022-10-11 08:00:00,33283.46
2022-10-11 09:00:00,33483.11
2022-10-11 10:00:00,32259.43
2022-10-11 11:00:00,32536.01
2022-10-11 12:00:00,30659.77
2022-10-11 13:00:00,30399.79
2022-10-11 14:00:00,30170.13
2022-10-11 15:00:00,31344.93
2022-10-11 16:00:00,32123.67
2022-10-11 17:00:00,33333.56
2022-10-11 18:00:00,35471.32
2022-10-11 19:00:00,35797.15
2022-10-11 20:00:00,36044.85
2022-10-11 21:00:00,34695.9
2022-10-11 22:00:00,33483.76
2022-10-11 23:00:00,32575.45
2022-10-12 00:00:00,29189.08
2022-10-12 01:00:00,29114.75
2022-10-12 02:00:00,29280.57
2022-10-12 03:00:00,28842.59
2022-10-12 04:00:00,29934.06
2022-10-12 05:00:00,30788.78
2022-10-12 06:00:00,31364.28
2022-10-12 07:00:00,33507.64
2022-10-12 08:00:00,34689.25
2022-10-12 09:00:00,34364.56
2022-10-12 10:00:00,33290.56
2022-10-12 11:00:00,32634.01
2022-10-12 12:00:00,31542.61
2022-10-12 13:00:00,30883.02
2022-10-12 14:00:00,31183.05
2022-10-12 15:00:00,31324.04
2022-10-12 16:00:00,32280.62
2022-10-12 17:00:00,34198.58
2022-10-12 18:00:00,35761.61
2022-10-12 19:00:00,36134.85
2022-10-12 20:00:00,36846.96
2022-10-12 21:00:00,34932.96
2022-10-12 22:00:00,33833.15
2022-10-12 23:00:00,32409.1
2022-10-13 00:00:00,29574.37
2022-10-13 01:00:00,29287.62
2022-10-13 02:00:00,29720.04
2022-10-13 03:00:00,28450.23
2022-10-13 04:00:00,29737.96
2022-10-13 05:00:00,29878.39
2022-10-13 06:00:00,31211.06
2022-10-13 07:00:00,32923.12
2022-10-13 08:00:00,34690.18
2022-10-13 09:00:00,33538.64
2022-10-13 10:00:00,32670.88
2022-10-13 11:00:00,31560.93
2022-10-13 12:00:00,30740.66
2022-10-13 13:00:00,29499.15
2022-10-13 14:00:00,30047.05
2022-10-13 15:00:00,31136.1
2022-10-13 16:00:00,31641.31
2022-10-13 17:00:00,32912.89
2022-10-13 18:00:00,34218.2
2022-10-13 19:00:00,35625.09
2022-10-13 20:00:00,34955.84
2022-10-13 21:00:00,34883.5
2022-10-13 22:00:00,33361.81
2022-10-13 23:00:00,31207.19
2022-10-14 00:00:00,28384.07
2022-10-14 01:00:00,28412.19
2022-10-14 02:00:00,27992.92
2022-10-14 03:00:00,26992.57
2022-10-14 04:00:00,27211.49
2022-10-14 05:00:00,27764.07
2022-10-14 06:00:00,29816.38
2022-10-14 07:00:00,31480.63
2022-10-14 08:00:00,31823.24
2022-10-14 09:00:00,32221.84
2022-10-14 10:00:00,31093.61
2022-10-14 11:00:00,30023.57
2022-10-14 12:00:00,29449.69
2022-10-14 13:00:00,28391.71
2022-10-14 14:00:00,28500.41
2022-10-14 15:00:00,28564.74
2022-10-14 16:00:00,30272.38
2022-10-14 17:00:00,31649.2
2022-10-14 18:00:00,32862.51
2022-10-14 19:00:00,33964.11
2022-10-14 20:00:00,34066.9
2022-10-14 21:00:00,32752.81
2022-10-14 22:00:00,31013.45
2022-10-14 23:00:00,30640.79
2022-10-15 00:00:00,23828.46
2022-10-15 01:00:00,23764.46
2022-10-15 02:00:00,23809.41
2022-10-15 03:00:00,24443.29
2022-10-15 04:00:00,22927.72
2022-10-15 05:00:00,24301.73
2022-10-15 06:00:00,25219.89
2022-10-15 07:00:00,26715.36
2022-10-15 08:00:00,27626.16
2022-10-15 09:00:00,27611.51
2022-10-15 10:00:00,27325.15
2022-10-15 11:00:00,25795.97
2022-10-15 12:00:00,25743.87
2022-10-15 13:00:00,24947.99
2022-10-15 14:00:00,25090.08
2022-10-15 15:00:00,25294.62
2022-10-15 16:00:00,26322.68
2022-10-15 17:00:00,27883.14
2022-10-15 18:00:00,28700.91
2022-10-15 19:00:00,29832.0
2022-10-15 20:00:00,29677.5
2022-10-15 21:00:00,28859.47
2022-10-15 22:00:00,27146.68
2022-10-15 23:00:00,27054.08
2022-10-16 00:00:00,22370.96
2022-10-16 01:00:00,22816.14
2022-10-16 02:00:00,22493.88
2022-10-16 03:00:00,21467.03
2022-10-16 04:00:00,21706.4
2022-10-16 05:00:00,23734.48
2022-10-16 06:00:00,24704.9
2022-10-16 07:00:00,25437.71
2022-10-16 08:00:00,26462.31
2022-10-16 09:00:00,26282.99
2022-10-16 10:00:00,26044.94
2022-10-16 11:00:00,24692.73
2022-10-16 12:00:00,23399.11
2022-10-16 13:00:00,23199.32
2022-10-16 14:00:00,23681.3
2022-10-16 15:00:00,23755.23
2022-10-16 16:00:00,25047.35
2022-10-16 17:00:00,25926.75
2022-10-16 18:00:00,27253.35
2022-10-16 19:00:00,28603.18
2022-10-16 20:00:00,28394.64
2022-10-16 21:00:00,27533.87
2022-10-16 22:00:00,26625.58
2022-10-16 23:00:00,25251.76
2022-10-17 00:00:00,28430.46
2022-10-17 01:00:00,27483.05
2022-10-17 02:00:00,27105.13
2022-10-17 03:00:00,26514.84
2022-10-17 04:00:00,26987.46
2022-10-17 05:00:00,28348.94
2022-10-17 06:00:00,29951.34
2022-10-17 07:00:00,31441.39
2022-10-17 08:00:00,31556.56
2022-10-17 09:00:00,32675.85
2022-10-17 10:00:00,30859.88
2022-10-17 11:00:00,30609.16
2022-10-17 12:00:00,29099.02
2022-10-17 13:00:00,28875.26
2022-10-17 14:00:00,28126.1
2022-10-17 15:00:00,29532.6
2022-10-17 16:00:00,29680.04
2022-10-17 17:00:00,31409.95
2022-10-17 18:00:00,32736.83
2022-10-17 19:00:00,33370.13
2022-10-17 20:00:00,33972.24
2022-10-17 21:00:00,33583.22
2022-10-17 22:00:00,32350.73
2022-10-17 23:00:00,29900.61
2022-10-18 00:00:00,27549.47
2022-10-18 01:00:00,26917.83
2022-10-18 02:00:00,26582.82
2022-10-18 03:00:00,25965.45
2022-10-18 04:00:00,26285.42
2022-10-18 05:00:00,27245.96
2022-10-18 06:00:00,28310.07
2022-10-18 07:00:00,30066.7
2022-10-18 08:00:00,31127.82
2022-10-18 09:00:00,31527.89
2022-10-18 10:00:00,30053.38
2022-10-18 11:00:00,29184.3
2022-10-18 12:00:00,28792.09
2022-10-18 13:00:00,27922.88
2022-10-18 14:00:00,27945.07
2022-10-18 15:00:00,28009.37
2022-10-18 16:00:00,29184.45
2022-10-18 17:00:00,30878.68
2022-10-18 18:00:00,32524.42
2022-10-18 19:00:00,32204.91
2022-10-18 20:00:00,32397.75
2022-10-18 21:00:00,32347.04
2022-10-18 22:00:00,30280.12
2022-10-18 23:00:00,28616.68
2022-10-19 00:00:00,25734.86
2022-10-19 01:00:00,25689.6
2022-10-19 02:00:00,24999.9
2022-10-19 03:00:00,25937.98
2022-10-19 04:00:00,25371.56
2022-10-19 05:00:00,26244.09
2022-10-19 06:00:00,27971.93
2022-10-19 07:00:00,29733.9
2022-10-19 08:00:00,30834.77
2022-10-19 09:00:00,31024.41
2022-10-19 10:00:00,29672.45
2022-10-19 11:00:00,28623.64
2022-10-19 12:00:00,27978.28
2022-10-19 13:00:00,26979.48
2022-10-19 14:00:00,27183.56
2022-10-19 15:00:00,27918.1
2022-10-19 16:00:00,29190.99
2022-10-19 17:00:00,29817.08
2022-10-19 18:00:00,32207.91
2022-10-19 19:00:00,32854.17
2022-10-19 20:00:00,33222.7
2022-10-19 21:00:00,32346.65
2022-10-19 22:00:00,31194.78
2022-10-19 23:00:00,29649.19
2022-10-20 00:00:00,27038.19
2022-10-20 01:00:00,26849.75
2022-10-20 02:00:00,26119.99
2022-10-20 03:00:00,25810.21
2022-10-20 04:00:00,26342.04
2022-10-20 05:00:00,27240.56
2022-10-20 06:00:00,28439.05
2022-10-20 07:00:00,30379.21
2022-10-20 08:00:00,31389.19
2022-10-20 09:00:00,31302.65
2022-10-20 10:00:00,31350.57
2022-10-20 11:00:00,29803.16
2022-10-20 12:00:00,29529.75
2022-10-20 13:00:00,27743.58
2022-10-20 14:00:00,28180.86
2022-10-20 15:00:00,29019.25
2022-10-20 16:00:00,30579.33
2022-10-20 17:00:00,31876.7
2022-10-20 18:00:00,33393.24
2022-10-20 19:00:00,33894.08
2022-10-20 20:00:00,33945.15
2022-10-20 21:00:00,33581.41
2022-10-20 22:00:00,31563.64
2022-10-20 23:00:00,30410.05
2022-10-21 00:00:00,28172.06
2022-10-21 01:00:00,27434.92
2022-10-21 02:00:00,28014.94
2022-10-21 03:00:00,27659.56
2022-10-21 04:00:00,26912.4
2022-10-21 05:00:00,28073.91
2022-10-21 06:00:00,29149.69
2022-10-21 07:00:00,31349.25
2022-10-21 08:00:00,33035.13
2022-10-21 09:00:00,32798.61
2022-10-21 10:00:00,32375.47
2022-10-21 11:00:00,30536.57
2022-10-21 12:00:00,30344.86
2022-10-21 13:00:00,29335.55
2022-10-21 14:00:00,29559.11
2022-10-21 15:00:00,30113.66
2022-10-21 16:00:00,30831.35
2022-10-21 17:00:00,32383.0
2022-10-21 18:00:00,34625.47
2022-10-21 19:00:00,35380.98
2022-10-21 20:00:00,35619.12
2022-10-21 21:00:00,34430.95
2022-10-21 22:00:00,32885.79
2022-10-21 23:00:00,30731.48
2022-10-22 00:00:00,25144.54
2022-10-22 01:00:00,24987.52
2022-10-22 02:00:00,25343.37
2022-10-22 03:00:00,24653.9
2022-10-22 04:00:00,25103.32
2022-10-22 05:00:00,25548.92
2022-10-22 06:00:00,26403.33
2022-10-22 07:00:00,28115.26
2022-10-22 08:00:00,29113.32
2022-10-22 09:00:00,28807.93
2022-10-22 10:00:00,28311.82
2022-10-22 11:00:00,27319.44
2022-10-22 12:00:00,27023.81
2022-10-22 13:00:00,25217.25
2022-10-22 14:00:00,26346.18
2022-10-22 15:00:00,26074.92
2022-10-22 16:00:00,26877.26
2022-10-22 17:00:00,29061.48
2022-10-22 18:00:00,30188.9
2022-10-22 19:00:00,31178.14
2022-10-22 20:00:00,30996.92
2022-10-22 21:00:00,30586.42
2022-10-22 22:00:00,28730.7
2022-10-22 23:00:00,27136.27
2022-10-23 00:00:00,23261.22
2022-10-23 01:00:00,23333.52
2022-10-23 02:00:00,22296.46
2022-10-23 03:00:00,22099.44
2022-10-23 04:00:00,22351.87
2022-10-23 05:00:00,22437.95
2022-10-23 06:00:00,24441.83
2022-10-23 07:00:00,25057.04
2022-10-23 08:00:00,26628.28
2022-10-23 09:00:00,27015.37
2022-10-23 10:00:00,25909.11
2022-10-23 11:00:00,25689.39
2022-10-23 12:00:00,23736.93
2022-10-23 13:00:00,24198.42
2022-10-23 14:00:00,24014.84
2022-10-23 15:00:00,23643.33
2022-10-23 16:00:00,26104.05
2022-10-23 17:00:00,26359.92
2022-10-23 18:00:00,27297.92
2022-10-23 19:00:00,27892.1
2022-10-23 20:00:00,28316.85
2022-10-23 21:00:00,27588.07
2022-10-23 22:00:00,26462.65
2022-10-23 23:00:00,25105.29
2022-10-24 00:00:00,28332.69
2022-10-24 01:00:00,27725.55
2022-10-24 02:00:00,26830.46
2022-10-24 03:00:00,27209.75
2022-10-24 04:00:00,26644.94
2022-10-24 05:00:00,28519.71
2022-10-24 06:00:00,29591.26
2022-10-24 07:00:00,31657.49
2022-10-24 08:00:00,33201.03
2022-10-24 09:00:00,32586.83
2022-10-24 10:00:00,32566.4
2022-10-24 11:00:00,30907.91
2022-10-24 12:00:00,30682.84
2022-10-24 13:00:00,29423.08
2022-10-24 14:00:00,29302.93
2022-10-24 15:00:00,30453.9
2022-10-24 16:00:00,31219.62
2022-10-24 17:00:00,32619.85
2022-10-24 18:00:00,34282.59
2022-10-24 19:00:00,35427.3
2022-10-24 20:00:00,35964.39
2022-10-24 21:00:00,33927.64
2022-10-24 22:00:00,33177.9
2022-10-24 23:00:00,31937.57
2022-10-25 00:00:00,29186.01
2022-10-25 01:00:00,29354.98
2022-10-25 02:00:00,28542.18
2022-10-25 03:00:00,28280.15
2022-10-25 04:00:00,28782.73
2022-10-25 05:00:00,29548.45
2022-10-25 06:00:00,30927.86
2022-10-25 07:00:00,32920.82
2022-10-25 08:00:00,33658.54
2022-10-25 09:00:00,33853.33
2022-10-25 10:00:00,33157.57
2022-10-25 11:00:00,32676.12
2022-10-25 12:00:00,30076.84
2022-10-25 13:00:00,30812.81
2022-10-25 14:00:00,30717.56
2022-10-25 15:00:00,30715.03
2022-10-25 16:00:00,32548.55
2022-10-25 17:00:00,34123.5
2022-10-25 18:00:00,35670.12
2022-10-25 19:00:00,35496.65
2022-10-25 20:00:00,36919.51
2022-10-25 21:00:00,35254.66
2022-10-25 22:00:00,34277.03
2022-10-25 23:00:00,32800.84
2022-10-26 00:00:00,29587.8
2022-10-26 01:00:00,29854.28
2022-10-26 02:00:00,29107.58
2022-10-26 03:00:00,28239.4
2022-10-26 04:00:00,29546.87
2022-10-26 05:00:00,29746.21
2022-10-26 06:00:00,31208.37
2022-10-26 07:00:00,32979.47
2022-10-26 08:00:00,34298.47
2022-10-26 09:00:00,34298.0
2022-10-26 10:00:00,33718.37
2022-10-26 11:00:00,31850.32
2022-10-26 12:00:00,30992.61
2022-10-26 13:00:00,30613.1
2022-10-26 14:00:00,31279.91
2022-10-26 15:00:00,31104.16
2022-10-26 16:00:00,32591.27
2022-10-26 17:00:00,33672.66
2022-10-26 18:00:00,34927.99
2022-10-26 19:00:00,35903.98
2022-10-26 20:00:00,35880.75
2022-10-26 21:00:00,35156.52
2022-10-26 22:00:00,33885.43
2022-10-26 23:00:00,31971.61
2022-10-27 00:00:00,29553.47
2022-10-27 01:00:00,28468.91
2022-10-27 02:00:00,28222.98
2022-10-27 03:00:00,27780.75
2022-10-27 04:00:00,28264.7
2022-10-27 05:00:00,28857.43
2022-10-27 06:00:00,30680.18
2022-10-27 07:00:00,31666.49
2022-10-27 08:00:00,33047.42
2022-10-27 09:00:00,33348.02
2022-10-27 10:00:00,31556.78
2022-10-27 11:00:00,31781.54
2022-10-27 12:00:00,29843.22
2022-10-27 13:00:00,28608.25
2022-10-27 14:00:00,29311.18
2022-10-27 15:00:00,29776.29
2022-10-27 16:00:00,30787.31
2022-10-27 17:00:00,32598.15
2022-10-27 18:00:00,33942.07
2022-10-27 19:00:00,34672.53
2022-10-27 20:00:00,34673.55
2022-10-27 21:00:00,33486.96
2022-10-27 22:00:00,32609.49
2022-10-27 23:00:00,29920.8
2022-10-28 00:00:00,27792.92
2022-10-28 01:00:00,27451.33
2022-10-28 02:00:00,27294.01
2022-10-28 03:00:00,26402.72
2022-10-28 04:00:00,26233.87
2022-10-28 05:00:00,27756.23
2022-10-28 06:00:00,29273.17
2022-10-28 07:00:00,31298.22
2022-10-28 08:00:00,31409.49
2022-10-28 09:00:00,32373.3
2022-10-28 10:00:00,32011.95
2022-10-28 11:00:00,29854.89
2022-10-28 12:00:00,28485.13
2022-10-28 13:00:00,28217.61
2022-10-28 14:00:00,28353.93
2022-10-28 15:00:00,29106.78
2022-10-28 16:00:00,29806.91
2022-10-28 17:00:00,32047.7
2022-10-28 18:00:00,32597.74
2022-10-28 19:00:00,33322.89
2022-10-28 20:00:00,34323.25
2022-10-28 21:00:00,32204.22
2022-10-28 22:00:00,31450.6
2022-10-28 23:00:00,31120.78
2022-10-29 00:00:00,24101.36
2022-10-29 01:00:00,23485.37
2022-10-29 02:00:00,23537.79
2022-10-29 03:00:00,23314.57
2022-10-29 04:00:00,23564.68
2022-10-29 05:00:00,24541.05
2022-10-29 06:00:00,25287.44
2022-10-29 07:00:00,27695.54
2022-10-29 08:00:00,28181.06
2022-10-29 09:00:00,28491.6
2022-10-29 10:00:00,27364.78
2022-10-29 11:00:00,27019.15
2022-10-29 12:00:00,25589.73
2022-10-29 13:00:00,25301.91
2022-10-29 14:00:00,24898.92
2022-10-29 15:00:00,25397.8
2022-10-29 16:00:00,26985.07
2022-10-29 17:00:00,27922.67
2022-10-29 18:00:00,29105.74
2022-10-29 19:00:00,30027.63
2022-10-29 20:00:00,30516.0
2022-10-29 21:00:00,29239.94
2022-10-29 22:00:00,28127.22
2022-10-29 23:00:00,26866.6
2022-10-30 00:00:00,22200.27
2022-10-30 01:00:00,22144.53
2022-10-30 02:00:00,22476.93
2022-10-30 03:00:00,21886.21
2022-10-30 04:00:00,22670.53
2022-10-30 05:00:00,23375.05
2022-10-30 06:00:00,24525.96
2022-10-30 07:00:00,26250.49
2022-10-30 08:00:00,26489.52
2022-10-30 09:00:00,26857.76
2022-10-30 10:00:00,25795.47
2022-10-30 11:00:00,25887.09
2022-10-30 12:00:00,24867.5
2022-10-30 13:00:00,23705.84
2022-10-30 14:00:00,23825.38
2022-10-30 15:00:00,24618.77
2022-10-30 16:00:00,24986.52
2022-10-30 17:00:00,26014.97
2022-10-30 18:00:00,27749.42
2022-10-30 19:00:00,28222.55
2022-10-30 20:00:00,28236.59
2022-10-30 21:00:00,27083.69
2022-10-30 22:00:00,25529.09
2022-10-30 23:00:00,24952.53
2022-10-31 00:00:00,27961.67
2022-10-31 01:00:00,27254.57
2022-10-31 02:00:00,27417.11
2022-10-31 03:00:00,26352.5
2022-10-31 04:00:00,26367.51
2022-10-31 05:00:00,27557.95
2022-10-31 06:00:00,29009.62
2022-10-31 07:00:00,30889.86
2022-10-31 08:00:00,31402.31
2022-10-31 09:00:00,32239.63
2022-10-31 10:00:00,31632.05
2022-10-31 11:00:00,29698.88
2022-10-31 12:00:00,29061.74
2022-10-31 13:00:00,27636.46
2022-10-31 14:00:00,28327.38
2022-10-31 15:00:00,28831.12
2022-10-31 16:00:00,29821.76
2022-10-31 17:00:00,30951.78
2022-10-31 18:00:00,31353.75
2022-10-31 19:00:00,33051.09
2022-10-31 20:00:00,33003.4
2022-10-31 21:00:00,31885.59
2022-10-31 22:00:00,30732.37
2022-10-31 23:00:00,28989.46
2022-11-01 00:00:00,26150.75
2022-11-01 01:00:00,25747.67
2022-11-01 02:00:00,25442.21
2022-11-01 03:00:00,25766.77
2022-11-01 04:00:00,25281.27
2022-11-01 05:00:00,26181.33
2022-11-01 06:00:00,27666.42
2022-11-01 07:00:00,29537.95
2022-11-01 08:00:00,30646.89
2022-11-01 09:00:00,29527.06
2022-11-01 10:00:00,30154.82
2022-11-01 11:00:00,29094.08
2022-11-01 12:00:00,27164.08
2022-11-01 13:00:00,26605.08
2022-11-01 14:00:00,26767.7
2022-11-01 15:00:00,27212.43
2022-11-01 16:00:00,28651.65
2022-11-01 17:00:00,29373.87
2022-11-01 18:00:00,31141.4
2022-11-01 19:00:00,33009.05
2022-11-01 20:00:00,32144.49
2022-11-01 21:00:00,31964.73
2022-11-01 22:00:00,30172.41
2022-11-01 23:00:00,27920.3
2022-11-02 00:00:00,26140.63
2022-11-02 01:00:00,25618.6
2022-11-02 02:00:00,25138.97
2022-11-02 03:00:00,25131.29
2022-11-02 04:00:00,25416.82
2022-11-02 05:00:00,26415.02
2022-11-02 06:00:00,28112.98
2022-11-02 07:00:00,29505.59
2022-11-02 08:00:00,30018.65
2022-11-02 09:00:00,30509.5
2022-11-02 10:00:00,30979.52
2022-11-02 11:00:00,29066.53
2022-11-02 12:00:00,28651.45
2022-11-02 13:00:00,27792.64
2022-11-02 14:00:00,27436.23
2022-11-02 15:00:00,28075.24
2022-11-02 16:00:00,29118.37
2022-11-02 17:00:00,30068.55
2022-11-02 18:00:00,32222.73
2022-11-02 19:00:00,33638.12
2022-11-02 20:00:00,33061.89
2022-11-02 21:00:00,32532.29
2022-11-02 22:00:00,31258.56
2022-11-02 23:00:00,29199.04
2022-11-03 00:00:00,26773.5
2022-11-03 01:00:00,26362.78
2022-11-03 02:00:00,26113.07
2022-11-03 03:00:00,25737.53
2022-11-03 04:00:00,26115.26
2022-11-03 05:00:00,27877.79
2022-11-03 06:00:00,28624.38
2022-11-03 07:00:00,30678.43
2022-11-03 08:00:00,31619.34
2022-11-03 09:00:00,32403.39
2022-11-03 10:00:00,31740.63
2022-11-03 11:00:00,30460.84
2022-11-03 12:00:00,29284.42
2022-11-03 13:00:00,28584.45
2022-11-03 14:00:00,28297.94
2022-11-03 15:00:00,30012.32
2022-11-03 16:00:00,30222.9
2022-11-03 17:00:00,32258.45
2022-11-03 18:00:00,33924.97
2022-11-03 19:00:00,34342.65
2022-11-03 20:00:00,34939.25
2022-11-03 21:00:00,33938.1
2022-11-03 22:00:00,32822.98
2022-11-03 23:00:00,30582.98
2022-11-04 00:00:00,27680.9
2022-11-04 01:00:00,27708.0
2022-11-04 02:00:00,27603.5
2022-11-04 03:00:00,27299.31
2022-11-04 04:00:00,27342.24
2022-11-04 05:00:00,27718.82
2022-11-04 06:00:00,30070.0
2022-11-04 07:00:00,32237.6
2022-11-04 08:00:00,32821.79
2022-11-04 09:00:00,33017.26
2022-11-04 10:00:00,32243.32
2022-11-04 11:00:00,31005.42
2022-11-04 12:00:00,30157.22
2022-11-04 13:00:00,29402.62
2022-11-04 14:00:00,29149.06
2022-11-04 15:00:00,29541.0
2022-11-04 16:00:00,30833.09
2022-11-04 17:00:00,32511.53
2022-11-04 18:00:00,33763.09
2022-11-04 19:00:00,34911.24
2022-11-04 20:00:00,34939.12
2022-11-04 21:00:00,34117.77
2022-11-04 22:00:00,32769.79
2022-11-04 23:00:00,30825.44
2022-11-05 00:00:00,24298.39
2022-11-05 01:00:00,24375.89
2022-11-05 02:00:00,24158.71
2022-11-05 03:00:00,23239.73
2022-11-05 04:00:00,24507.23
2022-11-05 05:00:00,24833.28
2022-11-05 06:00:00,26219.08
2022-11-05 07:00:00,27976.71
2022-11-05 08:00:00,28227.35
2022-11-05 09:00:00,28749.14
2022-11-05 10:00:00,27815.43
2022-11-05 11:00:00,26732.12
2022-11-05 12:00:00,25595.85
2022-11-05 13:00:00,25933.56
2022-11-05 14:00:00,25200.25
2022-11-05 15:00:00,26059.2
2022-11-05 16:00:00,26118.49
2022-11-05 17:00:00,28486.0
2022-11-05 18:00:00,29734.32
2022-11-05 19:00:00,30216.82
2022-11-05 20:00:00,30092.74
2022-11-05 21:00:00,29474.26
2022-11-05 22:00:00,28819.72
2022-11-05 23:00:00,26073.47
2022-11-06 00:00:00,22972.25
2022-11-06 01:00:00,22153.94
2022-11-06 02:00:00,22155.43
2022-11-06 03:00:00,21853.49
2022-11-06 04:00:00,21943.22
2022-11-06 05:00:00,22825.4
2022-11-06 06:00:00,23673.28
2022-11-06 07:00:00,25777.1
2022-11-06 08:00:00,25705.11
2022-11-06 09:00:00,26649.05
2022-11-06 10:00:00,25734.12
2022-11-06 11:00:00,24490.19
2022-11-06 12:00:00,24142.11
2022-11-06 13:00:00,23085.54
2022-11-06 14:00:00,23667.44
2022-11-06 15:00:00,23647.03
2022-11-06 16:00:00,25243.9
2022-11-06 17:00:00,26011.89
2022-11-06 18:00:00,27426.21
2022-11-06 19:00:00,28492.04
2022-11-06 20:00:00,28153.26
2022-11-06 21:00:00,27666.94
2022-11-06 22:00:00,25975.71
2022-11-06 23:00:00,25532.81
2022-11-07 00:00:00,28890.36
2022-11-07 01:00:00,29027.16
2022-11-07 02:00:00,27754.35
2022-11-07 03:00:00,27777.61
2022-11-07 04:00:00,27113.83
2022-11-07 05:00:00,29207.84
2022-11-07 06:00:00,30512.85
2022-11-07 07:00:00,31757.84
2022-11-07 08:00:00,33519.27
2022-11-07 09:00:00,33191.7
2022-11-07 10:00:00,32411.63
2022-11-07 11:00:00,31616.4
2022-11-07 12:00:00,30099.23
2022-11-07 13:00:00,30320.65
2022-11-07 14:00:00,29647.94
2022-11-07 15:00:00,30272.72
2022-11-07 16:00:00,31485.24
2022-11-07 17:00:00,33614.44
2022-11-07 18:00:00,34669.15
2022-11-07 19:00:00,35405.37
2022-11-07 20:00:00,35714.13
2022-11-07 21:00:00,35020.23
2022-11-07 22:00:00,33176.92
2022-11-07 23:00:00,31727.97
2022-11-08 00:00:00,30267.5
2022-11-08 01:00:00,28993.81
2022-11-08 02:00:00,28840.17
2022-11-08 03:00:00,28586.14
2022-11-08 04:00:00,28781.15
2022-11-08 05:00:00,30066.12
2022-11-08 06:00:00,31711.57
2022-11-08 07:00:00,32927.14
2022-11-08 08:00:00,33725.7
2022-11-08 09:00:00,34761.06
2022-11-08 10:00:00,33531.79
2022-11-08 11:00:00,33004.88
2022-11-08 12:00:00,30587.86
2022-11-08 13:00:00,30884.35
2022-11-08 14:00:00,31489.84
2022-11-08 15:00:00,31262.87
2022-11-08 16:00:00,32414.19
2022-11-08 17:00:00,34082.63
2022-11-08 18:00:00,35259.2
2022-11-08 19:00:00,36275.11
2022-11-08 20:00:00,36250.87
2022-11-08 21:00:00,35189.28
2022-11-08 22:00:00,34331.02
2022-11-08 23:00:00,32535.33
2022-11-09 00:00:00,29790.92
2022-11-09 01:00:00,29683.49
2022-11-09 02:00:00,28896.61
2022-11-09 03:00:00,28409.82
2022-11-09 04:00:00,28614.07
2022-11-09 05:00:00,29676.08
2022-11-09 06:00:00,30766.68
2022-11-09 07:00:00,32548.31
2022-11-09 08:00:00,33599.33
2022-11-09 09:00:00,34613.46
2022-11-09 10:00:00,32083.75
2022-11-09 11:00:00,31761.81
2022-11-09 12:00:00,31340.81
2022-11-09 13:00:00,30160.97
2022-11-09 14:00:00,30325.72
2022-11-09 15:00:00,30608.59
2022-11-09 16:00:00,31392.42
2022-11-09 17:00:00,32275.59
2022-11-09 18:00:00,34558.52
2022-11-09 19:00:00,35098.2
2022-11-09 20:00:00,35030.68
2022-11-09 21:00:00,34135.25
2022-11-09 22:00:00,33375.06
2022-11-09 23:00:00,32044.68
2022-11-10 00:00:00,28577.45
2022-11-10 01:00:00,28008.28
2022-11-10 02:00:00,27323.21
2022-11-10 03:00:00,27570.0
2022-11-10 04:00:00,28156.85
2022-11-10 05:00:00,28282.92
2022-11-10 06:00:00,28988.55
2022-11-10 07:00:00,31635.05
2022-11-10 08:00:00,32798.9
2022-11-10 09:00:00,31989.33
2022-11-10 10:00:00,31794.87
2022-11-10 11:00:00,30668.62
2022-11-10 12:00:00,29408.2
2022-11-10 13:00:00,28552.87
2022-11-10 14:00:00,29146.56
2022-11-10 15:00:00,29182.31
2022-11-10 16:00:00,29880.04
2022-11-10 17:00:00,31143.87
2022-11-10 18:00:00,33758.82
2022-11-10 19:00:00,34449.18
2022-11-10 20:00:00,34240.71
2022-11-10 21:00:00,33092.89
2022-11-10 22:00:00,31556.64
2022-11-10 23:00:00,29846.48
2022-11-11 00:00:00,27415.33
2022-11-11 01:00:00,26540.33
2022-11-11 02:00:00,26637.24
2022-11-11 03:00:00,26506.55
2022-11-11 04:00:00,27006.75
2022-11-11 05:00:00,27668.21
2022-11-11 06:00:00,29465.31
2022-11-11 07:00:00,31292.58
2022-11-11 08:00:00,32298.74
2022-11-11 09:00:00,32238.31
2022-11-11 10:00:00,31321.57
2022-11-11 11:00:00,29806.75
2022-11-11 12:00:00,29386.87
2022-11-11 13:00:00,29165.99
2022-11-11 14:00:00,28712.87
2022-11-11 15:00:00,29849.57
2022-11-11 16:00:00,29772.8
2022-11-11 17:00:00,31414.78
2022-11-11 18:00:00,33623.66
2022-11-11 19:00:00,34380.38
2022-11-11 20:00:00,34770.25
2022-11-11 21:00:00,33386.15
2022-11-11 22:00:00,31624.6
2022-11-11 23:00:00,30374.63
2022-11-12 00:00:00,23954.37
2022-11-12 01:00:00,23876.68
2022-11-12 02:00:00,24299.53
2022-11-12 03:00:00,24044.79
2022-11-12 04:00:00,24046.52
2022-11-12 05:00:00,24120.34
2022-11-12 06:00:00,25939.96
2022-11-12 07:00:00,27089.61
2022-11-12 08:00:00,28918.07
2022-11-12 09:00:00,28439.88
2022-11-12 10:00:00,27605.92
2022-11-12 11:00:00,26973.39
2022-11-12 12:00:00,25840.88
2022-11-12 13:00:00,26098.96
2022-11-12 14:00:00,25331.37
2022-11-12 15:00:00,25606.76
2022-11-12 16:00:00,26325.73
2022-11-12 17:00:00,28386.14
2022-11-12 18:00:00,29509.51
2022-11-12 19:00:00,30035.61
2022-11-12 20:00:00,30950.78
2022-11-12 21:00:00,29935.89
2022-11-12 22:00:00,28378.8
2022-11-12 23:00:00,27536.19
2022-11-13 00:00:00,23269.66
2022-11-13 01:00:00,22514.88
2022-11-13 02:00:00,22115.3
2022-11-13 03:00:00,22526.0
2022-11-13 04:00:00,22510.17
2022-11-13 05:00:00,23141.63
2022-11-13 06:00:00,23997.97
2022-11-13 07:00:00,25820.51
2022-11-13 08:00:00,26222.33
2022-11-13 09:00:00,26537.03
2022-11-13 10:00:00,26422.42
2022-11-13 11:00:00,24687.44
2022-11-13 12:00:00,23486.83
2022-11-13 13:00:00,23171.87
2022-11-13 14:00:00,23851.45
2022-11-13 15:00:00,24020.76
2022-11-13 16:00:00,24757.25
2022-11-13 17:00:00,25807.29
2022-11-13 18:00:00,27331.1
2022-11-13 19:00:00,27593.4
2022-11-13 20:00:00,27953.63
2022-11-13 21:00:00,26773.37
2022-11-13 22:00:00,25450.23
2022-11-13 23:00:00,24262.43
2022-11-14 00:00:00,27029.12
2022-11-14 01:00:00,26812.34
2022-11-14 02:00:00,26474.34
2022-11-14 03:00:00,24768.81
2022-11-14 04:00:00,25899.74
2022-11-14 05:00:00,26876.73
2022-11-14 06:00:00,28985.85
2022-11-14 07:00:00,29652.91
2022-11-14 08:00:00,31132.82
2022-11-14 09:00:00,31679.92
2022-11-14 10:00:00,29875.34
2022-11-14 11:00:00,29238.95
2022-11-14 12:00:00,27731.1
2022-11-14 13:00:00,27218.08
2022-11-14 14:00:00,27061.22
2022-11-14 15:00:00,27604.29
2022-11-14 16:00:00,29874.53
2022-11-14 17:00:00,30663.33
2022-11-14 18:00:00,32193.89
2022-11-14 19:00:00,32880.19
2022-11-14 20:00:00,32106.04
2022-11-14 21:00:00,31827.07
2022-11-14 22:00:00,30542.68
2022-11-14 23:00:00,28333.24
2022-11-15 00:00:00,26297.87
2022-11-15 01:00:00,25906.57
2022-11-15 02:00:00,25905.17
2022-11-15 03:00:00,24816.11
2022-11-15 04:00:00,24741.53
2022-11-15 05:00:00,25874.13
2022-11-15 06:00:00,27994.94
2022-11-15 07:00:00,28473.61
2022-11-15 08:00:00,29486.37
2022-11-15 09:00:00,30376.67
2022-11-15 10:00:00,29425.24
2022-11-15 11:00:00,28407.71
2022-11-15 12:00:00,27707.33
2022-11-15 13:00:00,26628.3
2022-11-15 14:00:00,26177.76
2022-11-15 15:00:00,28132.44
2022-11-15 16:00:00,28195.92
2022-11-15 17:00:00,29687.87
2022-11-15 18:00:00,31953.85
2022-11-15 19:00:00,32401.81
2022-11-15 20:00:00,32543.98
2022-11-15 21:00:00,31825.52
2022-11-15 22:00:00,30583.89
2022-11-15 23:00:00,28622.28
2022-11-16 00:00:00,26668.43
2022-11-16 01:00:00,25157.54
2022-11-16 02:00:00,25835.66
2022-11-16 03:00:00,25048.05
2022-11-16 04:00:00,26051.09
2022-11-16 05:00:00,26559.69
2022-11-16 06:00:00,27828.85
2022-11-16 07:00:00,29978.25
2022-11-16 08:00:00,31214.52
2022-11-16 09:00:00,31318.43
2022-11-16 10:00:00,30022.66
2022-11-16 11:00:00,29090.6
2022-11-16 12:00:00,28279.58
2022-11-16 13:00:00,27758.61
2022-11-16 14:00:00,28091.06
2022-11-16 15:00:00,27748.02
2022-11-16 16:00:00,29736.29
2022-11-16 17:00:00,31066.16
2022-11-16 18:00:00,32414.74
2022-11-16 19:00:00,33445.39
2022-11-16 20:00:00,33684.77
2022-11-16 21:00:00,31611.22
2022-11-16 22:00:00,31192.1
2022-11-16 23:00:00,29679.7
2022-11-17 00:00:00,27581.13
2022-11-17 01:00:00,26888.56
2022-11-17 02:00:00,26763.53
2022-11-17 03:00:00,27150.88
2022-11-17 04:00:00,27184.62
2022-11-17 05:00:00,28084.68
2022-11-17 06:00:00,29138.01
2022-11-17 07:00:00,31171.24
2022-11-17 08:00:00,32037.98
2022-11-17 09:00:00,32222.87
2022-11-17 10:00:00,31700.87
2022-11-17 11:00:00,30199.15
2022-11-17 12:00:00,29922.41
2022-11-17 13:00:00,28803.84
2022-11-17 14:00:00,29097.23
2022-11-17 15:00:00,29977.67
2022-11-17 16:00:00,30955.78
2022-11-17 17:00:00,31608.22
2022-11-17 18:00:00,33753.82
2022-11-17 19:00:00,34847.25
2022-11-17 20:00:00,34868.88
2022-11-17 21:00:00,33229.94
2022-11-17 22:00:00,31905.38
2022-11-17 23:00:00,30980.78
2022-11-18 00:00:00,27722.37
2022-11-18 01:00:00,27606.89
2022-11-18 02:00:00,27878.07
2022-11-18 03:00:00,27028.1
2022-11-18 04:00:00,26961.88
2022-11-18 05:00:00,27787.33
2022-11-18 06:00:00,29701.22
2022-11-18 07:00:00,30733.02
2022-11-18 08:00:00,32199.01
2022-11-18 09:00:00,32522.0
2022-11-18 10:00:00,32075.19
2022-11-18 11:00:00,30655.11
2022-11-18 12:00:00,29115.07
2022-11-18 13:00:00,29190.79
2022-11-18 14:00:00,28649.52
2022-11-18 15:00:00,28866.24
2022-11-18 16:00:00,30324.05
2022-11-18 17:00:00,32355.52
2022-11-18 18:00:00,33370.38
2022-11-18 19:00:00,34234.42
2022-11-18 20:00:00,34779.02
2022-11-18 21:00:00,32739.33
2022-11-18 22:00:00,31280.37
2022-11-18 23:00:00,29639.34
2022-11-19 00:00:00,24367.0
2022-11-19 01:00:00,24036.23
2022-11-19 02:00:00,24166.97
2022-11-19 03:00:00,23455.25
2022-11-19 04:00:00,23373.19
2022-11-19 05:00:00,24284.77
2022-11-19 06:00:00,25636.31
2022-11-19 07:00:00,26433.51
2022-11-19 08:00:00,28928.21
2022-11-19 09:00:00,28275.16
2022-11-19 10:00:00,27487.08
2022-11-19 11:00:00,26587.62
2022-11-19 12:00:00,25707.54
2022-11-19 13:00:00,24913.16
2022-11-19 14:00:00,24742.3
2022-11-19 15:00:00,25676.68
2022-11-19 16:00:00,26584.21
2022-11-19 17:00:00,27486.95
2022-11-19 18:00:00,29583.96
2022-11-19 19:00:00,30031.3
2022-11-19 20:00:00,30198.9
2022-11-19 21:00:00,29618.76
2022-11-19 22:00:00,27850.23
2022-11-19 23:00:00,26652.52
2022-11-20 00:00:00,22871.64
2022-11-20 01:00:00,22134.72
2022-11-20 02:00:00,22122.74
2022-11-20 03:00:00,21951.71
2022-11-20 04:00:00,21752.12
2022-11-20 05:00:00,23659.84
2022-11-20 06:00:00,23623.12
2022-11-20 07:00:00,25033.55
2022-11-20 08:00:00,26889.26
2022-11-20 09:00:00,26830.76
2022-11-20 10:00:00,25634.57
2022-11-20 11:00:00,25281.46
2022-11-20 12:00:00,24776.91
2022-11-20 13:00:00,23833.98
2022-11-20 14:00:00,24798.6
2022-11-20 15:00:00,23797.56
2022-11-20 16:00:00,25600.74
2022-11-20 17:00:00,27037.61
2022-11-20 18:00:00,28207.29
2022-11-20 19:00:00,28645.08
2022-11-20 20:00:00,28664.42
2022-11-20 21:00:00,28198.81
2022-11-20 22:00:00,27159.58
2022-11-20 23:00:00,25902.42
2022-11-21 00:00:00,29114.54
2022-11-21 01:00:00,28181.18
2022-11-21 02:00:00,28138.86
2022-11-21 03:00:00,27675.3
2022-11-21 04:00:00,28109.1
2022-11-21 05:00:00,29547.17
2022-11-21 06:00:00,30789.85
2022-11-21 07:00:00,33349.58
2022-11-21 08:00:00,33661.14
2022-11-21 09:00:00,33804.23
2022-11-21 10:00:00,33105.24
2022-11-21 11:00:00,31714.69
2022-11-21 12:00:00,30929.05
2022-11-21 13:00:00,30823.93
2022-11-21 14:00:00,30510.11
2022-11-21 15:00:00,30800.1
2022-11-21 16:00:00,31900.71
2022-11-21 17:00:00,33593.64
2022-11-21 18:00:00,35293.74
2022-11-21 19:00:00,36656.62
2022-11-21 20:00:00,35796.13
2022-11-21 21:00:00,35234.92
2022-11-21 22:00:00,33931.21
2022-11-21 23:00:00,31753.62
2022-11-22 00:00:00,29477.08
2022-11-22 01:00:00,29269.33
2022-11-22 02:00:00,28858.08
2022-11-22 03:00:00,28935.68
2022-11-22 04:00:00,28996.06
2022-11-22 05:00:00,29747.18
2022-11-22 06:00:00,31591.22
2022-11-22 07:00:00,33667.51
2022-11-22 08:00:00,34730.71
2022-11-22 09:00:00,33608.72
2022-11-22 10:00:00,33702.0
2022-11-22 11:00:00,32240.11
2022-11-22 12:00:00,31299.78
2022-11-22 13:00:00,30517.05
2022-11-22 14:00:00,30669.22
2022-11-22 15:00:00,31219.02
2022-11-22 16:00:00,32040.41
2022-11-22 17:00:00,33386.56
2022-11-22 18:00:00,34990.8
2022-11-22 19:00:00,36132.3
2022-11-22 20:00:00,36218.65
2022-11-22 21:00:00,35322.48
2022-11-22 22:00:00,33319.11
2022-11-22 23:00:00,32041.94
2022-11-23 00:00:00,29590.36
2022-11-23 01:00:00,29338.99
2022-11-23 02:00:00,28480.83
2022-11-23 03:00:00,28099.04
2022-11-23 04:00:00,28372.34
2022-11-23 05:00:00,28740.07
2022-11-23 06:00:00,30524.9
2022-11-23 07:00:00,32429.26
2022-11-23 08:00:00,33441.66
2022-11-23 09:00:00,33205.84
2022-11-23 10:00:00,32556.75
2022-11-23 11:00:00,30959.23
2022-11-23 12:00:00,30405.3
2022-11-23 13:00:00,29514.27
2022-11-23 14:00:00,29391.39
2022-11-23 15:00:00,29877.62
2022-11-23 16:00:00,31040.98
2022-11-23 17:00:00,32348.75
2022-11-23 18:00:00,34172.22
2022-11-23 19:00:00,34698.33
2022-11-23 20:00:00,35348.8
2022-11-23 21:00:00,34318.29
2022-11-23 22:00:00,31964.6
2022-11-23 23:00:00,30757.93
2022-11-24 00:00:00,27826.57
2022-11-24 01:00:00,27630.66
2022-11-24 02:00:00,28032.63
2022-11-24 03:00:00,26918.69
2022-11-24 04:00:00,27304.21
2022-11-24 05:00:00,28230.32
2022-11-24 06:00:00,29169.44
2022-11-24 07:00:00,30827.73
2022-11-24 08:00:00,31787.23
2022-11-24 09:00:00,32019.2
2022-11-24 10:00:00,30550.73
2022-11-24 11:00:00,30547.18
2022-11-24 12:00:00,30029.81
2022-11-24 13:00:00,28789.93
2022-11-24 14:00:00,28235.55
2022-11-24 15:00:00,29070.61
2022-11-24 16:00:00,30243.15
2022-11-24 17:00:00,31540.64
2022-11-24 18:00:00,33685.69
2022-11-24 19:00:00,34615.22
2022-11-24 20:00:00,33934.54
2022-11-24 21:00:00,33660.01
2022-11-24 22:00:00,32465.01
2022-11-24 23:00:00,31106.56
2022-11-25 00:00:00,28817.25
2022-11-25 01:00:00,27241.84
2022-11-25 02:00:00,28184.6
2022-11-25 03:00:00,26817.64
2022-11-25 04:00:00,26935.94
2022-11-25 05:00:00,28169.18
2022-11-25 06:00:00,29377.04
2022-11-25 07:00:00,31373.47
2022-11-25 08:00:00,31898.04
2022-11-25 09:00:00,32438.46
2022-11-25 10:00:00,32230.87
2022-11-25 11:00:00,30607.0
2022-11-25 12:00:00,29666.15
2022-11-25 13:00:00,29243.14
2022-11-25 14:00:00,29509.82
2022-11-25 15:00:00,29112.59
2022-11-25 16:00:00,31029.34
2022-11-25 17:00:00,32245.67
2022-11-25 18:00:00,33904.37
2022-11-25 19:00:00,35179.64
2022-11-25 20:00:00,34410.47
2022-11-25 21:00:00,33550.53
2022-11-25 22:00:00,31757.94
2022-11-25 23:00:00,30755.9
2022-11-26 00:00:00,25388.47
2022-11-26 01:00:00,24651.14
2022-11-26 02:00:00,23899.95
2022-11-26 03:00:00,23965.86
2022-11-26 04:00:00,23780.54
2022-11-26 05:00:00,24694.66
2022-11-26 06:00:00,26549.87
2022-11-26 07:00:00,27437.26
2022-11-26 08:00:00,29205.66
2022-11-26 09:00:00,28908.31
2022-11-26 10:00:00,28282.94
2022-11-26 11:00:00,27109.64
2022-11-26 12:00:00,26555.7
2022-11-26 13:00:00,26049.37
2022-11-26 14:00:00,25876.05
2022-11-26 15:00:00,26438.35
2022-11-26 16:00:00,27122.62
2022-11-26 17:00:00,28677.23
2022-11-26 18:00:00,29651.04
2022-11-26 19:00:00,30571.9
2022-11-26 20:00:00,30445.91
2022-11-26 21:00:00,29521.81
2022-11-26 22:00:00,28098.97
2022-11-26 23:00:00,27145.94
2022-11-27 00:00:00,23401.12
2022-11-27 01:00:00,23091.83
2022-11-27 02:00:00,21893.09
2022-11-27 03:00:00,22520.01
2022-11-27 04:00:00,22064.9
2022-11-27 05:00:00,23073.64
2022-11-27 06:00:00,23735.25
2022-11-27 07:00:00,25393.39
2022-11-27 08:00:00,26311.15
2022-11-27 09:00:00,25747.22
2022-11-27 10:00:00,25803.5
2022-11-27 11:00:00,25045.96
2022-11-27 12:00:00,23615.05
2022-11-27 13:00:00,23638.94
2022-11-27 14:00:00,23044.7
2022-11-27 15:00:00,23822.9
2022-11-27 16:00:00,23607.41
2022-11-27 17:00:00,26402.56
2022-11-27 18:00:00,27245.52
2022-11-27 19:00:00,27343.64
2022-11-27 20:00:00,26702.34
2022-11-27 21:00:00,26670.76
2022-11-27 22:00:00,24795.89
2022-11-27 23:00:00,24175.83
2022-11-28 00:00:00,26737.93
2022-11-28 01:00:00,25934.23
2022-11-28 02:00:00,26221.34
2022-11-28 03:00:00,25783.36
2022-11-28 04:00:00,25972.07
2022-11-28 05:00:00,26473.24
2022-11-28 06:00:00,27430.01
2022-11-28 07:00:00,29851.29
2022-11-28 08:00:00,30472.79
2022-11-28 09:00:00,30176.91
2022-11-28 10:00:00,30331.48
2022-11-28 11:00:00,29377.5
2022-11-28 12:00:00,27558.85
2022-11-28 13:00:00,27732.95
2022-11-28 14:00:00,26979.33
2022-11-28 15:00:00,27356.12
2022-11-28 16:00:00,28355.01
2022-11-28 17:00:00,30620.64
2022-11-28 18:00:00,31242.22
2022-11-28 19:00:00,32700.34
2022-11-28 20:00:00,32236.37
2022-11-28 21:00:00,31321.16
2022-11-28 22:00:00,30351.39
2022-11-28 23:00:00,28353.32
2022-11-29 00:00:00,25705.63
2022-11-29 01:00:00,25975.33
2022-11-29 02:00:00,25766.55
2022-11-29 03:00:00,25170.3
2022-11-29 04:00:00,24910.66
2022-11-29 05:00:00,25867.84
2022-11-29 06:00:00,27597.81
2022-11-29 07:00:00,29334.41
2022-11-29 08:00:00,30003.82
2022-11-29 09:00:00,30767.93
2022-11-29 10:00:00,29809.15
2022-11-29 11:00:00,28032.42
2022-11-29 12:00:00,27307.29
2022-11-29 13:00:00,26928.29
2022-11-29 14:00:00,27116.92
2022-11-29 15:00:00,28412.2
2022-11-29 16:00:00,28986.16
2022-11-29 17:00:00,30144.63
2022-11-29 18:00:00,32046.3
2022-11-29 19:00:00,32834.42
2022-11-29 20:00:00,33119.36
2022-11-29 21:00:00,32315.98
2022-11-29 22:00:00,31099.21
2022-11-29 23:00:00,29215.29
2022-11-30 00:00:00,27208.22
2022-11-30 01:00:00,26731.03
2022-11-30 02:00:00,25838.52
2022-11-30 03:00:00,26638.16
2022-11-30 04:00:00,26212.69
2022-11-30 05:00:00,26747.9
2022-11-30 06:00:00,29174.03
2022-11-30 07:00:00,31003.7
2022-11-30 08:00:00,31417.79
2022-11-30 09:00:00,31440.31
2022-11-30 10:00:00,30839.11
2022-11-30 11:00:00,30018.31
2022-11-30 12:00:00,29226.39
2022-11-30 13:00:00,28459.11
2022-11-30 14:00:00,28337.19
2022-11-30 15:00:00,29435.37
2022-11-30 16:00:00,29950.89
2022-11-30 17:00:00,31951.33
2022-11-30 18:00:00,33010.51
2022-11-30 19:00:00,34238.07
2022-11-30 20:00:00,34079.56
2022-11-30 21:00:00,33187.71
2022-11-30 22:00:00,31616.16
2022-11-30 23:00:00,30741.55
2022-12-01 00:00:00,27397.11
2022-12-01 01:00:00,27142.37
2022-12-01 02:00:00,27783.28
2022-12-01 03:00:00,27125.86
2022-12-01 04:00:00,26144.12
2022-12-01 05:00:00,27682.62
2022-12-01 06:00:00,28759.16
2022-12-01 07:00:00,30697.33
2022-12-01 08:00:00,31038.55
2022-12-01 09:00:00,32228.93
2022-12-01 10:00:00,31111.35
2022-12-01 11:00:00,30350.9
2022-12-01 12:00:00,28721.4
2022-12-01 13:00:00,28748.07
2022-12-01 14:00:00,28564.0
2022-12-01 15:00:00,29792.1
2022-12-01 16:00:00,30857.3
2022-12-01 17:00:00,32115.98
2022-12-01 18:00:00,33195.55
2022-12-01 19:00:00,34929.03
2022-12-01 20:00:00,33671.75
2022-12-01 21:00:00,32761.96
2022-12-01 22:00:00,31715.85
2022-12-01 23:00:00,31008.92
2022-12-02 00:00:00,27485.66
2022-12-02 01:00:00,27195.4
2022-12-02 02:00:00,26351.34
2022-12-02 03:00:00,26888.69
2022-12-02 04:00:00,27047.54
2022-12-02 05:00:00,27854.9
2022-12-02 06:00:00,28837.01
2022-12-02 07:00:00,30414.74
2022-12-02 08:00:00,31287.21
2022-12-02 09:00:00,31882.51
2022-12-02 10:00:00,30685.52
2022-12-02 11:00:00,29449.77
2022-12-02 12:00:00,28656.17
2022-12-02 13:00:00,28047.54
2022-12-02 14:00:00,28009.22
2022-12-02 15:00:00,28909.77
2022-12-02 16:00:00,29866.15
2022-12-02 17:00:00,31213.77
2022-12-02 18:00:00,32849.07
2022-12-02 19:00:00,33367.23
2022-12-02 20:00:00,33740.52
2022-12-02 21:00:00,32805.8
2022-12-02 22:00:00,30733.76
2022-12-02 23:00:00,30101.13
2022-12-03 00:00:00,23548.55
2022-12-03 01:00:00,23648.66
2022-12-03 02:00:00,23693.46
2022-12-03 03:00:00,23373.86
2022-12-03 04:00:00,23228.47
2022-12-03 05:00:00,23882.02
2022-12-03 06:00:00,25675.34
2022-12-03 07:00:00,27028.02
2022-12-03 08:00:00,27561.8
2022-12-03 09:00:00,27639.67
2022-12-03 10:00:00,26539.51
2022-12-03 11:00:00,26304.54
2022-12-03 12:00:00,25336.06
2022-12-03 13:00:00,25293.49
2022-12-03 14:00:00,25050.28
2022-12-03 15:00:00,25923.23
2022-12-03 16:00:00,26222.51
2022-12-03 17:00:00,28214.05
2022-12-03 18:00:00,28975.18
2022-12-03 19:00:00,30301.22
2022-12-03 20:00:00,29560.39
2022-12-03 21:00:00,29367.97
2022-12-03 22:00:00,27328.04
2022-12-03 23:00:00,26653.59
2022-12-04 00:00:00,22957.64
2022-12-04 01:00:00,22443.69
2022-12-04 02:00:00,21995.15
2022-12-04 03:00:00,22483.37
2022-12-04 04:00:00,22349.48
2022-12-04 05:00:00,22994.73
2022-12-04 06:00:00,24465.1
2022-12-04 07:00:00,26761.67
2022-12-04 08:00:00,27198.93
2022-12-04 09:00:00,27367.65
2022-12-04 10:00:00,26538.12
2022-12-04 11:00:00,25530.23
2022-12-04 12:00:00,23837.22
2022-12-04 13:00:00,24027.82
2022-12-04 14:00:00,24148.47
2022-12-04 15:00:00,24177.71
2022-12-04 16:00:00,25389.53
2022-12-04 17:00:00,26375.02
2022-12-04 18:00:00,28321.65
2022-12-04 19:00:00,29442.17
2022-12-04 20:00:00,29590.16
2022-12-04 21:00:00,28621.47
2022-12-04 22:00:00,26964.53
2022-12-04 23:00:00,25436.23
2022-12-05 00:00:00,28639.92
2022-12-05 01:00:00,28586.19
2022-12-05 02:00:00,28386.57
2022-12-05 03:00:00,28412.39
2022-12-05 04:00:00,28336.56
2022-12-05 05:00:00,29739.51
2022-12-05 06:00:00,31080.04
2022-12-05 07:00:00,32828.99
2022-12-05 08:00:00,34358.14
2022-12-05 09:00:00,33712.08
2022-12-05 10:00:00,33531.48
2022-12-05 11:00:00,32223.82
2022-12-05 12:00:00,31096.26
2022-12-05 13:00:00,30974.72
2022-12-05 14:00:00,30984.7
2022-12-05 15:00:00,30923.78
2022-12-05 16:00:00,32307.76
2022-12-05 17:00:00,33965.91
2022-12-05 18:00:00,35257.43
2022-12-05 19:00:00,36497.23
2022-12-05 20:00:00,36385.61
2022-12-05 21:00:00,35978.33
2022-12-05 22:00:00,33303.35
2022-12-05 23:00:00,32279.11
2022-12-06 00:00:00,29346.85
2022-12-06 01:00:00,29583.54
2022-12-06 02:00:00,28404.72
2022-12-06 03:00:00,28793.58
2022-12-06 04:00:00,28606.01
2022-12-06 05:00:00,29429.99
2022-12-06 06:00:00,30652.55
2022-12-06 07:00:00,32591.97
2022-12-06 08:00:00,34200.77
2022-12-06 09:00:00,33912.14
2022-12-06 10:00:00,33335.19
2022-12-06 11:00:00,32478.01
2022-12-06 12:00:00,30909.6
2022-12-06 13:00:00,30012.93
2022-12-06 14:00:00,30325.41
2022-12-06 15:00:00,30492.62
2022-12-06 16:00:00,31568.48
2022-12-06 17:00:00,32656.86
2022-12-06 18:00:00,34948.82
2022-12-06 19:00:00,35381.98
2022-12-06 20:00:00,35531.27
2022-12-06 21:00:00,34113.31
2022-12-06 22:00:00,33092.13
2022-12-06 23:00:00,31120.62
2022-12-07 00:00:00,28648.52
2022-12-07 01:00:00,28683.83
2022-12-07 02:00:00,28226.52
2022-12-07 03:00:00,27621.6
2022-12-07 04:00:00,27145.99
2022-12-07 05:00:00,29657.58
2022-12-07 06:00:00,30681.35
2022-12-07 07:00:00,31910.98
2022-12-07 08:00:00,32456.2
2022-12-07 09:00:00,32778.63
2022-12-07 10:00:00,31825.01
2022-12-07 11:00:00,31243.13
2022-12-07 12:00:00,29823.61
2022-12-07 13:00:00,28860.88
2022-12-07 14:00:00,28939.55
2022-12-07 15:00:00,30036.75
2022-12-07 16:00:00,31288.11
2022-12-07 17:00:00,32731.58
2022-12-07 18:00:00,33925.09
2022-12-07 19:00:00,34494.53
2022-12-07 20:00:00,33431.85
2022-12-07 21:00:00,33714.18
2022-12-07 22:00:00,32110.92
2022-12-07 23:00:00,30648.19
2022-12-08 00:00:00,27970.79
2022-12-08 01:00:00,27209.91
2022-12-08 02:00:00,27487.7
2022-12-08 03:00:00,27240.26
2022-12-08 04:00:00,27441.42
2022-12-08 05:00:00,28428.34
2022-12-08 06:00:00,29818.75
2022-12-08 07:00:00,31102.35
2022-12-08 08:00:00,32334.15
2022-12-08 09:00:00,32541.0
2022-12-08 10:00:00,31795.33
2022-12-08 11:00:00,30944.2
2022-12-08 12:00:00,29802.39
2022-12-08 13:00:00,29758.62
2022-12-08 14:00:00,29822.94
2022-12-08 15:00:00,29667.86
2022-12-08 16:00:00,29429.11
2022-12-08 17:00:00,32720.38
2022-12-08 18:00:00,33607.35
2022-12-08 19:00:00,34482.71
2022-12-08 20:00:00,34649.35
2022-12-08 21:00:00,33716.47
2022-12-08 22:00:00,32626.59
2022-12-08 23:00:00,30389.99
2022-12-09 00:00:00,27944.81
2022-12-09 01:00:00,28195.25
2022-12-09 02:00:00,27939.99
2022-12-09 03:00:00,27698.43
2022-12-09 04:00:00,27404.73
2022-12-09 05:00:00,28251.98
2022-12-09 06:00:00,29944.04
2022-12-09 07:00:00,31857.42
2022-12-09 08:00:00,33416.87
2022-12-09 09:00:00,32337.7
2022-12-09 10:00:00,32229.5
2022-12-09 11:00:00,30678.14
2022-12-09 12:00:00,29545.9
2022-12-09 13:00:00,29911.07
2022-12-09 14:00:00,29773.09
2022-12-09 15:00:00,30316.5
2022-12-09 16:00:00,31597.69
2022-12-09 17:00:00,32603.93
2022-12-09 18:00:00,34107.19
2022-12-09 19:00:00,35965.07
2022-12-09 20:00:00,35111.02
2022-12-09 21:00:00,34507.37
2022-12-09 22:00:00,32757.72
2022-12-09 23:00:00,30595.29
2022-12-10 00:00:00,24442.71
2022-12-10 01:00:00,24701.56
2022-12-10 02:00:00,24924.1
2022-12-10 03:00:00,24571.18
2022-12-10 04:00:00,24754.06
2022-12-10 05:00:00,24848.79
2022-12-10 06:00:00,27057.69
2022-12-10 07:00:00,27561.04
2022-12-10 08:00:00,28913.46
2022-12-10 09:00:00,28924.31
2022-12-10 10:00:00,28158.85
2022-12-10 11:00:00,27614.4
2022-12-10 12:00:00,25949.52
2022-12-10 13:00:00,25186.57
2022-12-10 14:00:00,25622.39
2022-12-10 15:00:00,25930.76
2022-12-10 16:00:00,28182.92
2022-12-10 17:00:00,28502.83
2022-12-10 18:00:00,29379.97
2022-12-10 19:00:00,29931.58
2022-12-10 20:00:00,29591.09
2022-12-10 21:00:00,29008.2
2022-12-10 22:00:00,28044.65
2022-12-10 23:00:00,27126.27
2022-12-11 00:00:00,22986.82
2022-12-11 01:00:00,22397.76
2022-12-11 02:00:00,21840.44
2022-12-11 03:00:00,21769.83
2022-12-11 04:00:00,21589.31
2022-12-11 05:00:00,23048.35
2022-12-11 06:00:00,23560.11
2022-12-11 07:00:00,24879.17
2022-12-11 08:00:00,24984.75
2022-12-11 09:00:00,25752.09
2022-12-11 10:00:00,25433.25
2022-12-11 11:00:00,23748.78
2022-12-11 12:00:00,22960.27
2022-12-11 13:00:00,22987.93
2022-12-11 14:00:00,22144.14
2022-12-11 15:00:00,23449.43
2022-12-11 16:00:00,23756.59
2022-12-11 17:00:00,24985.68
2022-12-11 18:00:00,25902.65
2022-12-11 19:00:00,27159.11
2022-12-11 20:00:00,27848.09
2022-12-11 21:00:00,26450.43
2022-12-11 22:00:00,24619.42
2022-12-11 23:00:00,24053.23
2022-12-12 00:00:00,26058.97
2022-12-12 01:00:00,26341.89
2022-12-12 02:00:00,25730.93
2022-12-12 03:00:00,24114.69
2022-12-12 04:00:00,24947.46
2022-12-12 05:00:00,26495.1
2022-12-12 06:00:00,27700.04
2022-12-12 07:00:00,28900.25
2022-12-12 08:00:00,30124.05
2022-12-12 09:00:00,29804.12
2022-12-12 10:00:00,29665.52
2022-12-12 11:00:00,29285.38
2022-12-12 12:00:00,27755.12
2022-12-12 13:00:00,27675.51
2022-12-12 14:00:00,27219.52
2022-12-12 15:00:00,27844.03
2022-12-12 16:00:00,29293.55
2022-12-12 17:00:00,30238.36
2022-12-12 18:00:00,31539.9
2022-12-12 19:00:00,32925.76
2022-12-12 20:00:00,33093.0
2022-12-12 21:00:00,31496.58
2022-12-12 22:00:00,29950.14
2022-12-12 23:00:00,28775.66
2022-12-13 00:00:00,26407.57
2022-12-13 01:00:00,26154.51
2022-12-13 02:00:00,25031.4
2022-12-13 03:00:00,25961.1
2022-12-13 04:00:00,25286.58
2022-12-13 05:00:00,26347.44
2022-12-13 06:00:00,27668.74
2022-12-13 07:00:00,30601.06
2022-12-13 08:00:00,30887.13
2022-12-13 09:00:00,30686.56
2022-12-13 10:00:00,30566.23
2022-12-13 11:00:00,29400.22
2022-12-13 12:00:00,28076.56
2022-12-13 13:00:00,27918.81
2022-12-13 14:00:00,27381.67
2022-12-13 15:00:00,28112.97
2022-12-13 16:00:00,28738.38
2022-12-13 17:00:00,30517.44
2022-12-13 18:00:00,33144.6
2022-12-13 19:00:00,34074.08
2022-12-13 20:00:00,33567.87
2022-12-13 21:00:00,33229.35
2022-12-13 22:00:00,31148.06
2022-12-13 23:00:00,29658.46
2022-12-14 00:00:00,27164.66
2022-12-14 01:00:00,26868.03
2022-12-14 02:00:00,26495.89
2022-12-14 03:00:00,26734.88
2022-12-14 04:00:00,26604.05
2022-12-14 05:00:00,27724.57
2022-12-14 06:00:00,29371.75
2022-12-14 07:00:00,30806.44
2022-12-14 08:00:00,31461.34
2022-12-14 09:00:00,31490.9
2022-12-14 10:00:00,31274.36
2022-12-14 11:00:00,30004.99
2022-12-14 12:00:00,29079.41
2022-12-14 13:00:00,28495.48
2022-12-14 14:00:00,29418.64
2022-12-14 15:00:00,28628.71
2022-12-14 16:00:00,29516.91
2022-12-14 17:00:00,31829.11
2022-12-14 18:00:00,33070.67
2022-12-14 19:00:00,34257.43
2022-12-14 20:00:00,34351.54
2022-12-14 21:00:00,33652.76
2022-12-14 22:00:00,31184.96
2022-12-14 23:00:00,30008.54
2022-12-15 00:00:00,27705.14
2022-12-15 01:00:00,27541.38
2022-12-15 02:00:00,27648.15
2022-12-15 03:00:00,26927.4
2022-12-15 04:00:00,26738.74
2022-12-15 05:00:00,27319.67
2022-12-15 06:00:00,28918.7
2022-12-15 07:00:00,30518.38
2022-12-15 08:00:00,32036.03
2022-12-15 09:00:00,32011.53
2022-12-15 10:00:00,30668.68
2022-12-15 11:00:00,29775.78
2022-12-15 12:00:00,29174.59
2022-12-15 13:00:00,28399.64
2022-12-15 14:00:00,28447.51
2022-12-15 15:00:00,28922.98
2022-12-15 16:00:00,30440.01
2022-12-15 17:00:00,31417.7
2022-12-15 18:00:00,32656.98
2022-12-15 19:00:00,33385.85
2022-12-15 20:00:00,33766.66
2022-12-15 21:00:00,31856.5
2022-12-15 22:00:00,31133.6
2022-12-15 23:00:00,29598.12
2022-12-16 00:00:00,26528.51
2022-12-16 01:00:00,26385.16
2022-12-16 02:00:00,26592.68
2022-12-16 03:00:00,26096.27
2022-12-16 04:00:00,26213.89
2022-12-16 05:00:00,27158.52
2022-12-16 06:00:00,28572.25
2022-12-16 07:00:00,30591.43
2022-12-16 08:00:00,31290.8
2022-12-16 09:00:00,30865.68
2022-12-16 10:00:00,31173.82
2022-12-16 11:00:00,29549.36
2022-12-16 12:00:00,28175.84
2022-12-16 13:00:00,27378.83
2022-12-16 14:00:00,27957.37
2022-12-16 15:00:00,28350.57
2022-12-16 16:00:00,30059.48
2022-12-16 17:00:00,30889.67
2022-12-16 18:00:00,32215.14
2022-12-16 19:00:00,33779.01
2022-12-16 20:00:00,33807.59
2022-12-16 21:00:00,32621.77
2022-12-16 22:00:00,31336.43
2022-12-16 23:00:00,29610.07
2022-12-17 00:00:00,23852.78
2022-12-17 01:00:00,23966.39
2022-12-17 02:00:00,23474.27
2022-12-17 03:00:00,22988.11
2022-12-17 04:00:00,23715.27
2022-12-17 05:00:00,23234.59
2022-12-17 06:00:00,26143.05
2022-12-17 07:00:00,26303.34
2022-12-17 08:00:00,27694.35
2022-12-17 09:00:00,28065.75
2022-12-17 10:00:00,27401.8
2022-12-17 11:00:00,26816.49
2022-12-17 12:00:00,25233.03
2022-12-17 13:00:00,25249.21
2022-12-17 14:00:00,25007.3
2022-12-17 15:00:00,25866.58
2022-12-17 16:00:00,26771.87
2022-12-17 17:00:00,28195.99
2022-12-17 18:00:00,29334.22
2022-12-17 19:00:00,30234.3
2022-12-17 20:00:00,30571.33
2022-12-17 21:00:00,30030.51
2022-12-17 22:00:00,28241.11
2022-12-17 23:00:00,26882.69
2022-12-18 00:00:00,23437.8
2022-12-18 01:00:00,23042.43
2022-12-18 02:00:00,23088.02
2022-12-18 03:00:00,22310.01
2022-12-18 04:00:00,22206.49
2022-12-18 05:00:00,23425.41
2022-12-18 06:00:00,24628.85
2022-12-18 07:00:00,26257.14
2022-12-18 08:00:00,27015.91
2022-12-18 09:00:00,27659.93
2022-12-18 10:00:00,26719.36
2022-12-18 11:00:00,25952.41
2022-12-18 12:00:00,25150.59
2022-12-18 13:00:00,24743.64
2022-12-18 14:00:00,24707.13
2022-12-18 15:00:00,25399.15
2022-12-18 16:00:00,25888.96
2022-12-18 17:00:00,27915.96
2022-12-18 18:00:00,28593.93
2022-12-18 19:00:00,29020.86
2022-12-18 20:00:00,29574.46
2022-12-18 21:00:00,28464.72
2022-12-18 22:00:00,27800.45
2022-12-18 23:00:00,27130.3
2022-12-19 00:00:00,29250.85
2022-12-19 01:00:00,29389.97
2022-12-19 02:00:00,28297.71
2022-12-19 03:00:00,28812.04
2022-12-19 04:00:00,28536.18
2022-12-19 05:00:00,29526.09
2022-12-19 06:00:00,30868.62
2022-12-19 07:00:00,33142.79
2022-12-19 08:00:00,34341.14
2022-12-19 09:00:00,34131.06
2022-12-19 10:00:00,33048.28
2022-12-19 11:00:00,32719.22
2022-12-19 12:00:00,30853.02
2022-12-19 13:00:00,29779.68
2022-12-19 14:00:00,30678.24
2022-12-19 15:00:00,30678.93
2022-12-19 16:00:00,32498.49
2022-12-19 17:00:00,33486.21
2022-12-19 18:00:00,35288.38
2022-12-19 19:00:00,36480.0
2022-12-19 20:00:00,35535.02
2022-12-19 21:00:00,34784.81
2022-12-19 22:00:00,33434.65
2022-12-19 23:00:00,32459.78
2022-12-20 00:00:00,29013.14
2022-12-20 01:00:00,28723.03
2022-12-20 02:00:00,28678.83
2022-12-20 03:00:00,27994.37
2022-12-20 04:00:00,28388.84
2022-12-20 05:00:00,28639.38
2022-12-20 06:00:00,31417.57
2022-12-20 07:00:00,31756.75
2022-12-20 08:00:00,33174.06
2022-12-20 09:00:00,33368.62
2022-12-20 10:00:00,33239.37
2022-12-20 11:00:00,30883.34
2022-12-20 12:00:00,30962.3
2022-12-20 13:00:00,29925.17
2022-12-20 14:00:00,29762.27
2022-12-20 15:00:00,29797.54
2022-12-20 16:00:00,31410.4
2022-12-20 17:00:00,32409.31
2022-12-20 18:00:00,34551.68
2022-12-20 19:00:00,34672.68
2022-12-20 20:00:00,34936.86
2022-12-20 21:00:00,33805.59
2022-12-20 22:00:00,32134.67
2022-12-20 23:00:00,31205.76
2022-12-21 00:00:00,28464.49
2022-12-21 01:00:00,28399.87
2022-12-21 02:00:00,26949.43
2022-12-21 03:00:00,27648.19
2022-12-21 04:00:00,28313.13
2022-12-21 05:00:00,28149.48
2022-12-21 06:00:00,30458.16
2022-12-21 07:00:00,31318.51
2022-12-21 08:00:00,32020.9
2022-12-21 09:00:00,32522.42
2022-12-21 10:00:00,32223.3
2022-12-21 11:00:00,30379.39
2022-12-21 12:00:00,29424.76
2022-12-21 13:00:00,29277.71
2022-12-21 14:00:00,29071.73
2022-12-21 15:00:00,29847.12
2022-12-21 16:00:00,30841.31
2022-12-21 17:00:00,32426.24
2022-12-21 18:00:00,33602.01
2022-12-21 19:00:00,34788.42
2022-12-21 20:00:00,34396.92
2022-12-21 21:00:00,34246.46
2022-12-21 22:00:00,32104.48
2022-12-21 23:00:00,31238.06
2022-12-22 00:00:00,28142.15
2022-12-22 01:00:00,28043.88
2022-12-22 02:00:00,27444.52
2022-12-22 03:00:00,27013.51
2022-12-22 04:00:00,26965.83
2022-12-22 05:00:00,28124.09
2022-12-22 06:00:00,29911.54
2022-12-22 07:00:00,31757.33
2022-12-22 08:00:00,33168.14
2022-12-22 09:00:00,32825.37
2022-12-22 10:00:00,31936.34
2022-12-22 11:00:00,30590.71
2022-12-22 12:00:00,30257.73
2022-12-22 13:00:00,30038.27
2022-12-22 14:00:00,30024.74
2022-12-22 15:00:00,30425.74
2022-12-22 16:00:00,31537.33
2022-12-22 17:00:00,33426.33
2022-12-22 18:00:00,34458.31
2022-12-22 19:00:00,35534.04
2022-12-22 20:00:00,35218.43
2022-12-22 21:00:00,33933.37
2022-12-22 22:00:00,32703.8
2022-12-22 23:00:00,31455.19
2022-12-23 00:00:00,28856.06
2022-12-23 01:00:00,29250.36
2022-12-23 02:00:00,28237.98
2022-12-23 03:00:00,28358.94
2022-12-23 04:00:00,27983.66
2022-12-23 05:00:00,28922.77
2022-12-23 06:00:00,30073.95
2022-12-23 07:00:00,31910.24
2022-12-23 08:00:00,33455.47
2022-12-23 09:00:00,33407.25
2022-12-23 10:00:00,32962.11
2022-12-23 11:00:00,31507.27
2022-12-23 12:00:00,30272.99
2022-12-23 13:00:00,30568.68
2022-12-23 14:00:00,29764.9
2022-12-23 15:00:00,30751.95
2022-12-23 16:00:00,31290.39
2022-12-23 17:00:00,33144.93
2022-12-23 18:00:00,34676.99
2022-12-23 19:00:00,35335.11
2022-12-23 20:00:00,34403.62
2022-12-23 21:00:00,34255.0
2022-12-23 22:00:00,33152.87
2022-12-23 23:00:00,31361.81
2022-12-24 00:00:00,25229.6
2022-12-24 01:00:00,24189.21
2022-12-24 02:00:00,24163.04
2022-12-24 03:00:00,24273.4
2022-12-24 04:00:00,24385.89
2022-12-24 05:00:00,25402.12
2022-12-24 06:00:00,26199.51
2022-12-24 07:00:00,27775.02
2022-12-24 08:00:00,28555.98
2022-12-24 09:00:00,28271.82
2022-12-24 10:00:00,27098.57
2022-12-24 11:00:00,26945.32
2022-12-24 12:00:00,25887.14
2022-12-24 13:00:00,25055.15
2022-12-24 14:00:00,24645.2
2022-12-24 15:00:00,25872.91
2022-12-24 16:00:00,26476.28
2022-12-24 17:00:00,28017.64
2022-12-24 18:00:00,29721.99
2022-12-24 19:00:00,29089.24
2022-12-24 20:00:00,29534.6
2022-12-24 21:00:00,28818.35
2022-12-24 22:00:00,28034.15
2022-12-24 23:00:00,25572.07
2022-12-25 00:00:00,22822.1
2022-12-25 01:00:00,21916.21
2022-12-25 02:00:00,21473.3
2022-12-25 03:00:00,21163.56
2022-12-25 04:00:00,21180.55
2022-12-25 05:00:00,22382.94
2022-12-25 06:00:00,22829.73
2022-12-25 07:00:00,24617.3
2022-12-25 08:00:00,25223.87
2022-12-25 09:00:00,25164.18
2022-12-25 10:00:00,25669.71
2022-12-25 11:00:00,23908.27
2022-12-25 12:00:00,23092.96
2022-12-25 13:00:00,22781.35
2022-12-25 14:00:00,21854.6
2022-12-25 15:00:00,23403.11
2022-12-25 16:00:00,22795.8
2022-12-25 17:00:00,24605.08
2022-12-25 18:00:00,25910.03
2022-12-25 19:00:00,27028.06
2022-12-25 20:00:00,26885.0
2022-12-25 21:00:00,25964.1
2022-12-25 22:00:00,24788.08
2022-12-25 23:00:00,23209.02
2022-12-26 00:00:00,25549.72
2022-12-26 01:00:00,26050.53
2022-12-26 02:00:00,25658.54
2022-12-26 03:00:00,25698.33
2022-12-26 04:00:00,25053.16
2022-12-26 05:00:00,26469.55
2022-12-26 06:00:00,27641.66
2022-12-26 07:00:00,29800.4
2022-12-26 08:00:00,30859.41
2022-12-26 09:00:00,30731.36
2022-12-26 10:00:00,29793.33
2022-12-26 11:00:00,29092.53
2022-12-26 12:00:00,27972.39
2022-12-26 13:00:00,26968.99
2022-12-26 14:00:00,26771.71
2022-12-26 15:00:00,27734.15
2022-12-26 16:00:00,29507.52
2022-12-26 17:00:00,30904.6
2022-12-26 18:00:00,31634.28
2022-12-26 19:00:00,32593.53
2022-12-26 20:00:00,33486.47
2022-12-26 21:00:00,31739.98
2022-12-26 22:00:00,30868.93
2022-12-26 23:00:00,29012.88
2022-12-27 00:00:00,27195.82
2022-12-27 01:00:00,26128.85
2022-12-27 02:00:00,26461.6
2022-12-27 03:00:00,25894.74
2022-12-27 04:00:00,26141.87
2022-12-27 05:00:00,26295.99
2022-12-27 06:00:00,27759.96
2022-12-27 07:00:00,30124.84
2022-12-27 08:00:00,31431.43
2022-12-27 09:00:00,31128.58
2022-12-27 10:00:00,30414.38
2022-12-27 11:00:00,29850.86
2022-12-27 12:00:00,28852.57
2022-12-27 13:00:00,28077.94
2022-12-27 14:00:00,28431.7
2022-12-27 15:00:00,28347.52
2022-12-27 16:00:00,29773.67
2022-12-27 17:00:00,31995.61
2022-12-27 18:00:00,32954.13
2022-12-27 19:00:00,33940.91
2022-12-27 20:00:00,34726.54
2022-12-27 21:00:00,32508.39
2022-12-27 22:00:00,31808.7
2022-12-27 23:00:00,30625.84
2022-12-28 00:00:00,27303.98
2022-12-28 01:00:00,27457.41
2022-12-28 02:00:00,26443.43
2022-12-28 03:00:00,26280.68
2022-12-28 04:00:00,26842.38
2022-12-28 05:00:00,27880.09
2022-12-28 06:00:00,29497.31
2022-12-28 07:00:00,31282.66
2022-12-28 08:00:00,31808.34
2022-12-28 09:00:00,32381.35
2022-12-28 10:00:00,31069.85
2022-12-28 11:00:00,30316.31
2022-12-28 12:00:00,29025.6
2022-12-28 13:00:00,28530.07
2022-12-28 14:00:00,28504.86
2022-12-28 15:00:00,28344.66
2022-12-28 16:00:00,29602.39
2022-12-28 17:00:00,31502.25
2022-12-28 18:00:00,32337.44
2022-12-28 19:00:00,34136.21
2022-12-28 20:00:00,34124.63
2022-12-28 21:00:00,32965.26
2022-12-28 22:00:00,30943.74
2022-12-28 23:00:00,30287.58
2022-12-29 00:00:00,27848.17
2022-12-29 01:00:00,26883.52
2022-12-29 02:00:00,26601.2
2022-12-29 03:00:00,26188.87
2022-12-29 04:00:00,26454.5
2022-12-29 05:00:00,27086.27
2022-12-29 06:00:00,28589.15
2022-12-29 07:00:00,30517.86
2022-12-29 08:00:00,32094.46
2022-12-29 09:00:00,30891.91
2022-12-29 10:00:00,30551.36
2022-12-29 11:00:00,28968.16
2022-12-29 12:00:00,28876.7
2022-12-29 13:00:00,27523.82
2022-12-29 14:00:00,27199.1
2022-12-29 15:00:00,28472.68
2022-12-29 16:00:00,29948.06
2022-12-29 17:00:00,31042.38
2022-12-29 18:00:00,32348.82
2022-12-29 19:00:00,33346.37
2022-12-29 20:00:00,33684.74
2022-12-29 21:00:00,31930.14
2022-12-29 22:00:00,30701.03
2022-12-29 23:00:00,29072.05
2022-12-30 00:00:00,26177.47
2022-12-30 01:00:00,26196.43
2022-12-30 02:00:00,26320.83
2022-12-30 03:00:00,25861.44
2022-12-30 04:00:00,26076.35
2022-12-30 05:00:00,26801.22
2022-12-30 06:00:00,28448.74
2022-12-30 07:00:00,29629.99
2022-12-30 08:00:00,30921.88
2022-12-30 09:00:00,31255.45
2022-12-30 10:00:00,30542.82
2022-12-30 11:00:00,29404.97
2022-12-30 12:00:00,28237.99
2022-12-30 13:00:00,27621.25
2022-12-30 14:00:00,28891.56
2022-12-30 15:00:00,28708.32
2022-12-30 16:00:00,29684.3
2022-12-30 17:00:00,30992.0
2022-12-30 18:00:00,32444.68
2022-12-30 19:00:00,33545.26
2022-12-30 20:00:00,33742.54
2022-12-30 21:00:00,32091.11
2022-12-30 22:00:00,30766.52
2022-12-30 23:00:00,29645.31
2022-12-31 00:00:00,24083.7
2022-12-31 01:00:00,23739.02
2022-12-31 02:00:00,24059.82
2022-12-31 03:00:00,22837.56
2022-12-31 04:00:00,23308.94
2022-12-31 05:00:00,24944.1
2022-12-31 06:00:00,25839.12
2022-12-31 07:00:00,27595.89
2022-12-31 08:00:00,29033.61
2022-12-31 09:00:00,28253.79
2022-12-31 10:00:00,27848.15
2022-12-31 11:00:00,26810.58
2022-12-31 12:00:00,25371.19
2022-12-31 13:00:00,25510.13
2022-12-31 14:00:00,25986.13
2022-12-31 15:00:00,26426.24
2022-12-31 16:00:00,27489.03
2022-12-31 17:00:00,28512.28
2022-12-31 18:00:00,29778.12
2022-12-31 19:00:00,31337.31
2022-12-31 20:00:00,30774.53
2022-12-31 21:00:00,30276.89
2022-12-31 22:00:00,28975.76
2022-12-31 23:00:00,28159.19
2023-01-01 00:00:00,28010.18
2023-01-01 01:00:00,27037.92
2023-01-01 02:00:00,26808.12
2023-01-01 03:00:00,27243.7
2023-01-01 04:00:00,27207.11
2023-01-01 05:00:00,27838.01
2023-01-01 06:00:00,29621.72
2023-01-01 07:00:00,30702.15
2023-01-01 08:00:00,31590.53
2023-01-01 09:00:00,31987.38
2023-01-01 10:00:00,30982.32
2023-01-01 11:00:00,30720.74
2023-01-01 12:00:00,29069.39
2023-01-01 13:00:00,29132.14
2023-01-01 14:00:00,29420.58
2023-01-01 15:00:00,28917.28
2023-01-01 16:00:00,30201.39
2023-01-01 17:00:00,31954.84
2023-01-01 18:00:00,33185.1
2023-01-01 19:00:00,33497.4
2023-01-01 20:00:00,33303.01
2023-01-01 21:00:00,33122.64
2023-01-01 22:00:00,31981.16
2023-01-01 23:00:00,29922.63
2023-01-02 00:00:00,34020.85
2023-01-02 01:00:00,34237.37
2023-01-02 02:00:00,33986.55
2023-01-02 03:00:00,33372.43
2023-01-02 04:00:00,33878.27
2023-01-02 05:00:00,34261.72
2023-01-02 06:00:00,35251.41
2023-01-02 07:00:00,37448.55
2023-01-02 08:00:00,38695.02
2023-01-02 09:00:00,38685.67
2023-01-02 10:00:00,37580.88
2023-01-02 11:00:00,36140.46
2023-01-02 12:00:00,35527.62
2023-01-02 13:00:00,35422.71
2023-01-02 14:00:00,35511.36
2023-01-02 15:00:00,36018.47
2023-01-02 16:00:00,36388.97
2023-01-02 17:00:00,37724.42
2023-01-02 18:00:00,39747.76
2023-01-02 19:00:00,40698.61
2023-01-02 20:00:00,40576.79
2023-01-02 21:00:00,38750.14
2023-01-02 22:00:00,37625.28
2023-01-02 23:00:00,36376.03
2023-01-03 00:00:00,33976.43
2023-01-03 01:00:00,33762.92
2023-01-03 02:00:00,33127.99
2023-01-03 03:00:00,32882.81
2023-01-03 04:00:00,32942.23
2023-01-03 05:00:00,34007.7
2023-01-03 06:00:00,35347.38
2023-01-03 07:00:00,36858.54
2023-01-03 08:00:00,37813.27
2023-01-03 09:00:00,38044.08
2023-01-03 10:00:00,37391.88
2023-01-03 11:00:00,36111.26
2023-01-03 12:00:00,35091.65
2023-01-03 13:00:00,34841.62
2023-01-03 14:00:00,34443.12
2023-01-03 15:00:00,34672.81
2023-01-03 16:00:00,36302.54
2023-01-03 17:00:00,36993.21
2023-01-03 18:00:00,38565.8
2023-01-03 19:00:00,39994.06
2023-01-03 20:00:00,40050.01
2023-01-03 21:00:00,38486.56
2023-01-03 22:00:00,37298.92
2023-01-03 23:00:00,35717.53
2023-01-04 00:00:00,33215.88
2023-01-04 01:00:00,33447.61
2023-01-04 02:00:00,32992.01
2023-01-04 03:00:00,32473.2
2023-01-04 04:00:00,32481.11
2023-01-04 05:00:00,33102.86
2023-01-04 06:00:00,35591.1
2023-01-04 07:00:00,36948.21
2023-01-04 08:00:00,37615.02
2023-01-04 09:00:00,38272.58
2023-01-04 10:00:00,37252.76
2023-01-04 11:00:00,36022.02
2023-01-04 12:00:00,35264.98
2023-01-04 13:00:00,34315.32
2023-01-04 14:00:00,34481.29
2023-01-04 15:00:00,35240.93
2023-01-04 16:00:00,36162.95
2023-01-04 17:00:00,38094.75
2023-01-04 18:00:00,40030.86
2023-01-04 19:00:00,40086.42
2023-01-04 20:00:00,39800.07
2023-01-04 21:00:00,38772.97
2023-01-04 22:00:00,37967.0
2023-01-04 23:00:00,36317.49
2023-01-05 00:00:00,34105.51
2023-01-05 01:00:00,33838.45
2023-01-05 02:00:00,32883.74
2023-01-05 03:00:00,32567.43
2023-01-05 04:00:00,33518.23
2023-01-05 05:00:00,34381.77
2023-01-05 06:00:00,35717.72
2023-01-05 07:00:00,36944.1
2023-01-05 08:00:00,38817.65
2023-01-05 09:00:00,39260.09
2023-01-05 10:00:00,38169.42
2023-01-05 11:00:00,36617.91
2023-01-05 12:00:00,35914.15
2023-01-05 13:00:00,34873.11
2023-01-05 14:00:00,35735.45
2023-01-05 15:00:00,35974.45
2023-01-05 16:00:00,36446.81
2023-01-05 17:00:00,38460.49
2023-01-05 18:00:00,40218.06
2023-01-05 19:00:00,40883.99
2023-01-05 20:00:00,40904.29
2023-01-05 21:00:00,39627.92
2023-01-05 22:00:00,38762.84
2023-01-05 23:00:00,36826.76
2023-01-06 00:00:00,33734.31
2023-01-06 01:00:00,34072.48
2023-01-06 02:00:00,34150.34
2023-01-06 03:00:00,33378.75
2023-01-06 04:00:00,34281.84
2023-01-06 05:00:00,34688.86
2023-01-06 06:00:00,36133.36
2023-01-06 07:00:00,37569.31
2023-01-06 08:00:00,38659.61
2023-01-06 09:00:00,38693.06
2023-01-06 10:00:00,37875.13
2023-01-06 11:00:00,36946.76
2023-01-06 12:00:00,35354.44
2023-01-06 13:00:00,34694.67
2023-01-06 14:00:00,34628.36
2023-01-06 15:00:00,36254.38
2023-01-06 16:00:00,36780.35
2023-01-06 17:00:00,38138.21
2023-01-06 18:00:00,39089.1
2023-01-06 19:00:00,40560.26
2023-01-06 20:00:00,40240.76
2023-01-06 21:00:00,39352.48
2023-01-06 22:00:00,37385.52
2023-01-06 23:00:00,36215.9
2023-01-07 00:00:00,29362.9
2023-01-07 01:00:00,28944.35
2023-01-07 02:00:00,29076.38
2023-01-07 03:00:00,27980.76
2023-01-07 04:00:00,28816.17
2023-01-07 05:00:00,29580.96
2023-01-07 06:00:00,30296.39
2023-01-07 07:00:00,31691.12
2023-01-07 08:00:00,32810.19
2023-01-07 09:00:00,33048.29
2023-01-07 10:00:00,32162.87
2023-01-07 11:00:00,31272.05
2023-01-07 12:00:00,30768.32
2023-01-07 13:00:00,29419.64
2023-01-07 14:00:00,28939.87
2023-01-07 15:00:00,30273.91
2023-01-07 16:00:00,31496.51
2023-01-07 17:00:00,32305.45
2023-01-07 18:00:00,33042.92
2023-01-07 19:00:00,34159.78
2023-01-07 20:00:00,33764.22
2023-01-07 21:00:00,33506.17
2023-01-07 22:00:00,31456.25
2023-01-07 23:00:00,30460.07
2023-01-08 00:00:00,25990.82
2023-01-08 01:00:00,26128.18
2023-01-08 02:00:00,25612.27
2023-01-08 03:00:00,25547.84
2023-01-08 04:00:00,25614.64
2023-01-08 05:00:00,25965.71
2023-01-08 06:00:00,27740.28
2023-01-08 07:00:00,28819.48
2023-01-08 08:00:00,29376.15
2023-01-08 09:00:00,30603.31
2023-01-08 10:00:00,29344.2
2023-01-08 11:00:00,28146.0
2023-01-08 12:00:00,27837.25
2023-01-08 13:00:00,27517.2
2023-01-08 14:00:00,26816.64
2023-01-08 15:00:00,27452.93
2023-01-08 16:00:00,27895.75
2023-01-08 17:00:00,29416.26
2023-01-08 18:00:00,30620.48
2023-01-08 19:00:00,31534.16
2023-01-08 20:00:00,31595.15
2023-01-08 21:00:00,30913.43
2023-01-08 22:00:00,29594.72
2023-01-08 23:00:00,27870.49
2023-01-09 00:00:00,31628.61
2023-01-09 01:00:00,31515.43
2023-01-09 02:00:00,31253.46
2023-01-09 03:00:00,31473.0
2023-01-09 04:00:00,30907.88
2023-01-09 05:00:00,32109.72
2023-01-09 06:00:00,34103.42
2023-01-09 07:00:00,35327.44
2023-01-09 08:00:00,36729.78
2023-01-09 09:00:00,36692.22
2023-01-09 10:00:00,36100.78
2023-01-09 11:00:00,34788.42
2023-01-09 12:00:00,34103.39
2023-01-09 13:00:00,32801.72
2023-01-09 14:00:00,33251.47
2023-01-09 15:00:00,34087.57
2023-01-09 16:00:00,35317.16
2023-01-09 17:00:00,37181.88
2023-01-09 18:00:00,38043.68
2023-01-09 19:00:00,39676.08
2023-01-09 20:00:00,38962.92
2023-01-09 21:00:00,38751.11
2023-01-09 22:00:00,37118.99
2023-01-09 23:00:00,35042.75
2023-01-10 00:00:00,32927.12
2023-01-10 01:00:00,32558.62
2023-01-10 02:00:00,32444.97
2023-01-10 03:00:00,31901.38
2023-01-10 04:00:00,32078.84
2023-01-10 05:00:00,33579.3
2023-01-10 06:00:00,34591.2
2023-01-10 07:00:00,36564.9
2023-01-10 08:00:00,37317.25
2023-01-10 09:00:00,38133.06
2023-01-10 10:00:00,36560.36
2023-01-10 11:00:00,35415.67
2023-01-10 12:00:00,35138.34
2023-01-10 13:00:00,33891.59
2023-01-10 14:00:00,34611.32
2023-01-10 15:00:00,34933.37
2023-01-10 16:00:00,35676.63
2023-01-10 17:00:00,36585.97
2023-01-10 18:00:00,38694.05
2023-01-10 19:00:00,39671.37
2023-01-10 20:00:00,40035.38
2023-01-10 21:00:00,39229.68
2023-01-10 22:00:00,36933.96
2023-01-10 23:00:00,35935.9
2023-01-11 00:00:00,33326.36
2023-01-11 01:00:00,33141.85
2023-01-11 02:00:00,32540.56
2023-01-11 03:00:00,31389.82
2023-01-11 04:00:00,32172.31
2023-01-11 05:00:00,32686.31
2023-01-11 06:00:00,34496.27
2023-01-11 07:00:00,36511.41
2023-01-11 08:00:00,37347.78
2023-01-11 09:00:00,37749.49
2023-01-11 10:00:00,36669.56
2023-01-11 11:00:00,34883.95
2023-01-11 12:00:00,33387.3
2023-01-11 13:00:00,33723.04
2023-01-11 14:00:00,33560.37
2023-01-11 15:00:00,33826.28
2023-01-11 16:00:00,34647.41
2023-01-11 17:00:00,36442.54
2023-01-11 18:00:00,38081.51
2023-01-11 19:00:00,39289.92
2023-01-11 20:00:00,39088.95
2023-01-11 21:00:00,38610.48
2023-01-11 22:00:00,36165.97
2023-01-11 23:00:00,35302.41
2023-01-12 00:00:00,32394.74
2023-01-12 01:00:00,32319.14
2023-01-12 02:00:00,31516.47
2023-01-12 03:00:00,31744.71
2023-01-12 04:00:00,31629.99
2023-01-12 05:00:00,32156.34
2023-01-12 06:00:00,33873.08
2023-01-12 07:00:00,35404.81
2023-01-12 08:00:00,36745.96
2023-01-12 09:00:00,36285.37
2023-01-12 10:00:00,35910.49
2023-01-12 11:00:00,34871.0
2023-01-12 12:00:00,33702.12
2023-01-12 13:00:00,33593.19
2023-01-12 14:00:00,33389.87
2023-01-12 15:00:00,33685.22
2023-01-12 16:00:00,34876.88
2023-01-12 17:00:00,36403.17
2023-01-12 18:00:00,37934.95
2023-01-12 19:00:00,38108.86
2023-01-12 20:00:00,38657.53
2023-01-12 21:00:00,37319.66
2023-01-12 22:00:00,36820.9
2023-01-12 23:00:00,34873.27
2023-01-13 00:00:00,32262.28
2023-01-13 01:00:00,32400.46
2023-01-13 02:00:00,31887.87
2023-01-13 03:00:00,31106.85
2023-01-13 04:00:00,31696.59
2023-01-13 05:00:00,32534.92
2023-01-13 06:00:00,33588.76
2023-01-13 07:00:00,35633.54
2023-01-13 08:00:00,36961.66
2023-01-13 09:00:00,37173.93
2023-01-13 10:00:00,35982.4
2023-01-13 11:00:00,35780.33
2023-01-13 12:00:00,34363.04
2023-01-13 13:00:00,33905.95
2023-01-13 14:00:00,34092.1
2023-01-13 15:00:00,34305.62
2023-01-13 16:00:00,35913.71
2023-01-13 17:00:00,37181.93
2023-01-13 18:00:00,38546.75
2023-01-13 19:00:00,40069.44
2023-01-13 20:00:00,40458.09
2023-01-13 21:00:00,39315.62
2023-01-13 22:00:00,37966.62
2023-01-13 23:00:00,36027.22
2023-01-14 00:00:00,29079.92
2023-01-14 01:00:00,29981.0
2023-01-14 02:00:00,29905.49
2023-01-14 03:00:00,29545.99
2023-01-14 04:00:00,29108.05
2023-01-14 05:00:00,29664.05
2023-01-14 06:00:00,31077.15
2023-01-14 07:00:00,32352.99
2023-01-14 08:00:00,33931.75
2023-01-14 09:00:00,34708.21
2023-01-14 10:00:00,33477.26
2023-01-14 11:00:00,32648.43
2023-01-14 12:00:00,32164.63
2023-01-14 13:00:00,31094.88
2023-01-14 14:00:00,31995.89
2023-01-14 15:00:00,32526.67
2023-01-14 16:00:00,32804.16
2023-01-14 17:00:00,34003.2
2023-01-14 18:00:00,35796.04
2023-01-14 19:00:00,36297.07
2023-01-14 20:00:00,36049.62
2023-01-14 21:00:00,36107.29
2023-01-14 22:00:00,34807.28
2023-01-14 23:00:00,33142.0
2023-01-15 00:00:00,28278.77
2023-01-15 01:00:00,28088.55
2023-01-15 02:00:00,28265.26
2023-01-15 03:00:00,27845.82
2023-01-15 04:00:00,28065.17
2023-01-15 05:00:00,29284.72
2023-01-15 06:00:00,30427.01
2023-01-15 07:00:00,31997.21
2023-01-15 08:00:00,32077.77
2023-01-15 09:00:00,32420.54
2023-01-15 10:00:00,32179.38
2023-01-15 11:00:00,31102.71
2023-01-15 12:00:00,30629.85
2023-01-15 13:00:00,29772.15
2023-01-15 14:00:00,30263.1
2023-01-15 15:00:00,30261.09
2023-01-15 16:00:00,31341.81
2023-01-15 17:00:00,32066.67
2023-01-15 18:00:00,33386.93
2023-01-15 19:00:00,34455.89
2023-01-15 20:00:00,34682.95
2023-01-15 21:00:00,33581.08
2023-01-15 22:00:00,32056.1
2023-01-15 23:00:00,31312.16
2023-01-16 00:00:00,34191.11
2023-01-16 01:00:00,34157.09
2023-01-16 02:00:00,34482.93
2023-01-16 03:00:00,33943.41
2023-01-16 04:00:00,34298.71
2023-01-16 05:00:00,34965.62
2023-01-16 06:00:00,36612.44
2023-01-16 07:00:00,37722.92
2023-01-16 08:00:00,39275.37
2023-01-16 09:00:00,39526.63
2023-01-16 10:00:00,38805.34
2023-01-16 11:00:00,37869.67
2023-01-16 12:00:00,36181.04
2023-01-16 13:00:00,35593.39
2023-01-16 14:00:00,34930.34
2023-01-16 15:00:00,35813.15
2023-01-16 16:00:00,37009.77
2023-01-16 17:00:00,38906.88
2023-01-16 18:00:00,39781.15
2023-01-16 19:00:00,41187.85
2023-01-16 20:00:00,40882.43
2023-01-16 21:00:00,39854.42
2023-01-16 22:00:00,38493.89
2023-01-16 23:00:00,36745.85
2023-01-17 00:00:00,34096.59
2023-01-17 01:00:00,33359.7
2023-01-17 02:00:00,33475.25
2023-01-17 03:00:00,33107.36
2023-01-17 04:00:00,33265.21
2023-01-17 05:00:00,34472.99
2023-01-17 06:00:00,36054.84
2023-01-17 07:00:00,37531.26
2023-01-17 08:00:00,38898.91
2023-01-17 09:00:00,38889.97
2023-01-17 10:00:00,37822.12
2023-01-17 11:00:00,36589.5
2023-01-17 12:00:00,35832.88
2023-01-17 13:00:00,35369.02
2023-01-17 14:00:00,35667.8
2023-01-17 15:00:00,36176.93
2023-01-17 16:00:00,36695.64
2023-01-17 17:00:00,38359.26
2023-01-17 18:00:00,40134.23
2023-01-17 19:00:00,41236.57
2023-01-17 20:00:00,41214.92
2023-01-17 21:00:00,39947.19
2023-01-17 22:00:00,38070.81
2023-01-17 23:00:00,36685.69
2023-01-18 00:00:00,34537.37
2023-01-18 01:00:00,34319.96
2023-01-18 02:00:00,33469.1
2023-01-18 03:00:00,33629.36
2023-01-18 04:00:00,34050.78
2023-01-18 05:00:00,34352.47
2023-01-18 06:00:00,36682.11
2023-01-18 07:00:00,37829.9
2023-01-18 08:00:00,39541.84
2023-01-18 09:00:00,39090.04
2023-01-18 10:00:00,38189.16
2023-01-18 11:00:00,37246.75
2023-01-18 12:00:00,36375.7
2023-01-18 13:00:00,35745.24
2023-01-18 14:00:00,35840.6
2023-01-18 15:00:00,36636.34
2023-01-18 16:00:00,37603.5
2023-01-18 17:00:00,39165.85
2023-01-18 18:00:00,40107.81
2023-01-18 19:00:00,41815.95
2023-01-18 20:00:00,41677.29
2023-01-18 21:00:00,41358.22
2023-01-18 22:00:00,39005.42
2023-01-18 23:00:00,37223.06
2023-01-19 00:00:00,35465.01
2023-01-19 01:00:00,35117.5
2023-01-19 02:00:00,34282.63
2023-01-19 03:00:00,33842.84
2023-01-19 04:00:00,35111.64
2023-01-19 05:00:00,35969.96
2023-01-19 06:00:00,36117.05
2023-01-19 07:00:00,38463.46
2023-01-19 08:00:00,40312.36
2023-01-19 09:00:00,39701.75
2023-01-19 10:00:00,38928.89
2023-01-19 11:00:00,37817.97
2023-01-19 12:00:00,36481.55
2023-01-19 13:00:00,35701.87
2023-01-19 14:00:00,36652.0
2023-01-19 15:00:00,36189.63
2023-01-19 16:00:00,38010.85
2023-01-19 17:00:00,39703.93
2023-01-19 18:00:00,40344.69
2023-01-19 19:00:00,41442.29
2023-01-19 20:00:00,42158.98
2023-01-19 21:00:00,40944.66
2023-01-19 22:00:00,39018.37
2023-01-19 23:00:00,38112.68
2023-01-20 00:00:00,35435.36
2023-01-20 01:00:00,34789.42
2023-01-20 02:00:00,33953.97
2023-01-20 03:00:00,33801.33
2023-01-20 04:00:00,34176.07
2023-01-20 05:00:00,34846.15
2023-01-20 06:00:00,36688.84
2023-01-20 07:00:00,37397.15
2023-01-20 08:00:00,38452.77
2023-01-20 09:00:00,39115.84
2023-01-20 10:00:00,38052.38
2023-01-20 11:00:00,36762.48
2023-01-20 12:00:00,35262.99
2023-01-20 13:00:00,35258.16
2023-01-20 14:00:00,35164.84
2023-01-20 15:00:00,35912.23
2023-01-20 16:00:00,36748.85
2023-01-20 17:00:00,38101.78
2023-01-20 18:00:00,39975.98
2023-01-20 19:00:00,39977.51
2023-01-20 20:00:00,40555.85
2023-01-20 21:00:00,38772.73
2023-01-20 22:00:00,37509.41
2023-01-20 23:00:00,35808.1
2023-01-21 00:00:00,29773.61
2023-01-21 01:00:00,29178.92
2023-01-21 02:00:00,28806.66
2023-01-21 03:00:00,28127.61
2023-01-21 04:00:00,28515.27
2023-01-21 05:00:00,29083.09
2023-01-21 06:00:00,30756.21
2023-01-21 07:00:00,31659.42
2023-01-21 08:00:00,33393.59
2023-01-21 09:00:00,32416.33
2023-01-21 10:00:00,32002.0
2023-01-21 11:00:00,31791.3
2023-01-21 12:00:00,30100.33
2023-01-21 13:00:00,29257.11
2023-01-21 14:00:00,29756.64
2023-01-21 15:00:00,29979.16
2023-01-21 16:00:00,30797.48
2023-01-21 17:00:00,31990.05
2023-01-21 18:00:00,34622.03
2023-01-21 19:00:00,34369.23
2023-01-21 20:00:00,33761.26
2023-01-21 21:00:00,34109.51
2023-01-21 22:00:00,32475.22
2023-01-21 23:00:00,30656.05
2023-01-22 00:00:00,26305.18
2023-01-22 01:00:00,26634.77
2023-01-22 02:00:00,25995.34
2023-01-22 03:00:00,25179.24
2023-01-22 04:00:00,26625.8
2023-01-22 05:00:00,26578.6
2023-01-22 06:00:00,28489.61
2023-01-22 07:00:00,29754.85
2023-01-22 08:00:00,29867.83
2023-01-22 09:00:00,30701.44
2023-01-22 10:00:00,29494.54
2023-01-22 11:00:00,28115.05
2023-01-22 12:00:00,27785.05
2023-01-22 13:00:00,27625.68
2023-01-22 14:00:00,27340.88
2023-01-22 15:00:00,27879.67
2023-01-22 16:00:00,29317.1
2023-01-22 17:00:00,30198.8
2023-01-22 18:00:00,31106.1
2023-01-22 19:00:00,32442.48
2023-01-22 20:00:00,32290.14
2023-01-22 21:00:00,30590.9
2023-01-22 22:00:00,30429.82
2023-01-22 23:00:00,29210.78
2023-01-23 00:00:00,32838.52
2023-01-23 01:00:00,32903.18
2023-01-23 02:00:00,32009.55
2023-01-23 03:00:00,32122.09
2023-01-23 04:00:00,31670.18
2023-01-23 05:00:00,33283.77
2023-01-23 06:00:00,35360.84
2023-01-23 07:00:00,35990.67
2023-01-23 08:00:00,37206.41
2023-01-23 09:00:00,37391.65
2023-01-23 10:00:00,36949.05
2023-01-23 11:00:00,35380.74
2023-01-23 12:00:00,34891.75
2023-01-23 13:00:00,34501.53
2023-01-23 14:00:00,34414.84
2023-01-23 15:00:00,34198.91
2023-01-23 16:00:00,36296.05
2023-01-23 17:00:00,37786.54
2023-01-23 18:00:00,39250.47
2023-01-23 19:00:00,40046.97
2023-01-23 20:00:00,40006.34
2023-01-23 21:00:00,39359.34
2023-01-23 22:00:00,38193.06
2023-01-23 23:00:00,35689.77
2023-01-24 00:00:00,33741.78
2023-01-24 01:00:00,33063.14
2023-01-24 02:00:00,32668.55
2023-01-24 03:00:00,31900.07
2023-01-24 04:00:00,32514.81
2023-01-24 05:00:00,33148.44
2023-01-24 06:00:00,34829.6
2023-01-24 07:00:00,36225.98
2023-01-24 08:00:00,37541.99
2023-01-24 09:00:00,37678.75
2023-01-24 10:00:00,37070.99
2023-01-24 11:00:00,35273.1
2023-01-24 12:00:00,34274.97
2023-01-24 13:00:00,34318.96
2023-01-24 14:00:00,33886.06
2023-01-24 15:00:00,35081.31
2023-01-24 16:00:00,35864.02
2023-01-24 17:00:00,37458.56
2023-01-24 18:00:00,39192.1
2023-01-24 19:00:00,39497.86
2023-01-24 20:00:00,39370.16
2023-01-24 21:00:00,38898.23
2023-01-24 22:00:00,37247.67
2023-01-24 23:00:00,35463.05
2023-01-25 00:00:00,33307.56
2023-01-25 01:00:00,32434.21
2023-01-25 02:00:00,32101.56
2023-01-25 03:00:00,31784.49
2023-01-25 04:00:00,31591.86
2023-01-25 05:00:00,32796.77
2023-01-25 06:00:00,34723.1
2023-01-25 07:00:00,35981.18
2023-01-25 08:00:00,36900.65
2023-01-25 09:00:00,36933.4
2023-01-25 10:00:00,36303.49
2023-01-25 11:00:00,35235.75
2023-01-25 12:00:00,34116.88
2023-01-25 13:00:00,33189.78
2023-01-25 14:00:00,33386.67
2023-01-25 15:00:00,33978.56
2023-01-25 16:00:00,34538.91
2023-01-25 17:00:00,36415.62
2023-01-25 18:00:00,37060.17
2023-01-25 19:00:00,38904.55
2023-01-25 20:00:00,38946.3
2023-01-25 21:00:00,38016.66
2023-01-25 22:00:00,36114.24
2023-01-25 23:00:00,34844.54
2023-01-26 00:00:00,32548.17
2023-01-26 01:00:00,32263.59
2023-01-26 02:00:00,31374.31
2023-01-26 03:00:00,31157.43
2023-01-26 04:00:00,31679.5
2023-01-26 05:00:00,31658.96
2023-01-26 06:00:00,33581.4
2023-01-26 07:00:00,35801.31
2023-01-26 08:00:00,36790.12
2023-01-26 09:00:00,36731.17
2023-01-26 10:00:00,35327.58
2023-01-26 11:00:00,34679.78
2023-01-26 12:00:00,33479.87
2023-01-26 13:00:00,33264.9
2023-01-26 14:00:00,32894.68
2023-01-26 15:00:00,33419.64
2023-01-26 16:00:00,34200.96
2023-01-26 17:00:00,36881.65
2023-01-26 18:00:00,37839.7
2023-01-26 19:00:00,39019.85
2023-01-26 20:00:00,39010.04
2023-01-26 21:00:00,37743.58
2023-01-26 22:00:00,36240.38
2023-01-26 23:00:00,34879.11
2023-01-27 00:00:00,32350.48
2023-01-27 01:00:00,32515.64
2023-01-27 02:00:00,31788.37
2023-01-27 03:00:00,32464.93
2023-01-27 04:00:00,32456.47
2023-01-27 05:00:00,33333.23
2023-01-27 06:00:00,34576.7
2023-01-27 07:00:00,36844.12
2023-01-27 08:00:00,37406.84
2023-01-27 09:00:00,37677.17
2023-01-27 10:00:00,37049.73
2023-01-27 11:00:00,36125.39
2023-01-27 12:00:00,35135.95
2023-01-27 13:00:00,34250.79
2023-01-27 14:00:00,34297.84
2023-01-27 15:00:00,35344.36
2023-01-27 16:00:00,36547.88
2023-01-27 17:00:00,37719.07
2023-01-27 18:00:00,38852.31
2023-01-27 19:00:00,40342.52
2023-01-27 20:00:00,40697.8
2023-01-27 21:00:00,40232.78
2023-01-27 22:00:00,37756.81
2023-01-27 23:00:00,36584.42
2023-01-28 00:00:00,29875.46
2023-01-28 01:00:00,30296.31
2023-01-28 02:00:00,29524.68
2023-01-28 03:00:00,29025.64
2023-01-28 04:00:00,29743.61
2023-01-28 05:00:00,30232.97
2023-01-28 06:00:00,31310.66
2023-01-28 07:00:00,32900.26
2023-01-28 08:00:00,34826.87
2023-01-28 09:00:00,34510.39
2023-01-28 10:00:00,33772.28
2023-01-28 11:00:00,32639.92
2023-01-28 12:00:00,31946.36
2023-01-28 13:00:00,31470.67
2023-01-28 14:00:00,31496.6
2023-01-28 15:00:00,31954.48
2023-01-28 16:00:00,33212.39
2023-01-28 17:00:00,34244.63
2023-01-28 18:00:00,35213.5
2023-01-28 19:00:00,36180.41
2023-01-28 20:00:00,35709.91
2023-01-28 21:00:00,36288.39
2023-01-28 22:00:00,34575.63
2023-01-28 23:00:00,32661.29
2023-01-29 00:00:00,28395.61
2023-01-29 01:00:00,28043.89
2023-01-29 02:00:00,28490.32
2023-01-29 03:00:00,27221.75
2023-01-29 04:00:00,27898.29
2023-01-29 05:00:00,28539.06
2023-01-29 06:00:00,30086.82
2023-01-29 07:00:00,31083.28
2023-01-29 08:00:00,31392.55
2023-01-29 09:00:00,32015.73
2023-01-29 10:00:00,31116.95
2023-01-29 11:00:00,30498.75
2023-01-29 12:00:00,30103.13
2023-01-29 13:00:00,28507.63
2023-01-29 14:00:00,28812.68
2023-01-29 15:00:00,29341.44
2023-01-29 16:00:00,30286.88
2023-01-29 17:00:00,31878.32
2023-01-29 18:00:00,32750.92
2023-01-29 19:00:00,33704.12
2023-01-29 20:00:00,33314.16
2023-01-29 21:00:00,32815.81
2023-01-29 22:00:00,31763.15
2023-01-29 23:00:00,29977.22
2023-01-30 00:00:00,34413.45
2023-01-30 01:00:00,33855.8
2023-01-30 02:00:00,33795.64
2023-01-30 03:00:00,33057.96
2023-01-30 04:00:00,33416.64
2023-01-30 05:00:00,34133.53
2023-01-30 06:00:00,35593.61
2023-01-30 07:00:00,37325.02
2023-01-30 08:00:00,38503.46
2023-01-30 09:00:00,37996.22
2023-01-30 10:00:00,38151.61
2023-01-30 11:00:00,35804.0
2023-01-30 12:00:00,35165.62
2023-01-30 13:00:00,34795.38
2023-01-30 14:00:00,34961.14
2023-01-30 15:00:00,35927.95
2023-01-30 16:00:00,35829.07
2023-01-30 17:00:00,37789.77
2023-01-30 18:00:00,38705.89
2023-01-30 19:00:00,40403.51
2023-01-30 20:00:00,40490.24
2023-01-30 21:00:00,40014.95
2023-01-30 22:00:00,38020.95
2023-01-30 23:00:00,36850.87
2023-01-31 00:00:00,33995.98
2023-01-31 01:00:00,33380.42
2023-01-31 02:00:00,32676.98
2023-01-31 03:00:00,33011.5
2023-01-31 04:00:00,32595.29
2023-01-31 05:00:00,34483.84
2023-01-31 06:00:00,35502.53
2023-01-31 07:00:00,37634.41
2023-01-31 08:00:00,38179.29
2023-01-31 09:00:00,38609.69
2023-01-31 10:00:00,37855.31
2023-01-31 11:00:00,36621.24
2023-01-31 12:00:00,35485.48
2023-01-31 13:00:00,35246.17
2023-01-31 14:00:00,34821.09
2023-01-31 15:00:00,35328.38
2023-01-31 16:00:00,37335.58
2023-01-31 17:00:00,38687.42
2023-01-31 18:00:00,39981.55
2023-01-31 19:00:00,41524.42
2023-01-31 20:00:00,40889.67
2023-01-31 21:00:00,40546.32
2023-01-31 22:00:00,38700.1
2023-01-31 23:00:00,36819.03
2023-02-01 00:00:00,35155.08
2023-02-01 01:00:00,34623.25
2023-02-01 02:00:00,33895.84
2023-02-01 03:00:00,33959.27
2023-02-01 04:00:00,33784.17
2023-02-01 05:00:00,35143.99
2023-02-01 06:00:00,35557.8
2023-02-01 07:00:00,37703.5
2023-02-01 08:00:00,39540.03
2023-02-01 09:00:00,39280.37
2023-02-01 10:00:00,38705.68
2023-02-01 11:00:00,37012.05
2023-02-01 12:00:00,37122.07
2023-02-01 13:00:00,36352.45
2023-02-01 14:00:00,35887.07
2023-02-01 15:00:00,36403.81
2023-02-01 16:00:00,38033.06
2023-02-01 17:00:00,39873.89
2023-02-01 18:00:00,41011.14
2023-02-01 19:00:00,42389.11
2023-02-01 20:00:00,41313.31
2023-02-01 21:00:00,40411.67
2023-02-01 22:00:00,38797.0
2023-02-01 23:00:00,37863.37
2023-02-02 00:00:00,35049.47
2023-02-02 01:00:00,34654.34
2023-02-02 02:00:00,34601.28
2023-02-02 03:00:00,34462.45
2023-02-02 04:00:00,33662.23
2023-02-02 05:00:00,34857.99
2023-02-02 06:00:00,36835.44
2023-02-02 07:00:00,37989.37
2023-02-02 08:00:00,38948.05
2023-02-02 09:00:00,39690.57
2023-02-02 10:00:00,38083.17
2023-02-02 11:00:00,37213.56
2023-02-02 12:00:00,36359.57
2023-02-02 13:00:00,35437.22
2023-02-02 14:00:00,35866.48
2023-02-02 15:00:00,35914.1
2023-02-02 16:00:00,37666.29
2023-02-02 17:00:00,38569.73
2023-02-02 18:00:00,40279.66
2023-02-02 19:00:00,41191.89
2023-02-02 20:00:00,40653.65
2023-02-02 21:00:00,39153.39
2023-02-02 22:00:00,38450.86
2023-02-02 23:00:00,36784.86
2023-02-03 00:00:00,34169.47
2023-02-03 01:00:00,33558.09
2023-02-03 02:00:00,33042.23
2023-02-03 03:00:00,33556.15
2023-02-03 04:00:00,32452.55
2023-02-03 05:00:00,34047.62
2023-02-03 06:00:00,35025.93
2023-02-03 07:00:00,36671.87
2023-02-03 08:00:00,37713.36
2023-02-03 09:00:00,37613.48
2023-02-03 10:00:00,37261.88
2023-02-03 11:00:00,36303.43
2023-02-03 12:00:00,34880.14
2023-02-03 13:00:00,34122.26
2023-02-03 14:00:00,33675.58
2023-02-03 15:00:00,34706.55
2023-02-03 16:00:00,36328.04
2023-02-03 17:00:00,36871.77
2023-02-03 18:00:00,38299.27
2023-02-03 19:00:00,39119.08
2023-02-03 20:00:00,39088.86
2023-02-03 21:00:00,37303.93
2023-02-03 22:00:00,36868.46
2023-02-03 23:00:00,34878.71
2023-02-04 00:00:00,27950.04
2023-02-04 01:00:00,28497.75
2023-02-04 02:00:00,27484.81
2023-02-04 03:00:00,27469.49
2023-02-04 04:00:00,28228.45
2023-02-04 05:00:00,27975.06
2023-02-04 06:00:00,29227.41
2023-02-04 07:00:00,31267.04
2023-02-04 08:00:00,32522.34
2023-02-04 09:00:00,31669.66
2023-02-04 10:00:00,31671.46
2023-02-04 11:00:00,30679.17
2023-02-04 12:00:00,28830.9
2023-02-04 13:00:00,29323.49
2023-02-04 14:00:00,29341.37
2023-02-04 15:00:00,29419.02
2023-02-04 16:00:00,30938.96
2023-02-04 17:00:00,32209.87
2023-02-04 18:00:00,33155.42
2023-02-04 19:00:00,33792.92
2023-02-04 20:00:00,33615.44
2023-02-04 21:00:00,33120.87
2023-02-04 22:00:00,32034.1
2023-02-04 23:00:00,30409.58
2023-02-05 00:00:00,25445.77
2023-02-05 01:00:00,26448.45
2023-02-05 02:00:00,25775.06
2023-02-05 03:00:00,25367.66
2023-02-05 04:00:00,25966.97
2023-02-05 05:00:00,26949.28
2023-02-05 06:00:00,26687.99
2023-02-05 07:00:00,29178.08
2023-02-05 08:00:00,29452.53
2023-02-05 09:00:00,30261.88
2023-02-05 10:00:00,29527.08
2023-02-05 11:00:00,28761.69
2023-02-05 12:00:00,27539.35
2023-02-05 13:00:00,26619.51
2023-02-05 14:00:00,27140.61
2023-02-05 15:00:00,27930.21
2023-02-05 16:00:00,29076.69
2023-02-05 17:00:00,29558.12
2023-02-05 18:00:00,31568.22
2023-02-05 19:00:00,31776.74
2023-02-05 20:00:00,32152.26
2023-02-05 21:00:00,31095.67
2023-02-05 22:00:00,30139.05
2023-02-05 23:00:00,29174.44
2023-02-06 00:00:00,32056.32
2023-02-06 01:00:00,31995.67
2023-02-06 02:00:00,31938.73
2023-02-06 03:00:00,32458.86
2023-02-06 04:00:00,31513.78
2023-02-06 05:00:00,33434.36
2023-02-06 06:00:00,34938.1
2023-02-06 07:00:00,35842.93
2023-02-06 08:00:00,36883.59
2023-02-06 09:00:00,36889.76
2023-02-06 10:00:00,36346.54
2023-02-06 11:00:00,34701.23
2023-02-06 12:00:00,34131.32
2023-02-06 13:00:00,34114.72
2023-02-06 14:00:00,33370.76
2023-02-06 15:00:00,34060.84
2023-02-06 16:00:00,34649.37
2023-02-06 17:00:00,36855.66
2023-02-06 18:00:00,38287.58
2023-02-06 19:00:00,39142.37
2023-02-06 20:00:00,39025.28
2023-02-06 21:00:00,38035.61
2023-02-06 22:00:00,36803.75
2023-02-06 23:00:00,35089.8
2023-02-07 00:00:00,32444.51
2023-02-07 01:00:00,32107.22
2023-02-07 02:00:00,32015.05
2023-02-07 03:00:00,31552.5
2023-02-07 04:00:00,31530.1
2023-02-07 05:00:00,32848.2
2023-02-07 06:00:00,33930.29
2023-02-07 07:00:00,35831.23
2023-02-07 08:00:00,36649.61
2023-02-07 09:00:00,35889.33
2023-02-07 10:00:00,36183.15
2023-02-07 11:00:00,34552.39
2023-02-07 12:00:00,33408.37
2023-02-07 13:00:00,32916.67
2023-02-07 14:00:00,32652.08
2023-02-07 15:00:00,33375.63
2023-02-07 16:00:00,34153.86
2023-02-07 17:00:00,36254.57
2023-02-07 18:00:00,37209.24
2023-02-07 19:00:00,38012.98
2023-02-07 20:00:00,37779.89
2023-02-07 21:00:00,37213.15
2023-02-07 22:00:00,35656.15
2023-02-07 23:00:00,34183.11
2023-02-08 00:00:00,30906.36
2023-02-08 01:00:00,30394.35
2023-02-08 02:00:00,30758.09
2023-02-08 03:00:00,30750.34
2023-02-08 04:00:00,30019.84
2023-02-08 05:00:00,31794.25
2023-02-08 06:00:00,32811.95
2023-02-08 07:00:00,34313.07
2023-02-08 08:00:00,35254.19
2023-02-08 09:00:00,35024.1
2023-02-08 10:00:00,35068.77
2023-02-08 11:00:00,33255.5
2023-02-08 12:00:00,32204.08
2023-02-08 13:00:00,32247.64
2023-02-08 14:00:00,31230.99
2023-02-08 15:00:00,31918.14
2023-02-08 16:00:00,33550.88
2023-02-08 17:00:00,35151.26
2023-02-08 18:00:00,36705.25
2023-02-08 19:00:00,37377.02
2023-02-08 20:00:00,38376.64
2023-02-08 21:00:00,36480.67
2023-02-08 22:00:00,35007.36
2023-02-08 23:00:00,33323.81
2023-02-09 00:00:00,30921.54
2023-02-09 01:00:00,30843.9
2023-02-09 02:00:00,30697.38
2023-02-09 03:00:00,29510.84
2023-02-09 04:00:00,30159.82
2023-02-09 05:00:00,31327.54
2023-02-09 06:00:00,32918.39
2023-02-09 07:00:00,34385.77
2023-02-09 08:00:00,35719.02
2023-02-09 09:00:00,35429.38
2023-02-09 10:00:00,35540.05
2023-02-09 11:00:00,34213.68
2023-02-09 12:00:00,32412.65
2023-02-09 13:00:00,31996.88
2023-02-09 14:00:00,32061.73
2023-02-09 15:00:00,33291.1
2023-02-09 16:00:00,33772.96
2023-02-09 17:00:00,35659.62
2023-02-09 18:00:00,37481.39
2023-02-09 19:00:00,38304.06
2023-02-09 20:00:00,38482.06
2023-02-09 21:00:00,37141.49
2023-02-09 22:00:00,36301.69
2023-02-09 23:00:00,34442.24
2023-02-10 00:00:00,31861.78
2023-02-10 01:00:00,31852.34
2023-02-10 02:00:00,31492.99
2023-02-10 03:00:00,31258.54
2023-02-10 04:00:00,31235.35
2023-02-10 05:00:00,32349.33
2023-02-10 06:00:00,34024.15
2023-02-10 07:00:00,35236.71
2023-02-10 08:00:00,36722.35
2023-02-10 09:00:00,37220.28
2023-02-10 10:00:00,35933.18
2023-02-10 11:00:00,35666.37
2023-02-10 12:00:00,34729.2
2023-02-10 13:00:00,33341.32
2023-02-10 14:00:00,34306.15
2023-02-10 15:00:00,34401.63
2023-02-10 16:00:00,35758.8
2023-02-10 17:00:00,36979.44
2023-02-10 18:00:00,39007.66
2023-02-10 19:00:00,39812.82
2023-02-10 20:00:00,39427.71
2023-02-10 21:00:00,38402.38
2023-02-10 22:00:00,36849.34
2023-02-10 23:00:00,35957.77
2023-02-11 00:00:00,29392.67
2023-02-11 01:00:00,29205.51
2023-02-11 02:00:00,28626.12
2023-02-11 03:00:00,28042.73
2023-02-11 04:00:00,28387.22
2023-02-11 05:00:00,29828.74
2023-02-11 06:00:00,30592.96
2023-02-11 07:00:00,32258.6
2023-02-11 08:00:00,32811.25
2023-02-11 09:00:00,33433.49
2023-02-11 10:00:00,32486.14
2023-02-11 11:00:00,31977.6
2023-02-11 12:00:00,30971.0
2023-02-11 13:00:00,30027.8
2023-02-11 14:00:00,30151.66
2023-02-11 15:00:00,30496.46
2023-02-11 16:00:00,31160.54
2023-02-11 17:00:00,32660.08
2023-02-11 18:00:00,34324.15
2023-02-11 19:00:00,35183.75
2023-02-11 20:00:00,35106.76
2023-02-11 21:00:00,34103.63
2023-02-11 22:00:00,33209.54
2023-02-11 23:00:00,31563.54
2023-02-12 00:00:00,27360.53
2023-02-12 01:00:00,26249.92
2023-02-12 02:00:00,25166.57
2023-02-12 03:00:00,26393.31
2023-02-12 04:00:00,25922.44
2023-02-12 05:00:00,27054.54
2023-02-12 06:00:00,28233.91
2023-02-12 07:00:00,30209.27
2023-02-12 08:00:00,30675.17
2023-02-12 09:00:00,30683.65
2023-02-12 10:00:00,30268.34
2023-02-12 11:00:00,29115.78
2023-02-12 12:00:00,27956.14
2023-02-12 13:00:00,28007.35
2023-02-12 14:00:00,27222.53
2023-02-12 15:00:00,28169.98
2023-02-12 16:00:00,28406.05
2023-02-12 17:00:00,30224.66
2023-02-12 18:00:00,31421.42
2023-02-12 19:00:00,32697.2
2023-02-12 20:00:00,31548.32
2023-02-12 21:00:00,31100.3
2023-02-12 22:00:00,30367.83
2023-02-12 23:00:00,28954.84
2023-02-13 00:00:00,32465.32
2023-02-13 01:00:00,31786.23
2023-02-13 02:00:00,31528.86
2023-02-13 03:00:00,31893.91
2023-02-13 04:00:00,31619.84
2023-02-13 05:00:00,32659.85
2023-02-13 06:00:00,33994.79
2023-02-13 07:00:00,35256.16
2023-02-13 08:00:00,37107.11
2023-02-13 09:00:00,37103.98
2023-02-13 10:00:00,36981.31
2023-02-13 11:00:00,34654.67
2023-02-13 12:00:00,34279.63
2023-02-13 13:00:00,32987.25
2023-02-13 14:00:00,33521.51
2023-02-13 15:00:00,34399.51
2023-02-13 16:00:00,34467.48
2023-02-13 17:00:00,36640.71
2023-02-13 18:00:00,38029.63
2023-02-13 19:00:00,38954.4
2023-02-13 20:00:00,39368.37
2023-02-13 21:00:00,38719.02
2023-02-13 22:00:00,36830.27
2023-02-13 23:00:00,35484.42
2023-02-14 00:00:00,32735.57
2023-02-14 01:00:00,32464.41
2023-02-14 02:00:00,31745.94
2023-02-14 03:00:00,32285.27
2023-02-14 04:00:00,32226.69
2023-02-14 05:00:00,33197.08
2023-02-14 06:00:00,34326.49
2023-02-14 07:00:00,36124.63
2023-02-14 08:00:00,37373.24
2023-02-14 09:00:00,37082.88
2023-02-14 10:00:00,36310.57
2023-02-14 11:00:00,35559.53
2023-02-14 12:00:00,34964.34
2023-02-14 13:00:00,34034.77
2023-02-14 14:00:00,33951.46
2023-02-14 15:00:00,34635.77
2023-02-14 16:00:00,35915.07
2023-02-14 17:00:00,37485.68
2023-02-14 18:00:00,39893.96
2023-02-14 19:00:00,40487.36
2023-02-14 20:00:00,40515.91
2023-02-14 21:00:00,39661.61
2023-02-14 22:00:00,37451.85
2023-02-14 23:00:00,35904.43
2023-02-15 00:00:00,33218.23
2023-02-15 01:00:00,33829.2
2023-02-15 02:00:00,32818.85
2023-02-15 03:00:00,32323.85
2023-02-15 04:00:00,32814.96
2023-02-15 05:00:00,33792.37
2023-02-15 06:00:00,35490.97
2023-02-15 07:00:00,37129.44
2023-02-15 08:00:00,37866.1
2023-02-15 09:00:00,38542.63
2023-02-15 10:00:00,37319.25
2023-02-15 11:00:00,36312.58
2023-02-15 12:00:00,35572.45
2023-02-15 13:00:00,34539.87
2023-02-15 14:00:00,34557.93
2023-02-15 15:00:00,35522.84
2023-02-15 16:00:00,36112.58
2023-02-15 17:00:00,37754.69
2023-02-15 18:00:00,39550.0
2023-02-15 19:00:00,40994.58
2023-02-15 20:00:00,40462.98
2023-02-15 21:00:00,39447.02
2023-02-15 22:00:00,37950.23
2023-02-15 23:00:00,35852.75
2023-02-16 00:00:00,33473.45
2023-02-16 01:00:00,33110.9
2023-02-16 02:00:00,32813.65
2023-02-16 03:00:00,32424.75
2023-02-16 04:00:00,32652.36
2023-02-16 05:00:00,33252.32
2023-02-16 06:00:00,34835.29
2023-02-16 07:00:00,35962.63
2023-02-16 08:00:00,37328.67
2023-02-16 09:00:00,38009.12
2023-02-16 10:00:00,36810.55
2023-02-16 11:00:00,35453.75
2023-02-16 12:00:00,35028.99
2023-02-16 13:00:00,33262.82
2023-02-16 14:00:00,33286.86
2023-02-16 15:00:00,34778.74
2023-02-16 16:00:00,35240.33
2023-02-16 17:00:00,36566.36
2023-02-16 18:00:00,37650.77
2023-02-16 19:00:00,39103.24
2023-02-16 20:00:00,39071.38
2023-02-16 21:00:00,37490.12
2023-02-16 22:00:00,36271.97
2023-02-16 23:00:00,34635.83
2023-02-17 00:00:00,32018.25
2023-02-17 01:00:00,31200.28
2023-02-17 02:00:00,31588.48
2023-02-17 03:00:00,31135.76
2023-02-17 04:00:00,30809.24
2023-02-17 05:00:00,31691.71
2023-02-17 06:00:00,33166.02
2023-02-17 07:00:00,34515.46
2023-02-17 08:00:00,35681.07
2023-02-17 09:00:00,35827.13
2023-02-17 10:00:00,35670.21
2023-02-17 11:00:00,34210.03
2023-02-17 12:00:00,33124.52
2023-02-17 13:00:00,32318.46
2023-02-17 14:00:00,31755.19
2023-02-17 15:00:00,32660.34
2023-02-17 16:00:00,34087.16
2023-02-17 17:00:00,34764.87
2023-02-17 18:00:00,36881.0
2023-02-17 19:00:00,38383.73
2023-02-17 20:00:00,37916.0
2023-02-17 21:00:00,37073.48
2023-02-17 22:00:00,35147.12
2023-02-17 23:00:00,33888.18
2023-02-18 00:00:00,26828.87
2023-02-18 01:00:00,27106.89
2023-02-18 02:00:00,26714.66
2023-02-18 03:00:00,26339.6
2023-02-18 04:00:00,26853.91
2023-02-18 05:00:00,26985.72
2023-02-18 06:00:00,28432.08
2023-02-18 07:00:00,29967.36
2023-02-18 08:00:00,30547.88
2023-02-18 09:00:00,31114.92
2023-02-18 10:00:00,29767.99
2023-02-18 11:00:00,29708.49
2023-02-18 12:00:00,28458.82
2023-02-18 13:00:00,27776.44
2023-02-18 14:00:00,27680.21
2023-02-18 15:00:00,28405.7
2023-02-18 16:00:00,29722.1
2023-02-18 17:00:00,31004.21
2023-02-18 18:00:00,31891.4
2023-02-18 19:00:00,32691.2
2023-02-18 20:00:00,33238.29
2023-02-18 21:00:00,31948.35
2023-02-18 22:00:00,30936.1
2023-02-18 23:00:00,29658.64
2023-02-19 00:00:00,25462.7
2023-02-19 01:00:00,25451.58
2023-02-19 02:00:00,24419.99
2023-02-19 03:00:00,23990.45
2023-02-19 04:00:00,24630.96
2023-02-19 05:00:00,26211.07
2023-02-19 06:00:00,27542.06
2023-02-19 07:00:00,28831.88
2023-02-19 08:00:00,29046.92
2023-02-19 09:00:00,28622.28
2023-02-19 10:00:00,27815.78
2023-02-19 11:00:00,27471.06
2023-02-19 12:00:00,26783.34
2023-02-19 13:00:00,26859.31
2023-02-19 14:00:00,26719.88
2023-02-19 15:00:00,26972.93
2023-02-19 16:00:00,27501.68
2023-02-19 17:00:00,28708.83
2023-02-19 18:00:00,30358.35
2023-02-19 19:00:00,31290.77
2023-02-19 20:00:00,31187.41
2023-02-19 21:00:00,29917.37
2023-02-19 22:00:00,29287.9
2023-02-19 23:00:00,27974.84
2023-02-20 00:00:00,30793.29
2023-02-20 01:00:00,30613.34
2023-02-20 02:00:00,30740.33
2023-02-20 03:00:00,30132.01
2023-02-20 04:00:00,30937.67
2023-02-20 05:00:00,31430.53
2023-02-20 06:00:00,32569.88
2023-02-20 07:00:00,34345.57
2023-02-20 08:00:00,35450.57
2023-02-20 09:00:00,35285.67
2023-02-20 10:00:00,34427.81
2023-02-20 11:00:00,33784.16
2023-02-20 12:00:00,32767.45
2023-02-20 13:00:00,32084.56
2023-02-20 14:00:00,32366.68
2023-02-20 15:00:00,32176.93
2023-02-20 16:00:00,34022.64
2023-02-20 17:00:00,34572.44
2023-02-20 18:00:00,35975.58
2023-02-20 19:00:00,36612.0
2023-02-20 20:00:00,37026.98
2023-02-20 21:00:00,36018.65
2023-02-20 22:00:00,34845.25
2023-02-20 23:00:00,33195.82
2023-02-21 00:00:00,29883.65
2023-02-21 01:00:00,29841.69
2023-02-21 02:00:00,29420.75
2023-02-21 03:00:00,28606.16
2023-02-21 04:00:00,29016.37
2023-02-21 05:00:00,29930.61
2023-02-21 06:00:00,32156.85
2023-02-21 07:00:00,33303.38
2023-02-21 08:00:00,34522.58
2023-02-21 09:00:00,33856.68
2023-02-21 10:00:00,33987.02
2023-02-21 11:00:00,32800.28
2023-02-21 12:00:00,30566.02
2023-02-21 13:00:00,30411.15
2023-02-21 14:00:00,30788.93
2023-02-21 15:00:00,31368.91
2023-02-21 16:00:00,31977.18
2023-02-21 17:00:00,33563.53
2023-02-21 18:00:00,34911.8
2023-02-21 19:00:00,36069.17
2023-02-21 20:00:00,36419.72
2023-02-21 21:00:00,34761.42
2023-02-21 22:00:00,33869.87
2023-02-21 23:00:00,31720.75
2023-02-22 00:00:00,28917.73
2023-02-22 01:00:00,29210.94
2023-02-22 02:00:00,28853.99
2023-02-22 03:00:00,28544.66
2023-02-22 04:00:00,27959.46
2023-02-22 05:00:00,29141.87
2023-02-22 06:00:00,31094.72
2023-02-22 07:00:00,32452.19
2023-02-22 08:00:00,33168.5
2023-02-22 09:00:00,33849.63
2023-02-22 10:00:00,32683.64
2023-02-22 11:00:00,32396.55
2023-02-22 12:00:00,31290.39
2023-02-22 13:00:00,30416.08
2023-02-22 14:00:00,30702.28
2023-02-22 15:00:00,30841.79
2023-02-22 16:00:00,32224.65
2023-02-22 17:00:00,33997.05
2023-02-22 18:00:00,35084.25
2023-02-22 19:00:00,35887.24
2023-02-22 20:00:00,35419.05
2023-02-22 21:00:00,35086.21
2023-02-22 22:00:00,33960.79
2023-02-22 23:00:00,32547.03
2023-02-23 00:00:00,29681.66
2023-02-23 01:00:00,29093.25
2023-02-23 02:00:00,28264.36
2023-02-23 03:00:00,28563.86
2023-02-23 04:00:00,28868.27
2023-02-23 05:00:00,29813.05
2023-02-23 06:00:00,31701.96
2023-02-23 07:00:00,33870.75
2023-02-23 08:00:00,34382.95
2023-02-23 09:00:00,34463.91
2023-02-23 10:00:00,33746.42
2023-02-23 11:00:00,32765.62
2023-02-23 12:00:00,31461.04
2023-02-23 13:00:00,31292.81
2023-02-23 14:00:00,31471.76
2023-02-23 15:00:00,32019.46
2023-02-23 16:00:00,33279.63
2023-02-23 17:00:00,34826.94
2023-02-23 18:00:00,35602.65
2023-02-23 19:00:00,37449.76
2023-02-23 20:00:00,37053.46
2023-02-23 21:00:00,36023.23
2023-02-23 22:00:00,34592.76
2023-02-23 23:00:00,33686.18
2023-02-24 00:00:00,30754.67
2023-02-24 01:00:00,30025.87
2023-02-24 02:00:00,30456.2
2023-02-24 03:00:00,29563.14
2023-02-24 04:00:00,30347.16
2023-02-24 05:00:00,31319.54
2023-02-24 06:00:00,33095.49
2023-02-24 07:00:00,35082.57
2023-02-24 08:00:00,35125.08
2023-02-24 09:00:00,35760.93
2023-02-24 10:00:00,34953.3
2023-02-24 11:00:00,34057.03
2023-02-24 12:00:00,32976.88
2023-02-24 13:00:00,32242.28
2023-02-24 14:00:00,32236.36
2023-02-24 15:00:00,32591.23
2023-02-24 16:00:00,34457.97
2023-02-24 17:00:00,35783.13
2023-02-24 18:00:00,37443.79
2023-02-24 19:00:00,37968.52
2023-02-24 20:00:00,37857.54
2023-02-24 21:00:00,36775.74
2023-02-24 22:00:00,35797.19
2023-02-24 23:00:00,33807.48
2023-02-25 00:00:00,28291.79
2023-02-25 01:00:00,26945.02
2023-02-25 02:00:00,27161.15
2023-02-25 03:00:00,27367.44
2023-02-25 04:00:00,27180.96
2023-02-25 05:00:00,27806.85
2023-02-25 06:00:00,28718.9
2023-02-25 07:00:00,29996.23
2023-02-25 08:00:00,31705.74
2023-02-25 09:00:00,32069.37
2023-02-25 10:00:00,30698.34
2023-02-25 11:00:00,29398.37
2023-02-25 12:00:00,28007.06
2023-02-25 13:00:00,28007.83
2023-02-25 14:00:00,28289.95
2023-02-25 15:00:00,29368.07
2023-02-25 16:00:00,29998.67
2023-02-25 17:00:00,31160.86
2023-02-25 18:00:00,32198.28
2023-02-25 19:00:00,32940.54
2023-02-25 20:00:00,33614.23
2023-02-25 21:00:00,32341.31
2023-02-25 22:00:00,30204.82
2023-02-25 23:00:00,29360.89
2023-02-26 00:00:00,24998.95
2023-02-26 01:00:00,24865.25
2023-02-26 02:00:00,24924.4
2023-02-26 03:00:00,24448.13
2023-02-26 04:00:00,24591.24
2023-02-26 05:00:00,25792.4
2023-02-26 06:00:00,26307.88
2023-02-26 07:00:00,28527.79
2023-02-26 08:00:00,28532.89
2023-02-26 09:00:00,28901.87
2023-02-26 10:00:00,28135.73
2023-02-26 11:00:00,27303.74
2023-02-26 12:00:00,26561.85
2023-02-26 13:00:00,26091.45
2023-02-26 14:00:00,25673.08
2023-02-26 15:00:00,26009.06
2023-02-26 16:00:00,28189.52
2023-02-26 17:00:00,28370.97
2023-02-26 18:00:00,30007.9
2023-02-26 19:00:00,29980.04
2023-02-26 20:00:00,30454.13
2023-02-26 21:00:00,29746.28
2023-02-26 22:00:00,28750.35
2023-02-26 23:00:00,26414.8
2023-02-27 00:00:00,30700.07
2023-02-27 01:00:00,29989.66
2023-02-27 02:00:00,30152.07
2023-02-27 03:00:00,29430.16
2023-02-27 04:00:00,29704.99
2023-02-27 05:00:00,30830.97
2023-02-27 06:00:00,32096.55
2023-02-27 07:00:00,33964.73
2023-02-27 08:00:00,34854.27
2023-02-27 09:00:00,34808.13
2023-02-27 10:00:00,35082.1
2023-02-27 11:00:00,33136.83
2023-02-27 12:00:00,32537.53
2023-02-27 13:00:00,32345.24
2023-02-27 14:00:00,31912.73
2023-02-27 15:00:00,32455.41
2023-02-27 16:00:00,33982.18
2023-02-27 17:00:00,35836.48
2023-02-27 18:00:00,36571.43
2023-02-27 19:00:00,37921.21
2023-02-27 20:00:00,37419.11
2023-02-27 21:00:00,36997.81
2023-02-27 22:00:00,35712.65
2023-02-27 23:00:00,33950.59
2023-02-28 00:00:00,31389.13
2023-02-28 01:00:00,30834.42
2023-02-28 02:00:00,31025.96
2023-02-28 03:00:00,31145.02
2023-02-28 04:00:00,30622.19
2023-02-28 05:00:00,31726.53
2023-02-28 06:00:00,33671.18
2023-02-28 07:00:00,35595.18
2023-02-28 08:00:00,35795.09
2023-02-28 09:00:00,36438.95
2023-02-28 10:00:00,35872.24
2023-02-28 11:00:00,34597.6
2023-02-28 12:00:00,32768.09
2023-02-28 13:00:00,33280.51
2023-02-28 14:00:00,33668.12
2023-02-28 15:00:00,33774.94
2023-02-28 16:00:00,34510.04
2023-02-28 17:00:00,36208.17
2023-02-28 18:00:00,38513.99
2023-02-28 19:00:00,39174.06
2023-02-28 20:00:00,39096.06
2023-02-28 21:00:00,38068.39
2023-02-28 22:00:00,36236.11
2023-02-28 23:00:00,34902.05
2023-03-01 00:00:00,32199.25
2023-03-01 01:00:00,32147.34
2023-03-01 02:00:00,32102.51
2023-03-01 03:00:00,31687.68
2023-03-01 04:00:00,30973.25
2023-03-01 05:00:00,32427.75
2023-03-01 06:00:00,34097.19
2023-03-01 07:00:00,35669.02
2023-03-01 08:00:00,36314.83
2023-03-01 09:00:00,37669.86
2023-03-01 10:00:00,35411.45
2023-03-01 11:00:00,34271.91
2023-03-01 12:00:00,33666.08
2023-03-01 13:00:00,33726.46
2023-03-01 14:00:00,32654.86
2023-03-01 15:00:00,33382.83
2023-03-01 16:00:00,34920.37
2023-03-01 17:00:00,35984.79
2023-03-01 18:00:00,37312.04
2023-03-01 19:00:00,38520.18
2023-03-01 20:00:00,38366.96
2023-03-01 21:00:00,37637.77
2023-03-01 22:00:00,36188.21
2023-03-01 23:00:00,34285.05
2023-03-02 00:00:00,31474.45
2023-03-02 01:00:00,31115.88
2023-03-02 02:00:00,30773.65
2023-03-02 03:00:00,30287.92
2023-03-02 04:00:00,30388.79
2023-03-02 05:00:00,31636.24
2023-03-02 06:00:00,33189.75
2023-03-02 07:00:00,33699.05
2023-03-02 08:00:00,35270.22
2023-03-02 09:00:00,35100.93
2023-03-02 10:00:00,34405.15
2023-03-02 11:00:00,33414.21
2023-03-02 12:00:00,32410.98
2023-03-02 13:00:00,31512.12
2023-03-02 14:00:00,30820.53
2023-03-02 15:00:00,31661.17
2023-03-02 16:00:00,33364.1
2023-03-02 17:00:00,33526.43
2023-03-02 18:00:00,36330.42
2023-03-02 19:00:00,36985.06
2023-03-02 20:00:00,37211.01
2023-03-02 21:00:00,35688.34
2023-03-02 22:00:00,33500.93
2023-03-02 23:00:00,32823.5
2023-03-03 00:00:00,30328.57
2023-03-03 01:00:00,29890.62
2023-03-03 02:00:00,28915.82
2023-03-03 03:00:00,28866.83
2023-03-03 04:00:00,28796.06
2023-03-03 05:00:00,29552.99
2023-03-03 06:00:00,31647.53
2023-03-03 07:00:00,32496.12
2023-03-03 08:00:00,33679.68
2023-03-03 09:00:00,33721.14
2023-03-03 10:00:00,32800.16
2023-03-03 11:00:00,32176.75
2023-03-03 12:00:00,31481.88
2023-03-03 13:00:00,30433.74
2023-03-03 14:00:00,29960.42
2023-03-03 15:00:00,31341.83
2023-03-03 16:00:00,32742.29
2023-03-03 17:00:00,33415.59
2023-03-03 18:00:00,34958.72
2023-03-03 19:00:00,36250.49
2023-03-03 20:00:00,36641.95
2023-03-03 21:00:00,34956.79
2023-03-03 22:00:00,33194.09
2023-03-03 23:00:00,32388.99
2023-03-04 00:00:00,26184.13
2023-03-04 01:00:00,25678.67
2023-03-04 02:00:00,25161.41
2023-03-04 03:00:00,25479.26
2023-03-04 04:00:00,25492.14
2023-03-04 05:00:00,25839.18
2023-03-04 06:00:00,27467.19
2023-03-04 07:00:00,28430.68
2023-03-04 08:00:00,30134.21
2023-03-04 09:00:00,29944.32
2023-03-04 10:00:00,29231.01
2023-03-04 11:00:00,28356.29
2023-03-04 12:00:00,27492.69
2023-03-04 13:00:00,27316.87
2023-03-04 14:00:00,27231.26
2023-03-04 15:00:00,27490.86
2023-03-04 16:00:00,28810.36
2023-03-04 17:00:00,30017.07
2023-03-04 18:00:00,31054.15
2023-03-04 19:00:00,32007.97
2023-03-04 20:00:00,32018.37
2023-03-04 21:00:00,31435.82
2023-03-04 22:00:00,29838.81
2023-03-04 23:00:00,28523.57
2023-03-05 00:00:00,25160.94
2023-03-05 01:00:00,24588.85
2023-03-05 02:00:00,23693.54
2023-03-05 03:00:00,23944.52
2023-03-05 04:00:00,23942.63
2023-03-05 05:00:00,24774.24
2023-03-05 06:00:00,25922.85
2023-03-05 07:00:00,27630.47
2023-03-05 08:00:00,28240.09
2023-03-05 09:00:00,28209.45
2023-03-05 10:00:00,27965.3
2023-03-05 11:00:00,26710.93
2023-03-05 12:00:00,25816.27
2023-03-05 13:00:00,25412.11
2023-03-05 14:00:00,25257.84
2023-03-05 15:00:00,25746.77
2023-03-05 16:00:00,26433.21
2023-03-05 17:00:00,27582.41
2023-03-05 18:00:00,28694.55
2023-03-05 19:00:00,29308.43
2023-03-05 20:00:00,29465.17
2023-03-05 21:00:00,28915.21
2023-03-05 22:00:00,27766.9
2023-03-05 23:00:00,26375.45
2023-03-06 00:00:00,28682.03
2023-03-06 01:00:00,29746.29
2023-03-06 02:00:00,29156.21
2023-03-06 03:00:00,28616.47
2023-03-06 04:00:00,29265.87
2023-03-06 05:00:00,29100.99
2023-03-06 06:00:00,31560.78
2023-03-06 07:00:00,32144.14
2023-03-06 08:00:00,33618.69
2023-03-06 09:00:00,33176.54
2023-03-06 10:00:00,32810.36
2023-03-06 11:00:00,31709.33
2023-03-06 12:00:00,30431.79
2023-03-06 13:00:00,30117.68
2023-03-06 14:00:00,29847.3
2023-03-06 15:00:00,30143.32
2023-03-06 16:00:00,31182.76
2023-03-06 17:00:00,33102.64
2023-03-06 18:00:00,34020.51
2023-03-06 19:00:00,35457.67
2023-03-06 20:00:00,35512.01
2023-03-06 21:00:00,33505.51
2023-03-06 22:00:00,32947.69
2023-03-06 23:00:00,31718.84
2023-03-07 00:00:00,28301.06
2023-03-07 01:00:00,28101.42
2023-03-07 02:00:00,27829.08
2023-03-07 03:00:00,27051.31
2023-03-07 04:00:00,27349.91
2023-03-07 05:00:00,27675.08
2023-03-07 06:00:00,29648.27
2023-03-07 07:00:00,31367.13
2023-03-07 08:00:00,32441.35
2023-03-07 09:00:00,32739.08
2023-03-07 10:00:00,31299.55
2023-03-07 11:00:00,30178.43
2023-03-07 12:00:00,29968.57
2023-03-07 13:00:00,28666.26
2023-03-07 14:00:00,28768.79
2023-03-07 15:00:00,29227.06
2023-03-07 16:00:00,30059.18
2023-03-07 17:00:00,32396.88
2023-03-07 18:00:00,33121.47
2023-03-07 19:00:00,33849.27
2023-03-07 20:00:00,34085.1
2023-03-07 21:00:00,32602.42
2023-03-07 22:00:00,31593.58
2023-03-07 23:00:00,29988.19
2023-03-08 00:00:00,27822.04
2023-03-08 01:00:00,27111.77
2023-03-08 02:00:00,27296.79
2023-03-08 03:00:00,27222.71
2023-03-08 04:00:00,27211.79
2023-03-08 05:00:00,27779.66
2023-03-08 06:00:00,29437.66
2023-03-08 07:00:00,30516.68
2023-03-08 08:00:00,32140.98
2023-03-08 09:00:00,32061.8
2023-03-08 10:00:00,31880.15
2023-03-08 11:00:00,31401.1
2023-03-08 12:00:00,29684.82
2023-03-08 13:00:00,28295.02
2023-03-08 14:00:00,28912.85
2023-03-08 15:00:00,29700.3
2023-03-08 16:00:00,30849.43
2023-03-08 17:00:00,32108.67
2023-03-08 18:00:00,33989.95
2023-03-08 19:00:00,34467.19
2023-03-08 20:00:00,34628.72
2023-03-08 21:00:00,34301.82
2023-03-08 22:00:00,32292.7
2023-03-08 23:00:00,31393.48
2023-03-09 00:00:00,28056.41
2023-03-09 01:00:00,28941.0
2023-03-09 02:00:00,27734.09
2023-03-09 03:00:00,27714.17
2023-03-09 04:00:00,28150.4
2023-03-09 05:00:00,28787.37
2023-03-09 06:00:00,30599.25
2023-03-09 07:00:00,32439.81
2023-03-09 08:00:00,33735.82
2023-03-09 09:00:00,33872.07
2023-03-09 10:00:00,32825.86
2023-03-09 11:00:00,31711.36
2023-03-09 12:00:00,31603.72
2023-03-09 13:00:00,30602.04
2023-03-09 14:00:00,29996.72
2023-03-09 15:00:00,30971.34
2023-03-09 16:00:00,31975.75
2023-03-09 17:00:00,33583.07
2023-03-09 18:00:00,34728.06
2023-03-09 19:00:00,35997.09
2023-03-09 20:00:00,36814.25
2023-03-09 21:00:00,35477.56
2023-03-09 22:00:00,32950.55
2023-03-09 23:00:00,32777.36
2023-03-10 00:00:00,30035.65
2023-03-10 01:00:00,29282.5
2023-03-10 02:00:00,29304.77
2023-03-10 03:00:00,28501.47
2023-03-10 04:00:00,28838.67
2023-03-10 05:00:00,30434.85
2023-03-10 06:00:00,31333.55
2023-03-10 07:00:00,32416.2
2023-03-10 08:00:00,34160.47
2023-03-10 09:00:00,34299.88
2023-03-10 10:00:00,33985.72
2023-03-10 11:00:00,32394.8
2023-03-10 12:00:00,31206.91
2023-03-10 13:00:00,31153.33
2023-03-10 14:00:00,30824.1
2023-03-10 15:00:00,31080.41
2023-03-10 16:00:00,32847.81
2023-03-10 17:00:00,33992.69
2023-03-10 18:00:00,35398.07
2023-03-10 19:00:00,36386.81
2023-03-10 20:00:00,35934.01
2023-03-10 21:00:00,35164.81
2023-03-10 22:00:00,33845.39
2023-03-10 23:00:00,32253.33
2023-03-11 00:00:00,26473.01
2023-03-11 01:00:00,25844.31
2023-03-11 02:00:00,25714.05
2023-03-11 03:00:00,25157.09
2023-03-11 04:00:00,25662.44
2023-03-11 05:00:00,26194.12
2023-03-11 06:00:00,27361.85
2023-03-11 07:00:00,28765.67
2023-03-11 08:00:00,29385.39
2023-03-11 09:00:00,29997.19
2023-03-11 10:00:00,29111.36
2023-03-11 11:00:00,27892.4
2023-03-11 12:00:00,27524.92
2023-03-11 13:00:00,26184.57
2023-03-11 14:00:00,26455.35
2023-03-11 15:00:00,27445.63
2023-03-11 16:00:00,28156.72
2023-03-11 17:00:00,29327.8
2023-03-11 18:00:00,30725.45
2023-03-11 19:00:00,31517.06
2023-03-11 20:00:00,30912.88
2023-03-11 21:00:00,30483.57
2023-03-11 22:00:00,29855.97
2023-03-11 23:00:00,27731.39
2023-03-12 00:00:00,23709.85
2023-03-12 01:00:00,23406.16
2023-03-12 02:00:00,23254.66
2023-03-12 03:00:00,22858.88
2023-03-12 04:00:00,23386.21
2023-03-12 05:00:00,24020.84
2023-03-12 06:00:00,25463.7
2023-03-12 07:00:00,26171.77
2023-03-12 08:00:00,27336.66
2023-03-12 09:00:00,27503.85
2023-03-12 10:00:00,27130.61
2023-03-12 11:00:00,25745.1
2023-03-12 12:00:00,25514.48
2023-03-12 13:00:00,25168.44
2023-03-12 14:00:00,24430.15
2023-03-12 15:00:00,25095.95
2023-03-12 16:00:00,26019.0
2023-03-12 17:00:00,28379.47
2023-03-12 18:00:00,28556.31
2023-03-12 19:00:00,30099.05
2023-03-12 20:00:00,29103.05
2023-03-12 21:00:00,28463.57
2023-03-12 22:00:00,27387.96
2023-03-12 23:00:00,26138.73
2023-03-13 00:00:00,29474.94
2023-03-13 01:00:00,29097.88
2023-03-13 02:00:00,28731.74
2023-03-13 03:00:00,29203.27
2023-03-13 04:00:00,29461.45
2023-03-13 05:00:00,30310.2
2023-03-13 06:00:00,31720.64
2023-03-13 07:00:00,33255.75
2023-03-13 08:00:00,34208.37
2023-03-13 09:00:00,34243.23
2023-03-13 10:00:00,33995.06
2023-03-13 11:00:00,32335.33
2023-03-13 12:00:00,31419.6
2023-03-13 13:00:00,31662.66
2023-03-13 14:00:00,31978.84
2023-03-13 15:00:00,32073.96
2023-03-13 16:00:00,33486.96
2023-03-13 17:00:00,34558.64
2023-03-13 18:00:00,35712.91
2023-03-13 19:00:00,37387.5
2023-03-13 20:00:00,37421.43
2023-03-13 21:00:00,36352.6
2023-03-13 22:00:00,34801.49
2023-03-13 23:00:00,33763.9
2023-03-14 00:00:00,30409.21
2023-03-14 01:00:00,30249.86
2023-03-14 02:00:00,29826.07
2023-03-14 03:00:00,29970.08
2023-03-14 04:00:00,29773.54
2023-03-14 05:00:00,30834.83
2023-03-14 06:00:00,32358.38
2023-03-14 07:00:00,34168.68
2023-03-14 08:00:00,34863.56
2023-03-14 09:00:00,35571.2
2023-03-14 10:00:00,35227.39
2023-03-14 11:00:00,33672.36
2023-03-14 12:00:00,33138.95
2023-03-14 13:00:00,32508.53
2023-03-14 14:00:00,32316.21
2023-03-14 15:00:00,32638.32
2023-03-14 16:00:00,33726.66
2023-03-14 17:00:00,35472.2
2023-03-14 18:00:00,36543.37
2023-03-14 19:00:00,36951.12
2023-03-14 20:00:00,37766.98
2023-03-14 21:00:00,36238.67
2023-03-14 22:00:00,34789.84
2023-03-14 23:00:00,33599.7
2023-03-15 00:00:00,30827.91
2023-03-15 01:00:00,30064.27
2023-03-15 02:00:00,30205.07
2023-03-15 03:00:00,30176.95
2023-03-15 04:00:00,29588.07
2023-03-15 05:00:00,31278.83
2023-03-15 06:00:00,31749.35
2023-03-15 07:00:00,34622.48
2023-03-15 08:00:00,34794.04
2023-03-15 09:00:00,35078.84
2023-03-15 10:00:00,33550.39
2023-03-15 11:00:00,32960.94
2023-03-15 12:00:00,31974.8
2023-03-15 13:00:00,31246.18
2023-03-15 14:00:00,31022.95
2023-03-15 15:00:00,31400.36
2023-03-15 16:00:00,33179.68
2023-03-15 17:00:00,34229.05
2023-03-15 18:00:00,36183.89
2023-03-15 19:00:00,36343.41
2023-03-15 20:00:00,36316.63
2023-03-15 21:00:00,35753.37
2023-03-15 22:00:00,33354.33
2023-03-15 23:00:00,31936.29
2023-03-16 00:00:00,29978.65
2023-03-16 01:00:00,28853.87
2023-03-16 02:00:00,28191.67
2023-03-16 03:00:00,29153.09
2023-03-16 04:00:00,28138.1
2023-03-16 05:00:00,29527.03
2023-03-16 06:00:00,30938.47
2023-03-16 07:00:00,31509.91
2023-03-16 08:00:00,33453.55
2023-03-16 09:00:00,33794.42
2023-03-16 10:00:00,32950.21
2023-03-16 11:00:00,31920.03
2023-03-16 12:00:00,30391.27
2023-03-16 13:00:00,30172.11
2023-03-16 14:00:00,29642.81
2023-03-16 15:00:00,29922.93
2023-03-16 16:00:00,31038.75
2023-03-16 17:00:00,32442.55
2023-03-16 18:00:00,34763.97
2023-03-16 19:00:00,34796.35
2023-03-16 20:00:00,35398.93
2023-03-16 21:00:00,34247.01
2023-03-16 22:00:00,32798.97
2023-03-16 23:00:00,31793.35
2023-03-17 00:00:00,28443.83
2023-03-17 01:00:00,28527.37
2023-03-17 02:00:00,27938.96
2023-03-17 03:00:00,27593.12
2023-03-17 04:00:00,28629.23
2023-03-17 05:00:00,28208.66
2023-03-17 06:00:00,30669.23
2023-03-17 07:00:00,32081.07
2023-03-17 08:00:00,32791.5
2023-03-17 09:00:00,33674.85
2023-03-17 10:00:00,31701.53
2023-03-17 11:00:00,30998.35
2023-03-17 12:00:00,29735.87
2023-03-17 13:00:00,29753.26
2023-03-17 14:00:00,29234.51
2023-03-17 15:00:00,30361.05
2023-03-17 16:00:00,31272.45
2023-03-17 17:00:00,32681.92
2023-03-17 18:00:00,34491.32
2023-03-17 19:00:00,35224.81
2023-03-17 20:00:00,34960.35
2023-03-17 21:00:00,35403.0
2023-03-17 22:00:00,32788.83
2023-03-17 23:00:00,30704.17
2023-03-18 00:00:00,25051.05
2023-03-18 01:00:00,24683.12
2023-03-18 02:00:00,25103.3
2023-03-18 03:00:00,24706.87
2023-03-18 04:00:00,24914.0
2023-03-18 05:00:00,25448.18
2023-03-18 06:00:00,26822.6
2023-03-18 07:00:00,28243.51
2023-03-18 08:00:00,29332.84
2023-03-18 09:00:00,29791.52
2023-03-18 10:00:00,28958.53
2023-03-18 11:00:00,27992.98
2023-03-18 12:00:00,27094.76
2023-03-18 13:00:00,26744.18
2023-03-18 14:00:00,26544.38
2023-03-18 15:00:00,27077.06
2023-03-18 16:00:00,28350.31
2023-03-18 17:00:00,29019.12
2023-03-18 18:00:00,30261.65
2023-03-18 19:00:00,30975.63
2023-03-18 20:00:00,31453.54
2023-03-18 21:00:00,29908.53
2023-03-18 22:00:00,29405.41
2023-03-18 23:00:00,27875.43
2023-03-19 00:00:00,24185.14
2023-03-19 01:00:00,23317.95
2023-03-19 02:00:00,23158.11
2023-03-19 03:00:00,23382.72
2023-03-19 04:00:00,23605.78
2023-03-19 05:00:00,23594.41
2023-03-19 06:00:00,25108.11
2023-03-19 07:00:00,26461.02
2023-03-19 08:00:00,27367.78
2023-03-19 09:00:00,27231.06
2023-03-19 10:00:00,27114.71
2023-03-19 11:00:00,25007.58
2023-03-19 12:00:00,24640.22
2023-03-19 13:00:00,24447.28
2023-03-19 14:00:00,24413.72
2023-03-19 15:00:00,25155.31
2023-03-19 16:00:00,25971.98
2023-03-19 17:00:00,26635.77
2023-03-19 18:00:00,28366.42
2023-03-19 19:00:00,28390.91
2023-03-19 20:00:00,28922.7
2023-03-19 21:00:00,28413.23
2023-03-19 22:00:00,26939.88
2023-03-19 23:00:00,25272.81
2023-03-20 00:00:00,27905.43
2023-03-20 01:00:00,27155.46
2023-03-20 02:00:00,27361.66
2023-03-20 03:00:00,26530.44
2023-03-20 04:00:00,26765.86
2023-03-20 05:00:00,27458.06
2023-03-20 06:00:00,29158.97
2023-03-20 07:00:00,30882.16
2023-03-20 08:00:00,32032.64
2023-03-20 09:00:00,31807.51
2023-03-20 10:00:00,31570.16
2023-03-20 11:00:00,29889.22
2023-03-20 12:00:00,28597.22
2023-03-20 13:00:00,28334.94
2023-03-20 14:00:00,28890.58
2023-03-20 15:00:00,28838.78
2023-03-20 16:00:00,29655.9
2023-03-20 17:00:00,30694.19
2023-03-20 18:00:00,32592.53
2023-03-20 19:00:00,33651.25
2023-03-20 20:00:00,33393.61
2023-03-20 21:00:00,31966.99
2023-03-20 22:00:00,30730.49
2023-03-20 23:00:00,30002.06
2023-03-21 00:00:00,27271.77
2023-03-21 01:00:00,26159.59
2023-03-21 02:00:00,26302.28
2023-03-21 03:00:00,25359.7
2023-03-21 04:00:00,26427.06
2023-03-21 05:00:00,26896.39
2023-03-21 06:00:00,28634.73
2023-03-21 07:00:00,29323.13
2023-03-21 08:00:00,31257.34
2023-03-21 09:00:00,31152.55
2023-03-21 10:00:00,30688.18
2023-03-21 11:00:00,29535.06
2023-03-21 12:00:00,28209.35
2023-03-21 13:00:00,27421.27
2023-03-21 14:00:00,27916.07
2023-03-21 15:00:00,28205.68
2023-03-21 16:00:00,29049.33
2023-03-21 17:00:00,30546.34
2023-03-21 18:00:00,31860.4
2023-03-21 19:00:00,33167.64
2023-03-21 20:00:00,33761.97
2023-03-21 21:00:00,32528.64
2023-03-21 22:00:00,30829.08
2023-03-21 23:00:00,29830.55
2023-03-22 00:00:00,26606.45
2023-03-22 01:00:00,26699.81
2023-03-22 02:00:00,26268.24
2023-03-22 03:00:00,26375.95
2023-03-22 04:00:00,25780.14
2023-03-22 05:00:00,26973.78
2023-03-22 06:00:00,28252.35
2023-03-22 07:00:00,30416.77
2023-03-22 08:00:00,32087.28
2023-03-22 09:00:00,31678.23
2023-03-22 10:00:00,30965.69
2023-03-22 11:00:00,30326.48
2023-03-22 12:00:00,29416.37
2023-03-22 13:00:00,28503.42
2023-03-22 14:00:00,28829.67
2023-03-22 15:00:00,28837.68
2023-03-22 16:00:00,30862.94
2023-03-22 17:00:00,32681.08
2023-03-22 18:00:00,33652.02
2023-03-22 19:00:00,33737.12
2023-03-22 20:00:00,34325.85
2023-03-22 21:00:00,33847.46
2023-03-22 22:00:00,32051.41
2023-03-22 23:00:00,31192.88
2023-03-23 00:00:00,28316.06
2023-03-23 01:00:00,27638.77
2023-03-23 02:00:00,27565.66
2023-03-23 03:00:00,27013.79
2023-03-23 04:00:00,27488.24
2023-03-23 05:00:00,28290.33
2023-03-23 06:00:00,30439.68
2023-03-23 07:00:00,32437.33
2023-03-23 08:00:00,32334.47
2023-03-23 09:00:00,32333.93
2023-03-23 10:00:00,32187.22
2023-03-23 11:00:00,30592.2
2023-03-23 12:00:00,30131.58
2023-03-23 13:00:00,29837.56
2023-03-23 14:00:00,30119.3
2023-03-23 15:00:00,30254.25
2023-03-23 16:00:00,31242.65
2023-03-23 17:00:00,32124.45
2023-03-23 18:00:00,34322.82
2023-03-23 19:00:00,35289.99
2023-03-23 20:00:00,35495.91
2023-03-23 21:00:00,34087.17
2023-03-23 22:00:00,32698.62
2023-03-23 23:00:00,30830.93
2023-03-24 00:00:00,27859.38
2023-03-24 01:00:00,27996.15
2023-03-24 02:00:00,27449.24
2023-03-24 03:00:00,27835.03
2023-03-24 04:00:00,27707.25
2023-03-24 05:00:00,28578.46
2023-03-24 06:00:00,29912.57
2023-03-24 07:00:00,30740.57
2023-03-24 08:00:00,33485.83
2023-03-24 09:00:00,32727.62
2023-03-24 10:00:00,32148.49
2023-03-24 11:00:00,30584.6
2023-03-24 12:00:00,30377.51
2023-03-24 13:00:00,29500.89
2023-03-24 14:00:00,29137.46
2023-03-24 15:00:00,29833.8
2023-03-24 16:00:00,31643.97
2023-03-24 17:00:00,32498.97
2023-03-24 18:00:00,33921.28
2023-03-24 19:00:00,34572.9
2023-03-24 20:00:00,34215.23
2023-03-24 21:00:00,33856.63
2023-03-24 22:00:00,32516.6
2023-03-24 23:00:00,31262.09
2023-03-25 00:00:00,24005.52
2023-03-25 01:00:00,24140.09
2023-03-25 02:00:00,23979.67
2023-03-25 03:00:00,23924.74
2023-03-25 04:00:00,24019.8
2023-03-25 05:00:00,24797.47
2023-03-25 06:00:00,26293.87
2023-03-25 07:00:00,27258.39
2023-03-25 08:00:00,28862.46
2023-03-25 09:00:00,28800.83
2023-03-25 10:00:00,27857.55
2023-03-25 11:00:00,27488.54
2023-03-25 12:00:00,26559.91
2023-03-25 13:00:00,25844.79
2023-03-25 14:00:00,24462.66
2023-03-25 15:00:00,26575.42
2023-03-25 16:00:00,27283.29
2023-03-25 17:00:00,29028.57
2023-03-25 18:00:00,30076.33
2023-03-25 19:00:00,31036.96
2023-03-25 20:00:00,30806.91
2023-03-25 21:00:00,30159.55
2023-03-25 22:00:00,29096.42
2023-03-25 23:00:00,27173.29
2023-03-26 00:00:00,22524.64
2023-03-26 01:00:00,22767.6
2023-03-26 02:00:00,22727.09
2023-03-26 03:00:00,22420.76
2023-03-26 04:00:00,22137.23
2023-03-26 05:00:00,22764.58
2023-03-26 06:00:00,24343.05
2023-03-26 07:00:00,26257.38
2023-03-26 08:00:00,27469.18
2023-03-26 09:00:00,27388.71
2023-03-26 10:00:00,26850.54
2023-03-26 11:00:00,25527.41
2023-03-26 12:00:00,24140.22
2023-03-26 13:00:00,24172.03
2023-03-26 14:00:00,24285.24
2023-03-26 15:00:00,24713.8
2023-03-26 16:00:00,25863.83
2023-03-26 17:00:00,27270.61
2023-03-26 18:00:00,28680.66
2023-03-26 19:00:00,29106.05
2023-03-26 20:00:00,28586.54
2023-03-26 21:00:00,28361.14
2023-03-26 22:00:00,27376.15
2023-03-26 23:00:00,26606.32
2023-03-27 00:00:00,29109.84
2023-03-27 01:00:00,29275.23
2023-03-27 02:00:00,28878.16
2023-03-27 03:00:00,28577.73
2023-03-27 04:00:00,29127.98
2023-03-27 05:00:00,29518.6
2023-03-27 06:00:00,31108.8
2023-03-27 07:00:00,32991.07
2023-03-27 08:00:00,33927.45
2023-03-27 09:00:00,34519.2
2023-03-27 10:00:00,33376.52
2023-03-27 11:00:00,32575.19
2023-03-27 12:00:00,31472.28
2023-03-27 13:00:00,31062.49
2023-03-27 14:00:00,30867.36
2023-03-27 15:00:00,31517.19
2023-03-27 16:00:00,32816.15
2023-03-27 17:00:00,34380.0
2023-03-27 18:00:00,35824.47
2023-03-27 19:00:00,37393.8
2023-03-27 20:00:00,36476.6
2023-03-27 21:00:00,35882.44
2023-03-27 22:00:00,33887.98
2023-03-27 23:00:00,33083.7
2023-03-28 00:00:00,29903.42
2023-03-28 01:00:00,29934.8
2023-03-28 02:00:00,29531.36
2023-03-28 03:00:00,29491.74
2023-03-28 04:00:00,29383.7
2023-03-28 05:00:00,30258.09
2023-03-28 06:00:00,32468.9
2023-03-28 07:00:00,33688.95
2023-03-28 08:00:00,34485.52
2023-03-28 09:00:00,34718.81
2023-03-28 10:00:00,34600.81
2023-03-28 11:00:00,32745.02
2023-03-28 12:00:00,31529.14
2023-03-28 13:00:00,30941.61
2023-03-28 14:00:00,30960.78
2023-03-28 15:00:00,31482.87
2023-03-28 16:00:00,32320.08
2023-03-28 17:00:00,33831.73
2023-03-28 18:00:00,35382.5
2023-03-28 19:00:00,36782.27
2023-03-28 20:00:00,36400.48
2023-03-28 21:00:00,35476.21
2023-03-28 22:00:00,34461.52
2023-03-28 23:00:00,32920.76
2023-03-29 00:00:00,29648.91
2023-03-29 01:00:00,29204.4
2023-03-29 02:00:00,28693.04
2023-03-29 03:00:00,28913.01
2023-03-29 04:00:00,28727.97
2023-03-29 05:00:00,29501.36
2023-03-29 06:00:00,30802.05
2023-03-29 07:00:00,32393.44
2023-03-29 08:00:00,33823.17
2023-03-29 09:00:00,33334.2
2023-03-29 10:00:00,33322.92
2023-03-29 11:00:00,31555.18
2023-03-29 12:00:00,30600.87
2023-03-29 13:00:00,29567.74
2023-03-29 14:00:00,29977.82
2023-03-29 15:00:00,30383.48
2023-03-29 16:00:00,31539.64
2023-03-29 17:00:00,33514.77
2023-03-29 18:00:00,34498.24
2023-03-29 19:00:00,35052.72
2023-03-29 20:00:00,35036.47
2023-03-29 21:00:00,34507.93
2023-03-29 22:00:00,33225.35
2023-03-29 23:00:00,31326.37
2023-03-30 00:00:00,28761.13
2023-03-30 01:00:00,28424.17
2023-03-30 02:00:00,28294.23
2023-03-30 03:00:00,26809.75
2023-03-30 04:00:00,27877.43
2023-03-30 05:00:00,28850.94
2023-03-30 06:00:00,29516.88
2023-03-30 07:00:00,31282.8
2023-03-30 08:00:00,32377.34
2023-03-30 09:00:00,32539.99
2023-03-30 10:00:00,31845.41
2023-03-30 11:00:00,30907.26
2023-03-30 12:00:00,30079.6
2023-03-30 13:00:00,29582.42
2023-03-30 14:00:00,28903.78
2023-03-30 15:00:00,29465.7
2023-03-30 16:00:00,31330.07
2023-03-30 17:00:00,32588.93
2023-03-30 18:00:00,33879.4
2023-03-30 19:00:00,34963.07
2023-03-30 20:00:00,34794.29
2023-03-30 21:00:00,34055.61
2023-03-30 22:00:00,32278.77
2023-03-30 23:00:00,31000.52
2023-03-31 00:00:00,27725.41
2023-03-31 01:00:00,27756.49
2023-03-31 02:00:00,27398.84
2023-03-31 03:00:00,27250.25
2023-03-31 04:00:00,27258.7
2023-03-31 05:00:00,28307.64
2023-03-31 06:00:00,29490.4
2023-03-31 07:00:00,31865.53
2023-03-31 08:00:00,32770.86
2023-03-31 09:00:00,32364.88
2023-03-31 10:00:00,31928.4
2023-03-31 11:00:00,31184.46
2023-03-31 12:00:00,29866.22
2023-03-31 13:00:00,29272.55
2023-03-31 14:00:00,29513.66
2023-03-31 15:00:00,30251.86
2023-03-31 16:00:00,30761.71
2023-03-31 17:00:00,32971.75
2023-03-31 18:00:00,34005.63
2023-03-31 19:00:00,35242.06
2023-03-31 20:00:00,35255.71
2023-03-31 21:00:00,34160.16
2023-03-31 22:00:00,32516.74
2023-03-31 23:00:00,31287.79
2023-04-01 00:00:00,25857.61
2023-04-01 01:00:00,24582.7
2023-04-01 02:00:00,25327.24
2023-04-01 03:00:00,24410.87
2023-04-01 04:00:00,24679.61
2023-04-01 05:00:00,25074.06
2023-04-01 06:00:00,26509.77
2023-04-01 07:00:00,28038.03
2023-04-01 08:00:00,28816.18
2023-04-01 09:00:00,29226.02
2023-04-01 10:00:00,28476.46
2023-04-01 11:00:00,28220.78
2023-04-01 12:00:00,26243.04
2023-04-01 13:00:00,26177.14
2023-04-01 14:00:00,26211.46
2023-04-01 15:00:00,26231.99
2023-04-01 16:00:00,27803.17
2023-04-01 17:00:00,28713.97
2023-04-01 18:00:00,29262.89
2023-04-01 19:00:00,31168.0
2023-04-01 20:00:00,30517.03
2023-04-01 21:00:00,29681.05
2023-04-01 22:00:00,28946.86
2023-04-01 23:00:00,27226.68
2023-04-02 00:00:00,23586.86
2023-04-02 01:00:00,23428.74
2023-04-02 02:00:00,22430.39
2023-04-02 03:00:00,22669.66
2023-04-02 04:00:00,22235.08
2023-04-02 05:00:00,23968.21
2023-04-02 06:00:00,24133.13
2023-04-02 07:00:00,26026.06
2023-04-02 08:00:00,26819.91
2023-04-02 09:00:00,26700.7
2023-04-02 10:00:00,25679.15
2023-04-02 11:00:00,24845.13
2023-04-02 12:00:00,23245.66
2023-04-02 13:00:00,23564.66
2023-04-02 14:00:00,23556.69
2023-04-02 15:00:00,23895.5
2023-04-02 16:00:00,23666.49
2023-04-02 17:00:00,25436.25
2023-04-02 18:00:00,26783.51
2023-04-02 19:00:00,27868.57
2023-04-02 20:00:00,27817.07
2023-04-02 21:00:00,26833.61
2023-04-02 22:00:00,25846.83
2023-04-02 23:00:00,23984.18
2023-04-03 00:00:00,27182.16
2023-04-03 01:00:00,26804.59
2023-04-03 02:00:00,26335.84
2023-04-03 03:00:00,25812.4
2023-04-03 04:00:00,26646.0
2023-04-03 05:00:00,27017.46
2023-04-03 06:00:00,27961.23
2023-04-03 07:00:00,29970.64
2023-04-03 08:00:00,31205.49
2023-04-03 09:00:00,30832.2
2023-04-03 10:00:00,30614.21
2023-04-03 11:00:00,29151.12
2023-04-03 12:00:00,27128.12
2023-04-03 13:00:00,27456.85
2023-04-03 14:00:00,27179.96
2023-04-03 15:00:00,28052.0
2023-04-03 16:00:00,29280.85
2023-04-03 17:00:00,30490.67
2023-04-03 18:00:00,32472.81
2023-04-03 19:00:00,32755.15
2023-04-03 20:00:00,33025.47
2023-04-03 21:00:00,32138.7
2023-04-03 22:00:00,30331.44
2023-04-03 23:00:00,29133.6
2023-04-04 00:00:00,25996.5
2023-04-04 01:00:00,25788.27
2023-04-04 02:00:00,25105.41
2023-04-04 03:00:00,25386.48
2023-04-04 04:00:00,25610.99
2023-04-04 05:00:00,26816.62
2023-04-04 06:00:00,28204.07
2023-04-04 07:00:00,29479.73
2023-04-04 08:00:00,30294.54
2023-04-04 09:00:00,31023.69
2023-04-04 10:00:00,30525.31
2023-04-04 11:00:00,29254.56
2023-04-04 12:00:00,28369.3
2023-04-04 13:00:00,27387.9
2023-04-04 14:00:00,27336.43
2023-04-04 15:00:00,27850.36
2023-04-04 16:00:00,29240.56
2023-04-04 17:00:00,30768.72
2023-04-04 18:00:00,32398.74
2023-04-04 19:00:00,33269.73
2023-04-04 20:00:00,33316.25
2023-04-04 21:00:00,32198.26
2023-04-04 22:00:00,31362.88
2023-04-04 23:00:00,29607.9
2023-04-05 00:00:00,26915.55
2023-04-05 01:00:00,26493.64
2023-04-05 02:00:00,25961.97
2023-04-05 03:00:00,26664.52
2023-04-05 04:00:00,26634.38
2023-04-05 05:00:00,26813.84
2023-04-05 06:00:00,29204.62
2023-04-05 07:00:00,30941.36
2023-04-05 08:00:00,31814.89
2023-04-05 09:00:00,32517.95
2023-04-05 10:00:00,31317.31
2023-04-05 11:00:00,29614.28
2023-04-05 12:00:00,29248.97
2023-04-05 13:00:00,28687.17
2023-04-05 14:00:00,28432.45
2023-04-05 15:00:00,29453.83
2023-04-05 16:00:00,29818.72
2023-04-05 17:00:00,32279.23
2023-04-05 18:00:00,33146.01
2023-04-05 19:00:00,34084.5
2023-04-05 20:00:00,34421.48
2023-04-05 21:00:00,33700.82
2023-04-05 22:00:00,32147.64
2023-04-05 23:00:00,30352.94
2023-04-06 00:00:00,27805.24
2023-04-06 01:00:00,27333.63
2023-04-06 02:00:00,27291.03
2023-04-06 03:00:00,27488.6
2023-04-06 04:00:00,27306.15
2023-04-06 05:00:00,28509.99
2023-04-06 06:00:00,30231.48
2023-04-06 07:00:00,31153.0
2023-04-06 08:00:00,32400.46
2023-04-06 09:00:00,33365.53
2023-04-06 10:00:00,32345.28
2023-04-06 11:00:00,30073.33
2023-04-06 12:00:00,29754.43
2023-04-06 13:00:00,29047.98
2023-04-06 14:00:00,29327.22
2023-04-06 15:00:00,29334.41
2023-04-06 16:00:00,30398.2
2023-04-06 17:00:00,31933.22
2023-04-06 18:00:00,33438.42
2023-04-06 19:00:00,34848.25
2023-04-06 20:00:00,34130.63
2023-04-06 21:00:00,33364.03
2023-04-06 22:00:00,31447.76
2023-04-06 23:00:00,30901.24
2023-04-07 00:00:00,28318.79
2023-04-07 01:00:00,27462.5
2023-04-07 02:00:00,27069.17
2023-04-07 03:00:00,27033.69
2023-04-07 04:00:00,27547.44
2023-04-07 05:00:00,28039.18
2023-04-07 06:00:00,29130.55
2023-04-07 07:00:00,30412.94
2023-04-07 08:00:00,31666.95
2023-04-07 09:00:00,32196.22
2023-04-07 10:00:00,31151.74
2023-04-07 11:00:00,30247.55
2023-04-07 12:00:00,28928.38
2023-04-07 13:00:00,28165.84
2023-04-07 14:00:00,28103.0
2023-04-07 15:00:00,29610.78
2023-04-07 16:00:00,30467.08
2023-04-07 17:00:00,32237.74
2023-04-07 18:00:00,33291.45
2023-04-07 19:00:00,33881.21
2023-04-07 20:00:00,34484.28
2023-04-07 21:00:00,33058.95
2023-04-07 22:00:00,31654.57
2023-04-07 23:00:00,30055.1
2023-04-08 00:00:00,23096.77
2023-04-08 01:00:00,24449.84
2023-04-08 02:00:00,23728.9
2023-04-08 03:00:00,23436.44
2023-04-08 04:00:00,23465.96
2023-04-08 05:00:00,24337.23
2023-04-08 06:00:00,25405.8
2023-04-08 07:00:00,27278.81
2023-04-08 08:00:00,27591.88
2023-04-08 09:00:00,28254.14
2023-04-08 10:00:00,27732.52
2023-04-08 11:00:00,26452.23
2023-04-08 12:00:00,25765.94
2023-04-08 13:00:00,24819.99
2023-04-08 14:00:00,24857.71
2023-04-08 15:00:00,25810.23
2023-04-08 16:00:00,26975.21
2023-04-08 17:00:00,27430.62
2023-04-08 18:00:00,29614.14
2023-04-08 19:00:00,30110.07
2023-04-08 20:00:00,30274.61
2023-04-08 21:00:00,29087.97
2023-04-08 22:00:00,27995.75
2023-04-08 23:00:00,27356.36
2023-04-09 00:00:00,23061.58
2023-04-09 01:00:00,22738.62
2023-04-09 02:00:00,22568.6
2023-04-09 03:00:00,22605.02
2023-04-09 04:00:00,22786.44
2023-04-09 05:00:00,23386.39
2023-04-09 06:00:00,25079.54
2023-04-09 07:00:00,26425.07
2023-04-09 08:00:00,27186.45
2023-04-09 09:00:00,27226.44
2023-04-09 10:00:00,26862.31
2023-04-09 11:00:00,25828.53
2023-04-09 12:00:00,25293.7
2023-04-09 13:00:00,24826.88
2023-04-09 14:00:00,24206.85
2023-04-09 15:00:00,24700.4
2023-04-09 16:00:00,25795.75
2023-04-09 17:00:00,27656.53
2023-04-09 18:00:00,28029.93
2023-04-09 19:00:00,29540.33
2023-04-09 20:00:00,29576.24
2023-04-09 21:00:00,29129.79
2023-04-09 22:00:00,27611.41
2023-04-09 23:00:00,25888.89
2023-04-10 00:00:00,29214.22
2023-04-10 01:00:00,28911.81
2023-04-10 02:00:00,28804.57
2023-04-10 03:00:00,28699.46
2023-04-10 04:00:00,28578.78
2023-04-10 05:00:00,30430.77
2023-04-10 06:00:00,30992.66
2023-04-10 07:00:00,33591.6
2023-04-10 08:00:00,34669.03
2023-04-10 09:00:00,34734.74
2023-04-10 10:00:00,33437.29
2023-04-10 11:00:00,32643.74
2023-04-10 12:00:00,31061.07
2023-04-10 13:00:00,31278.87
2023-04-10 14:00:00,30946.32
2023-04-10 15:00:00,31406.96
2023-04-10 16:00:00,32238.37
2023-04-10 17:00:00,33295.54
2023-04-10 18:00:00,35284.67
2023-04-10 19:00:00,36977.12
2023-04-10 20:00:00,36441.38
2023-04-10 21:00:00,35572.84
2023-04-10 22:00:00,34363.57
2023-04-10 23:00:00,33249.12
2023-04-11 00:00:00,30420.1
2023-04-11 01:00:00,29323.31
2023-04-11 02:00:00,28582.36
2023-04-11 03:00:00,29789.76
2023-04-11 04:00:00,29912.19
2023-04-11 05:00:00,30044.43
2023-04-11 06:00:00,31005.68
2023-04-11 07:00:00,33383.39
2023-04-11 08:00:00,34074.93
2023-04-11 09:00:00,34172.93
2023-04-11 10:00:00,33720.09
2023-04-11 11:00:00,32303.94
2023-04-11 12:00:00,30693.77
2023-04-11 13:00:00,30386.37
2023-04-11 14:00:00,30684.8
2023-04-11 15:00:00,31153.23
2023-04-11 16:00:00,32128.26
2023-04-11 17:00:00,33807.04
2023-04-11 18:00:00,34789.55
2023-04-11 19:00:00,35871.13
2023-04-11 20:00:00,34577.61
2023-04-11 21:00:00,34610.05
2023-04-11 22:00:00,33498.44
2023-04-11 23:00:00,31542.18
2023-04-12 00:00:00,28824.66
2023-04-12 01:00:00,28301.81
2023-04-12 02:00:00,28590.66
2023-04-12 03:00:00,28111.0
2023-04-12 04:00:00,28343.46
2023-04-12 05:00:00,28295.64
2023-04-12 06:00:00,30303.87
2023-04-12 07:00:00,31849.73
2023-04-12 08:00:00,32911.35
2023-04-12 09:00:00,32892.5
2023-04-12 10:00:00,32183.8
2023-04-12 11:00:00,31387.88
2023-04-12 12:00:00,29351.96
2023-04-12 13:00:00,30047.11
2023-04-12 14:00:00,29563.38
2023-04-12 15:00:00,29919.24
2023-04-12 16:00:00,31335.2
2023-04-12 17:00:00,31978.25
2023-04-12 18:00:00,33717.2
2023-04-12 19:00:00,34830.3
2023-04-12 20:00:00,35334.05
2023-04-12 21:00:00,33883.62
2023-04-12 22:00:00,32558.81
2023-04-12 23:00:00,30682.57
2023-04-13 00:00:00,28412.08
2023-04-13 01:00:00,28550.89
2023-04-13 02:00:00,27930.8
2023-04-13 03:00:00,27280.23
2023-04-13 04:00:00,27728.78
2023-04-13 05:00:00,28588.93
2023-04-13 06:00:00,30074.4
2023-04-13 07:00:00,31924.8
2023-04-13 08:00:00,33035.26
2023-04-13 09:00:00,32754.35
2023-04-13 10:00:00,32272.05
2023-04-13 11:00:00,30750.5
2023-04-13 12:00:00,29543.79
2023-04-13 13:00:00,29226.98
2023-04-13 14:00:00,29313.74
2023-04-13 15:00:00,29348.18
2023-04-13 16:00:00,31362.82
2023-04-13 17:00:00,31608.68
2023-04-13 18:00:00,35036.42
2023-04-13 19:00:00,35578.64
2023-04-13 20:00:00,34987.21
2023-04-13 21:00:00,34165.86
2023-04-13 22:00:00,32808.09
2023-04-13 23:00:00,31019.34
2023-04-14 00:00:00,28681.04
2023-04-14 01:00:00,28316.36
2023-04-14 02:00:00,27980.58
2023-04-14 03:00:00,27829.01
2023-04-14 04:00:00,27512.07
2023-04-14 05:00:00,28899.83
2023-04-14 06:00:00,30470.18
2023-04-14 07:00:00,32110.18
2023-04-14 08:00:00,33113.03
2023-04-14 09:00:00,33744.17
2023-04-14 10:00:00,32474.59
2023-04-14 11:00:00,31515.75
2023-04-14 12:00:00,30869.85
2023-04-14 13:00:00,29836.46
2023-04-14 14:00:00,29949.15
2023-04-14 15:00:00,30417.07
2023-04-14 16:00:00,32000.02
2023-04-14 17:00:00,32973.24
2023-04-14 18:00:00,34999.4
2023-04-14 19:00:00,35455.42
2023-04-14 20:00:00,35188.12
2023-04-14 21:00:00,34779.47
2023-04-14 22:00:00,32940.47
2023-04-14 23:00:00,31750.96
2023-04-15 00:00:00,24462.88
2023-04-15 01:00:00,25165.87
2023-04-15 02:00:00,24653.44
2023-04-15 03:00:00,24182.98
2023-04-15 04:00:00,24500.34
2023-04-15 05:00:00,25253.3
2023-04-15 06:00:00,26735.18
2023-04-15 07:00:00,27680.03
2023-04-15 08:00:00,29209.51
2023-04-15 09:00:00,29665.95
2023-04-15 10:00:00,28577.87
2023-04-15 11:00:00,27688.88
2023-04-15 12:00:00,26839.24
2023-04-15 13:00:00,26351.55
2023-04-15 14:00:00,26529.78
2023-04-15 15:00:00,26155.82
2023-04-15 16:00:00,27009.21
2023-04-15 17:00:00,28800.11
2023-04-15 18:00:00,30030.97
2023-04-15 19:00:00,30832.55
2023-04-15 20:00:00,31170.28
2023-04-15 21:00:00,29630.85
2023-04-15 22:00:00,28413.41
2023-04-15 23:00:00,26543.41
2023-04-16 00:00:00,23588.2
2023-04-16 01:00:00,22446.4
2023-04-16 02:00:00,22092.28
2023-04-16 03:00:00,21800.99
2023-04-16 04:00:00,21791.73
2023-04-16 05:00:00,22438.23
2023-04-16 06:00:00,23689.64
2023-04-16 07:00:00,24677.97
2023-04-16 08:00:00,25732.03
2023-04-16 09:00:00,26749.24
2023-04-16 10:00:00,25644.57
2023-04-16 11:00:00,24693.16
2023-04-16 12:00:00,23881.65
2023-04-16 13:00:00,23599.03
2023-04-16 14:00:00,22287.58
2023-04-16 15:00:00,22895.35
2023-04-16 16:00:00,23908.15
2023-04-16 17:00:00,25203.89
2023-04-16 18:00:00,26437.42
2023-04-16 19:00:00,27116.97
2023-04-16 20:00:00,27310.5
2023-04-16 21:00:00,26435.87
2023-04-16 22:00:00,24915.54
2023-04-16 23:00:00,23140.93
2023-04-17 00:00:00,26130.32
2023-04-17 01:00:00,25976.6
2023-04-17 02:00:00,25670.14
2023-04-17 03:00:00,25057.43
2023-04-17 04:00:00,25435.12
2023-04-17 05:00:00,26076.73
2023-04-17 06:00:00,27910.94
2023-04-17 07:00:00,29191.01
2023-04-17 08:00:00,30356.7
2023-04-17 09:00:00,30321.28
2023-04-17 10:00:00,29950.74
2023-04-17 11:00:00,28516.4
2023-04-17 12:00:00,28098.78
2023-04-17 13:00:00,27358.93
2023-04-17 14:00:00,27194.25
2023-04-17 15:00:00,27513.31
2023-04-17 16:00:00,29043.83
2023-04-17 17:00:00,30656.08
2023-04-17 18:00:00,31963.39
2023-04-17 19:00:00,33433.64
2023-04-17 20:00:00,33053.05
2023-04-17 21:00:00,32292.35
2023-04-17 22:00:00,30557.45
2023-04-17 23:00:00,29271.56
2023-04-18 00:00:00,26154.77
2023-04-18 01:00:00,26031.84
2023-04-18 02:00:00,25969.24
2023-04-18 03:00:00,25728.87
2023-04-18 04:00:00,26005.75
2023-04-18 05:00:00,27142.45
2023-04-18 06:00:00,27803.03
2023-04-18 07:00:00,29632.69
2023-04-18 08:00:00,31199.85
2023-04-18 09:00:00,31047.97
2023-04-18 10:00:00,31763.18
2023-04-18 11:00:00,29628.62
2023-04-18 12:00:00,28431.94
2023-04-18 13:00:00,27761.28
2023-04-18 14:00:00,27819.57
2023-04-18 15:00:00,28613.14
2023-04-18 16:00:00,29798.25
2023-04-18 17:00:00,31138.08
2023-04-18 18:00:00,32733.42
2023-04-18 19:00:00,34287.18
2023-04-18 20:00:00,34346.52
2023-04-18 21:00:00,33052.63
2023-04-18 22:00:00,31051.74
2023-04-18 23:00:00,30249.23
2023-04-19 00:00:00,28016.87
2023-04-19 01:00:00,27719.18
2023-04-19 02:00:00,27156.25
2023-04-19 03:00:00,27160.53
2023-04-19 04:00:00,26898.19
2023-04-19 05:00:00,28023.03
2023-04-19 06:00:00,29100.5
2023-04-19 07:00:00,31100.87
2023-04-19 08:00:00,32594.27
2023-04-19 09:00:00,32086.1
2023-04-19 10:00:00,31248.78
2023-04-19 11:00:00,30427.04
2023-04-19 12:00:00,29297.48
2023-04-19 13:00:00,29056.29
2023-04-19 14:00:00,28683.75
2023-04-19 15:00:00,30023.74
2023-04-19 16:00:00,30090.01
2023-04-19 17:00:00,32479.58
2023-04-19 18:00:00,33262.72
2023-04-19 19:00:00,33846.21
2023-04-19 20:00:00,34558.44
2023-04-19 21:00:00,33442.2
2023-04-19 22:00:00,31652.12
2023-04-19 23:00:00,29942.9
2023-04-20 00:00:00,27892.86
2023-04-20 01:00:00,27953.98
2023-04-20 02:00:00,27425.89
2023-04-20 03:00:00,26953.47
2023-04-20 04:00:00,27266.93
2023-04-20 05:00:00,27962.51
2023-04-20 06:00:00,28956.52
2023-04-20 07:00:00,30569.23
2023-04-20 08:00:00,32076.31
2023-04-20 09:00:00,32206.07
2023-04-20 10:00:00,31770.52
2023-04-20 11:00:00,30534.13
2023-04-20 12:00:00,29419.97
2023-04-20 13:00:00,28519.18
2023-04-20 14:00:00,28105.97
2023-04-20 15:00:00,29273.9
2023-04-20 16:00:00,30395.29
2023-04-20 17:00:00,30839.82
2023-04-20 18:00:00,32840.79
2023-04-20 19:00:00,33805.22
2023-04-20 20:00:00,34061.43
2023-04-20 21:00:00,32770.29
2023-04-20 22:00:00,31525.48
2023-04-20 23:00:00,29937.2
2023-04-21 00:00:00,27305.65
2023-04-21 01:00:00,26814.59
2023-04-21 02:00:00,26440.94
2023-04-21 03:00:00,25992.71
2023-04-21 04:00:00,26666.57
2023-04-21 05:00:00,27606.47
2023-04-21 06:00:00,28625.4
2023-04-21 07:00:00,31043.94
2023-04-21 08:00:00,31492.77
2023-04-21 09:00:00,32266.9
2023-04-21 10:00:00,30733.81
2023-04-21 11:00:00,29065.72
2023-04-21 12:00:00,28878.13
2023-04-21 13:00:00,28259.79
2023-04-21 14:00:00,28186.12
2023-04-21 15:00:00,28522.09
2023-04-21 16:00:00,29851.71
2023-04-21 17:00:00,31187.07
2023-04-21 18:00:00,32757.68
2023-04-21 19:00:00,34115.34
2023-04-21 20:00:00,33903.5
2023-04-21 21:00:00,33131.51
2023-04-21 22:00:00,31373.83
2023-04-21 23:00:00,29858.84
2023-04-22 00:00:00,23694.3
2023-04-22 01:00:00,23756.22
2023-04-22 02:00:00,22420.11
2023-04-22 03:00:00,23167.88
2023-04-22 04:00:00,23540.38
2023-04-22 05:00:00,24586.68
2023-04-22 06:00:00,25657.89
2023-04-22 07:00:00,27349.21
2023-04-22 08:00:00,27478.01
2023-04-22 09:00:00,28387.28
2023-04-22 10:00:00,27192.34
2023-04-22 11:00:00,26368.44
2023-04-22 12:00:00,25864.86
2023-04-22 13:00:00,25931.73
2023-04-22 14:00:00,25666.7
2023-04-22 15:00:00,26096.76
2023-04-22 16:00:00,27114.81
2023-04-22 17:00:00,28240.79
2023-04-22 18:00:00,29663.4
2023-04-22 19:00:00,30889.5
2023-04-22 20:00:00,30313.01
2023-04-22 21:00:00,30234.88
2023-04-22 22:00:00,28641.63
2023-04-22 23:00:00,27802.8
2023-04-23 00:00:00,23879.27
2023-04-23 01:00:00,22788.03
2023-04-23 02:00:00,22913.59
2023-04-23 03:00:00,22647.41
2023-04-23 04:00:00,22514.65
2023-04-23 05:00:00,23570.38
2023-04-23 06:00:00,26071.32
2023-04-23 07:00:00,26817.85
2023-04-23 08:00:00,28229.66
2023-04-23 09:00:00,28010.56
2023-04-23 10:00:00,26880.37
2023-04-23 11:00:00,26085.93
2023-04-23 12:00:00,25621.18
2023-04-23 13:00:00,25148.33
2023-04-23 14:00:00,24833.31
2023-04-23 15:00:00,25011.74
2023-04-23 16:00:00,27637.95
2023-04-23 17:00:00,27696.56
2023-04-23 18:00:00,28882.51
2023-04-23 19:00:00,29839.37
2023-04-23 20:00:00,29743.48
2023-04-23 21:00:00,29125.39
2023-04-23 22:00:00,28337.82
2023-04-23 23:00:00,26633.15
2023-04-24 00:00:00,29529.41
2023-04-24 01:00:00,29627.28
2023-04-24 02:00:00,29159.8
2023-04-24 03:00:00,29561.75
2023-04-24 04:00:00,29666.28
2023-04-24 05:00:00,30192.62
2023-04-24 06:00:00,31216.73
2023-04-24 07:00:00,32867.69
2023-04-24 08:00:00,34404.09
2023-04-24 09:00:00,34650.8
2023-04-24 10:00:00,33629.92
2023-04-24 11:00:00,32405.04
2023-04-24 12:00:00,31318.4
2023-04-24 13:00:00,30938.41
2023-04-24 14:00:00,30094.05
2023-04-24 15:00:00,31090.34
2023-04-24 16:00:00,32343.22
2023-04-24 17:00:00,34452.44
2023-04-24 18:00:00,35202.46
2023-04-24 19:00:00,36462.85
2023-04-24 20:00:00,36447.62
2023-04-24 21:00:00,35847.37
2023-04-24 22:00:00,34313.24
2023-04-24 23:00:00,32311.72
2023-04-25 00:00:00,29509.51
2023-04-25 01:00:00,29131.12
2023-04-25 02:00:00,28859.46
2023-04-25 03:00:00,28476.84
2023-04-25 04:00:00,28961.57
2023-04-25 05:00:00,29761.88
2023-04-25 06:00:00,31282.03
2023-04-25 07:00:00,33101.55
2023-04-25 08:00:00,34371.02
2023-04-25 09:00:00,33855.97
2023-04-25 10:00:00,33387.09
2023-04-25 11:00:00,31656.3
2023-04-25 12:00:00,31115.11
2023-04-25 13:00:00,30464.03
2023-04-25 14:00:00,30401.59
2023-04-25 15:00:00,30607.43
2023-04-25 16:00:00,31408.93
2023-04-25 17:00:00,32606.8
2023-04-25 18:00:00,34526.69
2023-04-25 19:00:00,35981.46
2023-04-25 20:00:00,35300.37
2023-04-25 21:00:00,34707.08
2023-04-25 22:00:00,33208.03
2023-04-25 23:00:00,31279.36
2023-04-26 00:00:00,29194.26
2023-04-26 01:00:00,27415.14
2023-04-26 02:00:00,27600.88
2023-04-26 03:00:00,27411.71
2023-04-26 04:00:00,27605.77
2023-04-26 05:00:00,28881.7
2023-04-26 06:00:00,30352.82
2023-04-26 07:00:00,32004.96
2023-04-26 08:00:00,33166.33
2023-04-26 09:00:00,32753.31
2023-04-26 10:00:00,31886.52
2023-04-26 11:00:00,31267.91
2023-04-26 12:00:00,29870.75
2023-04-26 13:00:00,28976.76
2023-04-26 14:00:00,29867.09
2023-04-26 15:00:00,30587.24
2023-04-26 16:00:00,31759.53
2023-04-26 17:00:00,32780.27
2023-04-26 18:00:00,34428.85
2023-04-26 19:00:00,35643.23
2023-04-26 20:00:00,34953.46
2023-04-26 21:00:00,34640.7
2023-04-26 22:00:00,32879.32
2023-04-26 23:00:00,31619.22
2023-04-27 00:00:00,28771.6
2023-04-27 01:00:00,28909.42
2023-04-27 02:00:00,28178.55
2023-04-27 03:00:00,27332.27
2023-04-27 04:00:00,28567.23
2023-04-27 05:00:00,28644.37
2023-04-27 06:00:00,30946.03
2023-04-27 07:00:00,32134.15
2023-04-27 08:00:00,33708.67
2023-04-27 09:00:00,33861.11
2023-04-27 10:00:00,32878.13
2023-04-27 11:00:00,31756.21
2023-04-27 12:00:00,30720.18
2023-04-27 13:00:00,29331.87
2023-04-27 14:00:00,30105.49
2023-04-27 15:00:00,30269.2
2023-04-27 16:00:00,31856.31
2023-04-27 17:00:00,32914.69
2023-04-27 18:00:00,34409.9
2023-04-27 19:00:00,36352.18
2023-04-27 20:00:00,36187.56
2023-04-27 21:00:00,34891.19
2023-04-27 22:00:00,33490.37
2023-04-27 23:00:00,31854.18
2023-04-28 00:00:00,29544.94
2023-04-28 01:00:00,28850.24
2023-04-28 02:00:00,29068.03
2023-04-28 03:00:00,28368.46
2023-04-28 04:00:00,28499.69
2023-04-28 05:00:00,29550.15
2023-04-28 06:00:00,30842.89
2023-04-28 07:00:00,32795.78
2023-04-28 08:00:00,33593.64
2023-04-28 09:00:00,34079.28
2023-04-28 10:00:00,33568.38
2023-04-28 11:00:00,31702.76
2023-04-28 12:00:00,30861.33
2023-04-28 13:00:00,30488.93
2023-04-28 14:00:00,30155.9
2023-04-28 15:00:00,31018.11
2023-04-28 16:00:00,32135.9
2023-04-28 17:00:00,33786.41
2023-04-28 18:00:00,34650.78
2023-04-28 19:00:00,35442.85
2023-04-28 20:00:00,35630.72
2023-04-28 21:00:00,34420.59
2023-04-28 22:00:00,33430.48
2023-04-28 23:00:00,31281.27
2023-04-29 00:00:00,26366.11
2023-04-29 01:00:00,25721.57
2023-04-29 02:00:00,24895.6
2023-04-29 03:00:00,24909.01
2023-04-29 04:00:00,24145.37
2023-04-29 05:00:00,26336.16
2023-04-29 06:00:00,26519.62
2023-04-29 07:00:00,28066.8
2023-04-29 08:00:00,28376.67
2023-04-29 09:00:00,29263.44
2023-04-29 10:00:00,27976.86
2023-04-29 11:00:00,27306.04
2023-04-29 12:00:00,26111.76
2023-04-29 13:00:00,25370.3
2023-04-29 14:00:00,25406.37
2023-04-29 15:00:00,26207.52
2023-04-29 16:00:00,26596.82
2023-04-29 17:00:00,28036.64
2023-04-29 18:00:00,29777.71
2023-04-29 19:00:00,31225.6
2023-04-29 20:00:00,30422.61
2023-04-29 21:00:00,29046.58
2023-04-29 22:00:00,27872.47
2023-04-29 23:00:00,26631.86
2023-04-30 00:00:00,22492.29
2023-04-30 01:00:00,22654.77
2023-04-30 02:00:00,22053.05
2023-04-30 03:00:00,22020.67
2023-04-30 04:00:00,21693.23
2023-04-30 05:00:00,22950.06
2023-04-30 06:00:00,23615.48
2023-04-30 07:00:00,24626.53
2023-04-30 08:00:00,26590.44
2023-04-30 09:00:00,25262.23
2023-04-30 10:00:00,24976.1
2023-04-30 11:00:00,24012.18
2023-04-30 12:00:00,24226.27
2023-04-30 13:00:00,23485.57
2023-04-30 14:00:00,23344.99
2023-04-30 15:00:00,23144.12
2023-04-30 16:00:00,24993.13
2023-04-30 17:00:00,25473.11
2023-04-30 18:00:00,26882.78
2023-04-30 19:00:00,27357.39
2023-04-30 20:00:00,27261.18
2023-04-30 21:00:00,26404.4
2023-04-30 22:00:00,25188.94
2023-04-30 23:00:00,24234.34
2023-05-01 00:00:00,26809.97
2023-05-01 01:00:00,26392.93
2023-05-01 02:00:00,26551.78
2023-05-01 03:00:00,24713.09
2023-05-01 04:00:00,26115.83
2023-05-01 05:00:00,27085.96
2023-05-01 06:00:00,28750.09
2023-05-01 07:00:00,29968.73
2023-05-01 08:00:00,31182.19
2023-05-01 09:00:00,31610.22
2023-05-01 10:00:00,31041.77
2023-05-01 11:00:00,29258.71
2023-05-01 12:00:00,28447.11
2023-05-01 13:00:00,28403.74
2023-05-01 14:00:00,27100.72
2023-05-01 15:00:00,28201.33
2023-05-01 16:00:00,30097.87
2023-05-01 17:00:00,31493.42
2023-05-01 18:00:00,32814.15
2023-05-01 19:00:00,33452.93
2023-05-01 20:00:00,33339.39
2023-05-01 21:00:00,32538.22
2023-05-01 22:00:00,31840.18
2023-05-01 23:00:00,29616.25
2023-05-02 00:00:00,27309.72
2023-05-02 01:00:00,26779.07
2023-05-02 02:00:00,27000.76
2023-05-02 03:00:00,26285.85
2023-05-02 04:00:00,26663.81
2023-05-02 05:00:00,27040.79
2023-05-02 06:00:00,28610.67
2023-05-02 07:00:00,30849.09
2023-05-02 08:00:00,31525.58
2023-05-02 09:00:00,32903.55
2023-05-02 10:00:00,30718.26
2023-05-02 11:00:00,30018.65
2023-05-02 12:00:00,29305.79
2023-05-02 13:00:00,28642.73
2023-05-02 14:00:00,28416.55
2023-05-02 15:00:00,29067.58
2023-05-02 16:00:00,30195.88
2023-05-02 17:00:00,31962.87
2023-05-02 18:00:00,34257.76
2023-05-02 19:00:00,34568.35
2023-05-02 20:00:00,34977.85
2023-05-02 21:00:00,33819.97
2023-05-02 22:00:00,32564.17
2023-05-02 23:00:00,29707.83
2023-05-03 00:00:00,27994.4
2023-05-03 01:00:00,28297.32
2023-05-03 02:00:00,27270.32
2023-05-03 03:00:00,27821.19
2023-05-03 04:00:00,27910.28
2023-05-03 05:00:00,28119.67
2023-05-03 06:00:00,29612.16
2023-05-03 07:00:00,31061.81
2023-05-03 08:00:00,32294.87
2023-05-03 09:00:00,32215.47
2023-05-03 10:00:00,32023.02
2023-05-03 11:00:00,30174.25
2023-05-03 12:00:00,29847.57
2023-05-03 13:00:00,29277.19
2023-05-03 14:00:00,28458.49
2023-05-03 15:00:00,30132.03
2023-05-03 16:00:00,30858.88
2023-05-03 17:00:00,32412.04
2023-05-03 18:00:00,33345.74
2023-05-03 19:00:00,34746.4
2023-05-03 20:00:00,34897.1
2023-05-03 21:00:00,33499.52
2023-05-03 22:00:00,32720.09
2023-05-03 23:00:00,30503.23
2023-05-04 00:00:00,28258.9
2023-05-04 01:00:00,27659.08
2023-05-04 02:00:00,27351.93
2023-05-04 03:00:00,26257.78
2023-05-04 04:00:00,27123.22
2023-05-04 05:00:00,27595.36
2023-05-04 06:00:00,29029.49
2023-05-04 07:00:00,31535.78
2023-05-04 08:00:00,31923.16
2023-05-04 09:00:00,31755.26
2023-05-04 10:00:00,31186.48
2023-05-04 11:00:00,29650.64
2023-05-04 12:00:00,29545.84
2023-05-04 13:00:00,28210.52
2023-05-04 14:00:00,28613.96
2023-05-04 15:00:00,29448.44
2023-05-04 16:00:00,29886.98
2023-05-04 17:00:00,31720.81
2023-05-04 18:00:00,32641.09
2023-05-04 19:00:00,34783.67
2023-05-04 20:00:00,34241.76
2023-05-04 21:00:00,32893.18
2023-05-04 22:00:00,31194.17
2023-05-04 23:00:00,29915.08
2023-05-05 00:00:00,27235.24
2023-05-05 01:00:00,27762.91
2023-05-05 02:00:00,26272.2
2023-05-05 03:00:00,26478.32
2023-05-05 04:00:00,26612.43
2023-05-05 05:00:00,27476.87
2023-05-05 06:00:00,28995.57
2023-05-05 07:00:00,30637.58
2023-05-05 08:00:00,32103.79
2023-05-05 09:00:00,32169.41
2023-05-05 10:00:00,31360.32
2023-05-05 11:00:00,28999.02
2023-05-05 12:00:00,29159.35
2023-05-05 13:00:00,27941.89
2023-05-05 14:00:00,28780.57
2023-05-05 15:00:00,29675.03
2023-05-05 16:00:00,29983.53
2023-05-05 17:00:00,31750.01
2023-05-05 18:00:00,33160.85
2023-05-05 19:00:00,34791.46
2023-05-05 20:00:00,34441.32
2023-05-05 21:00:00,34122.19
2023-05-05 22:00:00,32228.64
2023-05-05 23:00:00,30721.09
2023-05-06 00:00:00,24751.33
2023-05-06 01:00:00,24825.31
2023-05-06 02:00:00,23650.54
2023-05-06 03:00:00,24102.52
2023-05-06 04:00:00,24263.64
2023-05-06 05:00:00,25382.21
2023-05-06 06:00:00,26443.78
2023-05-06 07:00:00,27638.89
2023-05-06 08:00:00,29034.5
2023-05-06 09:00:00,28833.88
2023-05-06 10:00:00,27925.31
2023-05-06 11:00:00,27876.67
2023-05-06 12:00:00,26974.22
2023-05-06 13:00:00,26498.51
2023-05-06 14:00:00,26850.03
2023-05-06 15:00:00,26720.52
2023-05-06 16:00:00,27487.71
2023-05-06 17:00:00,29335.45
2023-05-06 18:00:00,30602.38
2023-05-06 19:00:00,31314.52
2023-05-06 20:00:00,31636.9
2023-05-06 21:00:00,30676.15
2023-05-06 22:00:00,28992.24
2023-05-06 23:00:00,28209.43
2023-05-07 00:00:00,23953.66
2023-05-07 01:00:00,24253.55
2023-05-07 02:00:00,23675.36
2023-05-07 03:00:00,24111.35
2023-05-07 04:00:00,24472.19
2023-05-07 05:00:00,24916.31
2023-05-07 06:00:00,25404.59
2023-05-07 07:00:00,27844.56
2023-05-07 08:00:00,28804.88
2023-05-07 09:00:00,28402.22
2023-05-07 10:00:00,28257.83
2023-05-07 11:00:00,26659.87
2023-05-07 12:00:00,25373.23
2023-05-07 13:00:00,25317.32
2023-05-07 14:00:00,26205.19
2023-05-07 15:00:00,25558.66
2023-05-07 16:00:00,27002.59
2023-05-07 17:00:00,28248.22
2023-05-07 18:00:00,29281.73
2023-05-07 19:00:00,30083.39
2023-05-07 20:00:00,30266.64
2023-05-07 21:00:00,29272.51
2023-05-07 22:00:00,27750.4
2023-05-07 23:00:00,27086.73
2023-05-08 00:00:00,30719.4
2023-05-08 01:00:00,30364.38
2023-05-08 02:00:00,29384.37
2023-05-08 03:00:00,28940.67
2023-05-08 04:00:00,29442.55
2023-05-08 05:00:00,30960.5
2023-05-08 06:00:00,32119.01
2023-05-08 07:00:00,33744.81
2023-05-08 08:00:00,34885.84
2023-05-08 09:00:00,34830.98
2023-05-08 10:00:00,33930.1
2023-05-08 11:00:00,32909.25
2023-05-08 12:00:00,31417.9
2023-05-08 13:00:00,30514.97
2023-05-08 14:00:00,31226.24
2023-05-08 15:00:00,31937.48
2023-05-08 16:00:00,32184.66
2023-05-08 17:00:00,34317.39
2023-05-08 18:00:00,36063.71
2023-05-08 19:00:00,36377.04
2023-05-08 20:00:00,36051.93
2023-05-08 21:00:00,35399.62
2023-05-08 22:00:00,33637.5
2023-05-08 23:00:00,32072.06
2023-05-09 00:00:00,29813.9
2023-05-09 01:00:00,28789.44
2023-05-09 02:00:00,28428.51
2023-05-09 03:00:00,28630.17
2023-05-09 04:00:00,28761.1
2023-05-09 05:00:00,29744.36
2023-05-09 06:00:00,31750.59
2023-05-09 07:00:00,32728.49
2023-05-09 08:00:00,33972.94
2023-05-09 09:00:00,33530.57
2023-05-09 10:00:00,33347.43
2023-05-09 11:00:00,31689.79
2023-05-09 12:00:00,30839.74
2023-05-09 13:00:00,30189.95
2023-05-09 14:00:00,30568.24
2023-05-09 15:00:00,30297.85
2023-05-09 16:00:00,31050.52
2023-05-09 17:00:00,33253.06
2023-05-09 18:00:00,34964.66
2023-05-09 19:00:00,35786.19
2023-05-09 20:00:00,36156.92
2023-05-09 21:00:00,34931.79
2023-05-09 22:00:00,33091.94
2023-05-09 23:00:00,30972.14
2023-05-10 00:00:00,29120.82
2023-05-10 01:00:00,29294.8
2023-05-10 02:00:00,28425.18
2023-05-10 03:00:00,28307.47
2023-05-10 04:00:00,28637.34
2023-05-10 05:00:00,29037.55
2023-05-10 06:00:00,31129.84
2023-05-10 07:00:00,33131.63
2023-05-10 08:00:00,33619.53
2023-05-10 09:00:00,33443.21
2023-05-10 10:00:00,33071.69
2023-05-10 11:00:00,31161.64
2023-05-10 12:00:00,31048.24
2023-05-10 13:00:00,30550.81
2023-05-10 14:00:00,31005.74
2023-05-10 15:00:00,30948.18
2023-05-10 16:00:00,32298.4
2023-05-10 17:00:00,33376.78
2023-05-10 18:00:00,35069.6
2023-05-10 19:00:00,35634.28
2023-05-10 20:00:00,36132.35
2023-05-10 21:00:00,35184.39
2023-05-10 22:00:00,33942.05
2023-05-10 23:00:00,32149.01
2023-05-11 00:00:00,29847.6
2023-05-11 01:00:00,29461.03
2023-05-11 02:00:00,29114.51
2023-05-11 03:00:00,29016.44
2023-05-11 04:00:00,29214.5
2023-05-11 05:00:00,30386.46
2023-05-11 06:00:00,31610.2
2023-05-11 07:00:00,33187.31
2023-05-11 08:00:00,34375.05
2023-05-11 09:00:00,34350.46
2023-05-11 10:00:00,33731.83
2023-05-11 11:00:00,33411.1
2023-05-11 12:00:00,31364.79
2023-05-11 13:00:00,31039.39
2023-05-11 14:00:00,31015.22
2023-05-11 15:00:00,31644.96
2023-05-11 16:00:00,32735.4
2023-05-11 17:00:00,34449.13
2023-05-11 18:00:00,35243.01
2023-05-11 19:00:00,37149.24
2023-05-11 20:00:00,37007.93
2023-05-11 21:00:00,35407.12
2023-05-11 22:00:00,33556.04
2023-05-11 23:00:00,32497.42
2023-05-12 00:00:00,30164.84
2023-05-12 01:00:00,30866.24
2023-05-12 02:00:00,29757.79
2023-05-12 03:00:00,28642.23
2023-05-12 04:00:00,29192.88
2023-05-12 05:00:00,30280.81
2023-05-12 06:00:00,31864.29
2023-05-12 07:00:00,32914.79
2023-05-12 08:00:00,34396.98
2023-05-12 09:00:00,34294.8
2023-05-12 10:00:00,33355.32
2023-05-12 11:00:00,32612.53
2023-05-12 12:00:00,31713.55
2023-05-12 13:00:00,31126.31
2023-05-12 14:00:00,30983.22
2023-05-12 15:00:00,31125.03
2023-05-12 16:00:00,32605.53
2023-05-12 17:00:00,33900.52
2023-05-12 18:00:00,35266.82
2023-05-12 19:00:00,35888.71
2023-05-12 20:00:00,35868.37
2023-05-12 21:00:00,35064.09
2023-05-12 22:00:00,34342.01
2023-05-12 23:00:00,32025.95
2023-05-13 00:00:00,25551.23
2023-05-13 01:00:00,25174.88
2023-05-13 02:00:00,24901.24
2023-05-13 03:00:00,25534.92
2023-05-13 04:00:00,24732.66
2023-05-13 05:00:00,25912.7
2023-05-13 06:00:00,26726.6
2023-05-13 07:00:00,28323.56
2023-05-13 08:00:00,29419.27
2023-05-13 09:00:00,29003.32
2023-05-13 10:00:00,28245.89
2023-05-13 11:00:00,27954.81
2023-05-13 12:00:00,26749.8
2023-05-13 13:00:00,26127.99
2023-05-13 14:00:00,26069.63
2023-05-13 15:00:00,26399.6
2023-05-13 16:00:00,27867.48
2023-05-13 17:00:00,28437.26
2023-05-13 18:00:00,29879.58
2023-05-13 19:00:00,29949.23
2023-05-13 20:00:00,30120.87
2023-05-13 21:00:00,29114.79
2023-05-13 22:00:00,28629.04
2023-05-13 23:00:00,25925.64
2023-05-14 00:00:00,22702.63
2023-05-14 01:00:00,21537.11
2023-05-14 02:00:00,21950.65
2023-05-14 03:00:00,21815.25
2023-05-14 04:00:00,22592.63
2023-05-14 05:00:00,22950.97
2023-05-14 06:00:00,23730.39
2023-05-14 07:00:00,25710.75
2023-05-14 08:00:00,26229.48
2023-05-14 09:00:00,26333.25
2023-05-14 10:00:00,25257.63
2023-05-14 11:00:00,24354.25
2023-05-14 12:00:00,23554.26
2023-05-14 13:00:00,23389.94
2023-05-14 14:00:00,23395.89
2023-05-14 15:00:00,24372.89
2023-05-14 16:00:00,24877.43
2023-05-14 17:00:00,25021.24
2023-05-14 18:00:00,27283.18
2023-05-14 19:00:00,27463.08
2023-05-14 20:00:00,27641.7
2023-05-14 21:00:00,26934.34
2023-05-14 22:00:00,25780.48
2023-05-14 23:00:00,24314.06
2023-05-15 00:00:00,27759.21
2023-05-15 01:00:00,26943.81
2023-05-15 02:00:00,27207.99
2023-05-15 03:00:00,27619.08
2023-05-15 04:00:00,26580.56
2023-05-15 05:00:00,27866.15
2023-05-15 06:00:00,28617.58
2023-05-15 07:00:00,31057.99
2023-05-15 08:00:00,32524.51
2023-05-15 09:00:00,32724.21
2023-05-15 10:00:00,31768.9
2023-05-15 11:00:00,30910.55
2023-05-15 12:00:00,30491.96
2023-05-15 13:00:00,29672.72
2023-05-15 14:00:00,28926.66
2023-05-15 15:00:00,29206.8
2023-05-15 16:00:00,30719.14
2023-05-15 17:00:00,32058.82
2023-05-15 18:00:00,34069.43
2023-05-15 19:00:00,34475.76
2023-05-15 20:00:00,34899.01
2023-05-15 21:00:00,34310.31
2023-05-15 22:00:00,32528.55
2023-05-15 23:00:00,30762.17
2023-05-16 00:00:00,28967.74
2023-05-16 01:00:00,27655.81
2023-05-16 02:00:00,27848.19
2023-05-16 03:00:00,27701.84
2023-05-16 04:00:00,27928.84
2023-05-16 05:00:00,28900.19
2023-05-16 06:00:00,30576.31
2023-05-16 07:00:00,32000.16
2023-05-16 08:00:00,33004.2
2023-05-16 09:00:00,33143.97
2023-05-16 10:00:00,32320.65
2023-05-16 11:00:00,31643.17
2023-05-16 12:00:00,30115.38
2023-05-16 13:00:00,30080.59
2023-05-16 14:00:00,29794.5
2023-05-16 15:00:00,30175.69
2023-05-16 16:00:00,31684.11
2023-05-16 17:00:00,32702.92
2023-05-16 18:00:00,34661.08
2023-05-16 19:00:00,35447.16
2023-05-16 20:00:00,35155.04
2023-05-16 21:00:00,34595.65
2023-05-16 22:00:00,33101.91
2023-05-16 23:00:00,31797.52
2023-05-17 00:00:00,29147.86
2023-05-17 01:00:00,28689.35
2023-05-17 02:00:00,27722.6
2023-05-17 03:00:00,28677.94
2023-05-17 04:00:00,27486.69
2023-05-17 05:00:00,29174.29
2023-05-17 06:00:00,30469.38
2023-05-17 07:00:00,31508.69
2023-05-17 08:00:00,32948.71
2023-05-17 09:00:00,33071.33
2023-05-17 10:00:00,32758.13
2023-05-17 11:00:00,30839.94
2023-05-17 12:00:00,29929.15
2023-05-17 13:00:00,28604.57
2023-05-17 14:00:00,29993.65
2023-05-17 15:00:00,29544.79
2023-05-17 16:00:00,31108.29
2023-05-17 17:00:00,32415.45
2023-05-17 18:00:00,33866.52
2023-05-17 19:00:00,35091.55
2023-05-17 20:00:00,35359.11
2023-05-17 21:00:00,33886.92
2023-05-17 22:00:00,32508.94
2023-05-17 23:00:00,30860.4
2023-05-18 00:00:00,28508.45
2023-05-18 01:00:00,27688.12
2023-05-18 02:00:00,27819.77
2023-05-18 03:00:00,27532.43
2023-05-18 04:00:00,27679.68
2023-05-18 05:00:00,27937.23
2023-05-18 06:00:00,29592.51
2023-05-18 07:00:00,31346.6
2023-05-18 08:00:00,31869.08
2023-05-18 09:00:00,33030.65
2023-05-18 10:00:00,31690.6
2023-05-18 11:00:00,30606.15
2023-05-18 12:00:00,29262.75
2023-05-18 13:00:00,28431.49
2023-05-18 14:00:00,28681.69
2023-05-18 15:00:00,29538.69
2023-05-18 16:00:00,30810.88
2023-05-18 17:00:00,32130.45
2023-05-18 18:00:00,33689.28
2023-05-18 19:00:00,34404.02
2023-05-18 20:00:00,34710.89
2023-05-18 21:00:00,34132.34
2023-05-18 22:00:00,32394.31
2023-05-18 23:00:00,30952.04
2023-05-19 00:00:00,28238.62
2023-05-19 01:00:00,27366.25
2023-05-19 02:00:00,27180.19
2023-05-19 03:00:00,27466.85
2023-05-19 04:00:00,27523.35
2023-05-19 05:00:00,28611.94
2023-05-19 06:00:00,30591.87
2023-05-19 07:00:00,31935.02
2023-05-19 08:00:00,33272.28
2023-05-19 09:00:00,33053.07
2023-05-19 10:00:00,32024.43
2023-05-19 11:00:00,31162.76
2023-05-19 12:00:00,29922.88
2023-05-19 13:00:00,30243.98
2023-05-19 14:00:00,30034.28
2023-05-19 15:00:00,30569.4
2023-05-19 16:00:00,31992.34
2023-05-19 17:00:00,32409.16
2023-05-19 18:00:00,34872.18
2023-05-19 19:00:00,35215.78
2023-05-19 20:00:00,35739.24
2023-05-19 21:00:00,34758.6
2023-05-19 22:00:00,33680.96
2023-05-19 23:00:00,32095.08
2023-05-20 00:00:00,26454.63
2023-05-20 01:00:00,25593.54
2023-05-20 02:00:00,25779.36
2023-05-20 03:00:00,25407.54
2023-05-20 04:00:00,24997.98
2023-05-20 05:00:00,26091.41
2023-05-20 06:00:00,27742.44
2023-05-20 07:00:00,29676.36
2023-05-20 08:00:00,30476.39
2023-05-20 09:00:00,30082.36
2023-05-20 10:00:00,29822.49
2023-05-20 11:00:00,29593.6
2023-05-20 12:00:00,28066.86
2023-05-20 13:00:00,27466.5
2023-05-20 14:00:00,27800.32
2023-05-20 15:00:00,28441.38
2023-05-20 16:00:00,29035.14
2023-05-20 17:00:00,30726.0
2023-05-20 18:00:00,31781.65
2023-05-20 19:00:00,33015.22
2023-05-20 20:00:00,32858.57
2023-05-20 21:00:00,32172.3
2023-05-20 22:00:00,30460.56
2023-05-20 23:00:00,29144.87
2023-05-21 00:00:00,25686.33
2023-05-21 01:00:00,25125.72
2023-05-21 02:00:00,24962.12
2023-05-21 03:00:00,24548.17
2023-05-21 04:00:00,25133.74
2023-05-21 05:00:00,25348.93
2023-05-21 06:00:00,26757.56
2023-05-21 07:00:00,28424.58
2023-05-21 08:00:00,29469.65
2023-05-21 09:00:00,28991.97
2023-05-21 10:00:00,29234.26
2023-05-21 11:00:00,27690.15
2023-05-21 12:00:00,26363.12
2023-05-21 13:00:00,26388.76
2023-05-21 14:00:00,26116.84
2023-05-21 15:00:00,26858.64
2023-05-21 16:00:00,27589.68
2023-05-21 17:00:00,28840.53
2023-05-21 18:00:00,29697.5
2023-05-21 19:00:00,31118.21
2023-05-21 20:00:00,30348.39
2023-05-21 21:00:00,29572.41
2023-05-21 22:00:00,28848.41
2023-05-21 23:00:00,28025.72
2023-05-22 00:00:00,30789.5
2023-05-22 01:00:00,30854.82
2023-05-22 02:00:00,30574.63
2023-05-22 03:00:00,30178.22
2023-05-22 04:00:00,29932.47
2023-05-22 05:00:00,30515.82
2023-05-22 06:00:00,31594.57
2023-05-22 07:00:00,33870.58
2023-05-22 08:00:00,35442.63
2023-05-22 09:00:00,34739.73
2023-05-22 10:00:00,34577.82
2023-05-22 11:00:00,32786.97
2023-05-22 12:00:00,32087.34
2023-05-22 13:00:00,31699.85
2023-05-22 14:00:00,31187.23
2023-05-22 15:00:00,32013.42
2023-05-22 16:00:00,32886.67
2023-05-22 17:00:00,34740.67
2023-05-22 18:00:00,36031.96
2023-05-22 19:00:00,36883.51
2023-05-22 20:00:00,37383.02
2023-05-22 21:00:00,36102.84
2023-05-22 22:00:00,34119.75
2023-05-22 23:00:00,32807.31
2023-05-23 00:00:00,30242.73
2023-05-23 01:00:00,30007.03
2023-05-23 02:00:00,30468.15
2023-05-23 03:00:00,29427.69
2023-05-23 04:00:00,28755.78
2023-05-23 05:00:00,30159.65
2023-05-23 06:00:00,31170.53
2023-05-23 07:00:00,33357.11
2023-05-23 08:00:00,33877.5
2023-05-23 09:00:00,34406.01
2023-05-23 10:00:00,33415.68
2023-05-23 11:00:00,32908.5
2023-05-23 12:00:00,31746.12
2023-05-23 13:00:00,31296.78
2023-05-23 14:00:00,31164.51
2023-05-23 15:00:00,31294.56
2023-05-23 16:00:00,33087.43
2023-05-23 17:00:00,35090.29
2023-05-23 18:00:00,36065.15
2023-05-23 19:00:00,36736.24
2023-05-23 20:00:00,36409.0
2023-05-23 21:00:00,35674.27
2023-05-23 22:00:00,34690.82
2023-05-23 23:00:00,33433.45
2023-05-24 00:00:00,30633.01
2023-05-24 01:00:00,30579.9
2023-05-24 02:00:00,30201.08
2023-05-24 03:00:00,29890.81
2023-05-24 04:00:00,29699.14
2023-05-24 05:00:00,30916.03
2023-05-24 06:00:00,32098.19
2023-05-24 07:00:00,34067.9
2023-05-24 08:00:00,35317.24
2023-05-24 09:00:00,35964.09
2023-05-24 10:00:00,34189.83
2023-05-24 11:00:00,33675.39
2023-05-24 12:00:00,33027.2
2023-05-24 13:00:00,32246.56
2023-05-24 14:00:00,32307.49
2023-05-24 15:00:00,32824.91
2023-05-24 16:00:00,34217.59
2023-05-24 17:00:00,34908.13
2023-05-24 18:00:00,36320.72
2023-05-24 19:00:00,37776.39
2023-05-24 20:00:00,37051.87
2023-05-24 21:00:00,37325.11
2023-05-24 22:00:00,35861.27
2023-05-24 23:00:00,33804.05
2023-05-25 00:00:00,31305.18
2023-05-25 01:00:00,31157.16
2023-05-25 02:00:00,30840.06
2023-05-25 03:00:00,30609.04
2023-05-25 04:00:00,30955.2
2023-05-25 05:00:00,31600.87
2023-05-25 06:00:00,33504.04
2023-05-25 07:00:00,34966.19
2023-05-25 08:00:00,35703.72
2023-05-25 09:00:00,36521.93
2023-05-25 10:00:00,34811.48
2023-05-25 11:00:00,34070.94
2023-05-25 12:00:00,33398.56
2023-05-25 13:00:00,32231.74
2023-05-25 14:00:00,32578.22
2023-05-25 15:00:00,33211.1
2023-05-25 16:00:00,33809.39
2023-05-25 17:00:00,35554.53
2023-05-25 18:00:00,36984.11
2023-05-25 19:00:00,37758.95
2023-05-25 20:00:00,38726.22
2023-05-25 21:00:00,36677.33
2023-05-25 22:00:00,35772.42
2023-05-25 23:00:00,33740.68
2023-05-26 00:00:00,30914.82
2023-05-26 01:00:00,31013.31
2023-05-26 02:00:00,30778.27
2023-05-26 03:00:00,30550.29
2023-05-26 04:00:00,30904.69
2023-05-26 05:00:00,32225.06
2023-05-26 06:00:00,32729.95
2023-05-26 07:00:00,33982.55
2023-05-26 08:00:00,35416.33
2023-05-26 09:00:00,35241.43
2023-05-26 10:00:00,34830.58
2023-05-26 11:00:00,32810.01
2023-05-26 12:00:00,32992.79
2023-05-26 13:00:00,31833.0
2023-05-26 14:00:00,30875.97
2023-05-26 15:00:00,31717.42
2023-05-26 16:00:00,33292.43
2023-05-26 17:00:00,34841.98
2023-05-26 18:00:00,35400.81
2023-05-26 19:00:00,36968.5
2023-05-26 20:00:00,35968.61
2023-05-26 21:00:00,35608.44
2023-05-26 22:00:00,34474.12
2023-05-26 23:00:00,32321.57
2023-05-27 00:00:00,25793.17
2023-05-27 01:00:00,26073.65
2023-05-27 02:00:00,25420.4
2023-05-27 03:00:00,25555.97
2023-05-27 04:00:00,25130.96
2023-05-27 05:00:00,25900.55
2023-05-27 06:00:00,26735.31
2023-05-27 07:00:00,28886.45
2023-05-27 08:00:00,29692.51
2023-05-27 09:00:00,29407.51
2023-05-27 10:00:00,29172.77
2023-05-27 11:00:00,28384.41
2023-05-27 12:00:00,26997.84
2023-05-27 13:00:00,26631.84
2023-05-27 14:00:00,26596.28
2023-05-27 15:00:00,26544.69
2023-05-27 16:00:00,28630.5
2023-05-27 17:00:00,29029.47
2023-05-27 18:00:00,30703.4
2023-05-27 19:00:00,31547.16
2023-05-27 20:00:00,31207.02
2023-05-27 21:00:00,30619.75
2023-05-27 22:00:00,29168.04
2023-05-27 23:00:00,27248.8
2023-05-28 00:00:00,23646.58
2023-05-28 01:00:00,23315.77
2023-05-28 02:00:00,23051.25
2023-05-28 03:00:00,22528.04
2023-05-28 04:00:00,23525.62
2023-05-28 05:00:00,24422.3
2023-05-28 06:00:00,25439.56
2023-05-28 07:00:00,26883.18
2023-05-28 08:00:00,27228.67
2023-05-28 09:00:00,27248.24
2023-05-28 10:00:00,26581.14
2023-05-28 11:00:00,26124.92
2023-05-28 12:00:00,25144.23
2023-05-28 13:00:00,24590.59
2023-05-28 14:00:00,25087.25
2023-05-28 15:00:00,25259.98
2023-05-28 16:00:00,25754.42
2023-05-28 17:00:00,27054.32
2023-05-28 18:00:00,28771.06
2023-05-28 19:00:00,29692.48
2023-05-28 20:00:00,29545.14
2023-05-28 21:00:00,29268.48
2023-05-28 22:00:00,27983.26
2023-05-28 23:00:00,26359.11
2023-05-29 00:00:00,29162.64
2023-05-29 01:00:00,28757.25
2023-05-29 02:00:00,28733.97
2023-05-29 03:00:00,28892.6
2023-05-29 04:00:00,29482.6
2023-05-29 05:00:00,29912.06
2023-05-29 06:00:00,31710.99
2023-05-29 07:00:00,32877.68
2023-05-29 08:00:00,34314.97
2023-05-29 09:00:00,34552.99
2023-05-29 10:00:00,32835.36
2023-05-29 11:00:00,32232.76
2023-05-29 12:00:00,31701.37
2023-05-29 13:00:00,30925.87
2023-05-29 14:00:00,30433.7
2023-05-29 15:00:00,30591.97
2023-05-29 16:00:00,32444.38
2023-05-29 17:00:00,34058.07
2023-05-29 18:00:00,35275.2
2023-05-29 19:00:00,36591.21
2023-05-29 20:00:00,36731.18
2023-05-29 21:00:00,35857.41
2023-05-29 22:00:00,33319.92
2023-05-29 23:00:00,32188.0
2023-05-30 00:00:00,30014.75
2023-05-30 01:00:00,30050.51
2023-05-30 02:00:00,29642.1
2023-05-30 03:00:00,29359.94
2023-05-30 04:00:00,29237.23
2023-05-30 05:00:00,30139.75
2023-05-30 06:00:00,31493.96
2023-05-30 07:00:00,33636.15
2023-05-30 08:00:00,34133.87
2023-05-30 09:00:00,34875.34
2023-05-30 10:00:00,33866.81
2023-05-30 11:00:00,32579.43
2023-05-30 12:00:00,31307.98
2023-05-30 13:00:00,30474.78
2023-05-30 14:00:00,30695.42
2023-05-30 15:00:00,31346.66
2023-05-30 16:00:00,31712.95
2023-05-30 17:00:00,33934.05
2023-05-30 18:00:00,35778.82
2023-05-30 19:00:00,36561.72
2023-05-30 20:00:00,36154.5
2023-05-30 21:00:00,35366.5
2023-05-30 22:00:00,33631.61
2023-05-30 23:00:00,32337.61
2023-05-31 00:00:00,30257.59
2023-05-31 01:00:00,29745.47
2023-05-31 02:00:00,29170.37
2023-05-31 03:00:00,28502.55
2023-05-31 04:00:00,29079.44
2023-05-31 05:00:00,29077.21
2023-05-31 06:00:00,31043.91
2023-05-31 07:00:00,32927.74
2023-05-31 08:00:00,34046.92
2023-05-31 09:00:00,34122.48
2023-05-31 10:00:00,33188.88
2023-05-31 11:00:00,31802.83
2023-05-31 12:00:00,30989.93
2023-05-31 13:00:00,29870.42
2023-05-31 14:00:00,29875.35
2023-05-31 15:00:00,30730.18
2023-05-31 16:00:00,31850.05
2023-05-31 17:00:00,32615.78
2023-05-31 18:00:00,34873.93
2023-05-31 19:00:00,35904.12
2023-05-31 20:00:00,35586.13
2023-05-31 21:00:00,35484.08
2023-05-31 22:00:00,32911.47
2023-05-31 23:00:00,31507.99
2023-06-01 00:00:00,28959.17
2023-06-01 01:00:00,28789.77
2023-06-01 02:00:00,28317.13
2023-06-01 03:00:00,27663.95
2023-06-01 04:00:00,28147.05
2023-06-01 05:00:00,29197.74
2023-06-01 06:00:00,31172.14
2023-06-01 07:00:00,33152.31
2023-06-01 08:00:00,33963.88
2023-06-01 09:00:00,33378.21
2023-06-01 10:00:00,32658.75
2023-06-01 11:00:00,31689.15
2023-06-01 12:00:00,31358.6
2023-06-01 13:00:00,30138.8
2023-06-01 14:00:00,29760.99
2023-06-01 15:00:00,30650.89
2023-06-01 16:00:00,32236.3
2023-06-01 17:00:00,33743.16
2023-06-01 18:00:00,34957.21
2023-06-01 19:00:00,36251.71
2023-06-01 20:00:00,35262.88
2023-06-01 21:00:00,35201.19
2023-06-01 22:00:00,34029.96
2023-06-01 23:00:00,31987.13
2023-06-02 00:00:00,29516.59
2023-06-02 01:00:00,28939.78
2023-06-02 02:00:00,29829.05
2023-06-02 03:00:00,28807.32
2023-06-02 04:00:00,29387.05
2023-06-02 05:00:00,30467.39
2023-06-02 06:00:00,32353.52
2023-06-02 07:00:00,33465.97
2023-06-02 08:00:00,34500.05
2023-06-02 09:00:00,34954.4
2023-06-02 10:00:00,34645.38
2023-06-02 11:00:00,33025.91
2023-06-02 12:00:00,31784.55
2023-06-02 13:00:00,31083.53
2023-06-02 14:00:00,31262.65
2023-06-02 15:00:00,32628.65
2023-06-02 16:00:00,33391.04
2023-06-02 17:00:00,34849.83
2023-06-02 18:00:00,36362.95
2023-06-02 19:00:00,37650.56
2023-06-02 20:00:00,37601.47
2023-06-02 21:00:00,36711.0
2023-06-02 22:00:00,35854.07
2023-06-02 23:00:00,34477.74
2023-06-03 00:00:00,27135.52
2023-06-03 01:00:00,27623.71
2023-06-03 02:00:00,26952.28
2023-06-03 03:00:00,26943.59
2023-06-03 04:00:00,27343.58
2023-06-03 05:00:00,27987.42
2023-06-03 06:00:00,29507.12
2023-06-03 07:00:00,31135.54
2023-06-03 08:00:00,32010.33
2023-06-03 09:00:00,31836.8
2023-06-03 10:00:00,31201.62
2023-06-03 11:00:00,29910.76
2023-06-03 12:00:00,29232.5
2023-06-03 13:00:00,29746.58
2023-06-03 14:00:00,28804.41
2023-06-03 15:00:00,29183.88
2023-06-03 16:00:00,30707.56
2023-06-03 17:00:00,31885.19
2023-06-03 18:00:00,33174.6
2023-06-03 19:00:00,34575.2
2023-06-03 20:00:00,34282.03
2023-06-03 21:00:00,33080.78
2023-06-03 22:00:00,31812.37
2023-06-03 23:00:00,30463.18
2023-06-04 00:00:00,26788.09
2023-06-04 01:00:00,26146.62
2023-06-04 02:00:00,25310.5
2023-06-04 03:00:00,25689.47
2023-06-04 04:00:00,25307.94
2023-06-04 05:00:00,27329.2
2023-06-04 06:00:00,27447.12
2023-06-04 07:00:00,29050.7
2023-06-04 08:00:00,30085.97
2023-06-04 09:00:00,29990.27
2023-06-04 10:00:00,29343.37
2023-06-04 11:00:00,28606.21
2023-06-04 12:00:00,28123.02
2023-06-04 13:00:00,27372.73
2023-06-04 14:00:00,27597.91
2023-06-04 15:00:00,27156.23
2023-06-04 16:00:00,28519.2
2023-06-04 17:00:00,29661.28
2023-06-04 18:00:00,30922.22
2023-06-04 19:00:00,32027.94
2023-06-04 20:00:00,31443.57
2023-06-04 21:00:00,30581.08
2023-06-04 22:00:00,29665.48
2023-06-04 23:00:00,27598.83
2023-06-05 00:00:00,31784.61
2023-06-05 01:00:00,31518.04
2023-06-05 02:00:00,30835.14
2023-06-05 03:00:00,31225.96
2023-06-05 04:00:00,30638.96
2023-06-05 05:00:00,31827.72
2023-06-05 06:00:00,33457.42
2023-06-05 07:00:00,35435.63
2023-06-05 08:00:00,36039.42
2023-06-05 09:00:00,36488.76
2023-06-05 10:00:00,35622.58
2023-06-05 11:00:00,34225.62
2023-06-05 12:00:00,32751.51
2023-06-05 13:00:00,32053.81
2023-06-05 14:00:00,32581.63
2023-06-05 15:00:00,32913.88
2023-06-05 16:00:00,34528.74
2023-06-05 17:00:00,35956.04
2023-06-05 18:00:00,37113.21
2023-06-05 19:00:00,37714.77
2023-06-05 20:00:00,38301.44
2023-06-05 21:00:00,36829.42
2023-06-05 22:00:00,35440.8
2023-06-05 23:00:00,33870.2
2023-06-06 00:00:00,31659.51
2023-06-06 01:00:00,31858.67
2023-06-06 02:00:00,31084.7
2023-06-06 03:00:00,30676.47
2023-06-06 04:00:00,30499.91
2023-06-06 05:00:00,32140.11
2023-06-06 06:00:00,33202.46
2023-06-06 07:00:00,35173.58
2023-06-06 08:00:00,36139.74
2023-06-06 09:00:00,36725.3
2023-06-06 10:00:00,35643.35
2023-06-06 11:00:00,34532.73
2023-06-06 12:00:00,33723.27
2023-06-06 13:00:00,33762.59
2023-06-06 14:00:00,33372.55
2023-06-06 15:00:00,33637.01
2023-06-06 16:00:00,34818.06
2023-06-06 17:00:00,36165.56
2023-06-06 18:00:00,37542.33
2023-06-06 19:00:00,38664.51
2023-06-06 20:00:00,38629.49
2023-06-06 21:00:00,38228.4
2023-06-06 22:00:00,36180.07
2023-06-06 23:00:00,35560.67
2023-06-07 00:00:00,32883.5
2023-06-07 01:00:00,32395.7
2023-06-07 02:00:00,32050.33
2023-06-07 03:00:00,31621.74
2023-06-07 04:00:00,32132.02
2023-06-07 05:00:00,33346.64
2023-06-07 06:00:00,34260.59
2023-06-07 07:00:00,35635.76
2023-06-07 08:00:00,37555.44
2023-06-07 09:00:00,37593.3
2023-06-07 10:00:00,36352.99
2023-06-07 11:00:00,35338.76
2023-06-07 12:00:00,34286.65
2023-06-07 13:00:00,33794.2
2023-06-07 14:00:00,33956.04
2023-06-07 15:00:00,34564.18
2023-06-07 16:00:00,35556.94
2023-06-07 17:00:00,37026.69
2023-06-07 18:00:00,38709.27
2023-06-07 19:00:00,39799.69
2023-06-07 20:00:00,39637.45
2023-06-07 21:00:00,39216.01
2023-06-07 22:00:00,37502.98
2023-06-07 23:00:00,35263.98
2023-06-08 00:00:00,33485.49
2023-06-08 01:00:00,33233.64
2023-06-08 02:00:00,32480.06
2023-06-08 03:00:00,31821.99
2023-06-08 04:00:00,32513.21
2023-06-08 05:00:00,33378.41
2023-06-08 06:00:00,34469.99
2023-06-08 07:00:00,35959.33
2023-06-08 08:00:00,37510.95
2023-06-08 09:00:00,37566.68
2023-06-08 10:00:00,36702.63
2023-06-08 11:00:00,35604.1
2023-06-08 12:00:00,34172.76
2023-06-08 13:00:00,33800.04
2023-06-08 14:00:00,34093.21
2023-06-08 15:00:00,34304.89
2023-06-08 16:00:00,34902.26
2023-06-08 17:00:00,36762.47
2023-06-08 18:00:00,37984.34
2023-06-08 19:00:00,39338.46
2023-06-08 20:00:00,39299.06
2023-06-08 21:00:00,37605.71
2023-06-08 22:00:00,36904.43
2023-06-08 23:00:00,34684.47
2023-06-09 00:00:00,33043.06
2023-06-09 01:00:00,32142.71
2023-06-09 02:00:00,31279.05
2023-06-09 03:00:00,30975.9
2023-06-09 04:00:00,31612.12
2023-06-09 05:00:00,32176.2
2023-06-09 06:00:00,33715.62
2023-06-09 07:00:00,35876.27
2023-06-09 08:00:00,36102.02
2023-06-09 09:00:00,36438.08
2023-06-09 10:00:00,36081.31
2023-06-09 11:00:00,34433.8
2023-06-09 12:00:00,32675.74
2023-06-09 13:00:00,32785.37
2023-06-09 14:00:00,32136.19
2023-06-09 15:00:00,33540.45
2023-06-09 16:00:00,33807.73
2023-06-09 17:00:00,36566.75
2023-06-09 18:00:00,37466.86
2023-06-09 19:00:00,37559.06
2023-06-09 20:00:00,37789.57
2023-06-09 21:00:00,37050.97
2023-06-09 22:00:00,35523.39
2023-06-09 23:00:00,33851.88
2023-06-10 00:00:00,27839.82
2023-06-10 01:00:00,27079.04
2023-06-10 02:00:00,26623.11
2023-06-10 03:00:00,26354.56
2023-06-10 04:00:00,26903.56
2023-06-10 05:00:00,27484.04
2023-06-10 06:00:00,28753.7
2023-06-10 07:00:00,30339.05
2023-06-10 08:00:00,30290.09
2023-06-10 09:00:00,31217.14
2023-06-10 10:00:00,30493.2
2023-06-10 11:00:00,29947.84
2023-06-10 12:00:00,27904.54
2023-06-10 13:00:00,28476.97
2023-06-10 14:00:00,27948.89
2023-06-10 15:00:00,28587.23
2023-06-10 16:00:00,29975.14
2023-06-10 17:00:00,30896.32
2023-06-10 18:00:00,32147.39
2023-06-10 19:00:00,32923.67
2023-06-10 20:00:00,32674.65
2023-06-10 21:00:00,32011.99
2023-06-10 22:00:00,30472.19
2023-06-10 23:00:00,29395.38
2023-06-11 00:00:00,24540.74
2023-06-11 01:00:00,25297.98
2023-06-11 02:00:00,24809.29
2023-06-11 03:00:00,24526.27
2023-06-11 04:00:00,24887.29
2023-06-11 05:00:00,25057.32
2023-06-11 06:00:00,27487.32
2023-06-11 07:00:00,28133.54
2023-06-11 08:00:00,29044.22
2023-06-11 09:00:00,28892.72
2023-06-11 10:00:00,28634.1
2023-06-11 11:00:00,28168.04
2023-06-11 12:00:00,27220.07
2023-06-11 13:00:00,26717.62
2023-06-11 14:00:00,26632.89
2023-06-11 15:00:00,26805.74
2023-06-11 16:00:00,27357.16
2023-06-11 17:00:00,29041.31
2023-06-11 18:00:00,30269.6
2023-06-11 19:00:00,31513.99
2023-06-11 20:00:00,31277.11
2023-06-11 21:00:00,30981.86
2023-06-11 22:00:00,29637.83
2023-06-11 23:00:00,27845.92
2023-06-12 00:00:00,31036.7
2023-06-12 01:00:00,31897.8
2023-06-12 02:00:00,31528.99
2023-06-12 03:00:00,30319.35
2023-06-12 04:00:00,31523.35
2023-06-12 05:00:00,32033.27
2023-06-12 06:00:00,33472.01
2023-06-12 07:00:00,35621.38
2023-06-12 08:00:00,36637.8
2023-06-12 09:00:00,36539.16
2023-06-12 10:00:00,35715.25
2023-06-12 11:00:00,34588.54
2023-06-12 12:00:00,33197.2
2023-06-12 13:00:00,32750.74
2023-06-12 14:00:00,32448.05
2023-06-12 15:00:00,33207.74
2023-06-12 16:00:00,34295.66
2023-06-12 17:00:00,35681.6
2023-06-12 18:00:00,37422.09
2023-06-12 19:00:00,38185.9
2023-06-12 20:00:00,38456.17
2023-06-12 21:00:00,36749.48
2023-06-12 22:00:00,35767.62
2023-06-12 23:00:00,34325.14
2023-06-13 00:00:00,31632.87
2023-06-13 01:00:00,31378.95
2023-06-13 02:00:00,30474.33
2023-06-13 03:00:00,30847.63
2023-06-13 04:00:00,31096.58
2023-06-13 05:00:00,31896.8
2023-06-13 06:00:00,33554.06
2023-06-13 07:00:00,34852.35
2023-06-13 08:00:00,36012.04
2023-06-13 09:00:00,35995.95
2023-06-13 10:00:00,35374.41
2023-06-13 11:00:00,33360.36
2023-06-13 12:00:00,32521.12
2023-06-13 13:00:00,32780.93
2023-06-13 14:00:00,31318.98
2023-06-13 15:00:00,32654.42
2023-06-13 16:00:00,34178.63
2023-06-13 17:00:00,35183.25
2023-06-13 18:00:00,36514.55
2023-06-13 19:00:00,37599.49
2023-06-13 20:00:00,37387.34
2023-06-13 21:00:00,36537.19
2023-06-13 22:00:00,34758.8
2023-06-13 23:00:00,33842.52
2023-06-14 00:00:00,31403.22
2023-06-14 01:00:00,30547.26
2023-06-14 02:00:00,29693.05
2023-06-14 03:00:00,29686.56
2023-06-14 04:00:00,29953.85
2023-06-14 05:00:00,31054.07
2023-06-14 06:00:00,31998.96
2023-06-14 07:00:00,33685.52
2023-06-14 08:00:00,35211.25
2023-06-14 09:00:00,35476.48
2023-06-14 10:00:00,34144.69
2023-06-14 11:00:00,32699.52
2023-06-14 12:00:00,33265.64
2023-06-14 13:00:00,31813.8
2023-06-14 14:00:00,31435.77
2023-06-14 15:00:00,32394.75
2023-06-14 16:00:00,33152.85
2023-06-14 17:00:00,34991.3
2023-06-14 18:00:00,36230.56
2023-06-14 19:00:00,37153.77
2023-06-14 20:00:00,37090.44
2023-06-14 21:00:00,35693.03
2023-06-14 22:00:00,35405.65
2023-06-14 23:00:00,32912.4
2023-06-15 00:00:00,30276.48
2023-06-15 01:00:00,30428.47
2023-06-15 02:00:00,29813.92
2023-06-15 03:00:00,29888.31
2023-06-15 04:00:00,30360.95
2023-06-15 05:00:00,31393.86
2023-06-15 06:00:00,32872.39
2023-06-15 07:00:00,34150.82
2023-06-15 08:00:00,35420.84
2023-06-15 09:00:00,35729.59
2023-06-15 10:00:00,34253.88
2023-06-15 11:00:00,33940.29
2023-06-15 12:00:00,32247.64
2023-06-15 13:00:00,32961.6
2023-06-15 14:00:00,32160.89
2023-06-15 15:00:00,32863.42
2023-06-15 16:00:00,33827.54
2023-06-15 17:00:00,35429.31
2023-06-15 18:00:00,37992.49
2023-06-15 19:00:00,38530.66
2023-06-15 20:00:00,37723.54
2023-06-15 21:00:00,37915.31
2023-06-15 22:00:00,36385.45
2023-06-15 23:00:00,34432.75
2023-06-16 00:00:00,32194.93
2023-06-16 01:00:00,31876.1
2023-06-16 02:00:00,32259.52
2023-06-16 03:00:00,31083.64
2023-06-16 04:00:00,31661.37
2023-06-16 05:00:00,32416.52
2023-06-16 06:00:00,33634.02
2023-06-16 07:00:00,36597.26
2023-06-16 08:00:00,36582.89
2023-06-16 09:00:00,37273.84
2023-06-16 10:00:00,35883.24
2023-06-16 11:00:00,35234.09
2023-06-16 12:00:00,34544.72
2023-06-16 13:00:00,33600.67
2023-06-16 14:00:00,34148.56
2023-06-16 15:00:00,34469.91
2023-06-16 16:00:00,36130.55
2023-06-16 17:00:00,37742.08
2023-06-16 18:00:00,38591.43
2023-06-16 19:00:00,39809.74
2023-06-16 20:00:00,39889.07
2023-06-16 21:00:00,39139.17
2023-06-16 22:00:00,37477.68
2023-06-16 23:00:00,36070.76
2023-06-17 00:00:00,29417.14
2023-06-17 01:00:00,29328.03
2023-06-17 02:00:00,29431.71
2023-06-17 03:00:00,28983.83
2023-06-17 04:00:00,29181.41
2023-06-17 05:00:00,29988.52
2023-06-17 06:00:00,31018.77
2023-06-17 07:00:00,32630.02
2023-06-17 08:00:00,33117.94
2023-06-17 09:00:00,34069.79
2023-06-17 10:00:00,31982.32
2023-06-17 11:00:00,31890.77
2023-06-17 12:00:00,31409.59
2023-06-17 13:00:00,30033.97
2023-06-17 14:00:00,30645.94
2023-06-17 15:00:00,30761.11
2023-06-17 16:00:00,31838.28
2023-06-17 17:00:00,33601.29
2023-06-17 18:00:00,34634.11
2023-06-17 19:00:00,34667.9
2023-06-17 20:00:00,35023.04
2023-06-17 21:00:00,34860.62
2023-06-17 22:00:00,33350.12
2023-06-17 23:00:00,32463.17
2023-06-18 00:00:00,28190.47
2023-06-18 01:00:00,27238.11
2023-06-18 02:00:00,27902.69
2023-06-18 03:00:00,26789.7
2023-06-18 04:00:00,26571.33
2023-06-18 05:00:00,27394.28
2023-06-18 06:00:00,28036.95
2023-06-18 07:00:00,30703.29
2023-06-18 08:00:00,31580.49
2023-06-18 09:00:00,30757.32
2023-06-18 10:00:00,30382.79
2023-06-18 11:00:00,29507.42
2023-06-18 12:00:00,28267.35
2023-06-18 13:00:00,27505.21
2023-06-18 14:00:00,28024.47
2023-06-18 15:00:00,28431.62
2023-06-18 16:00:00,29298.91
2023-06-18 17:00:00,30718.38
2023-06-18 18:00:00,32341.36
2023-06-18 19:00:00,32491.51
2023-06-18 20:00:00,32642.87
2023-06-18 21:00:00,32052.17
2023-06-18 22:00:00,30760.99
2023-06-18 23:00:00,29109.58
2023-06-19 00:00:00,33272.98
2023-06-19 01:00:00,33149.55
2023-06-19 02:00:00,32177.75
2023-06-19 03:00:00,32737.42
2023-06-19 04:00:00,32975.96
2023-06-19 05:00:00,33112.54
2023-06-19 06:00:00,34939.93
2023-06-19 07:00:00,36732.07
2023-06-19 08:00:00,37426.34
2023-06-19 09:00:00,37933.45
2023-06-19 10:00:00,37068.51
2023-06-19 11:00:00,35333.38
2023-06-19 12:00:00,34989.47
2023-06-19 13:00:00,33898.28
2023-06-19 14:00:00,34632.2
2023-06-19 15:00:00,34659.85
2023-06-19 16:00:00,35973.32
2023-06-19 17:00:00,38029.76
2023-06-19 18:00:00,39237.52
2023-06-19 19:00:00,39659.3
2023-06-19 20:00:00,39715.36
2023-06-19 21:00:00,38954.06
2023-06-19 22:00:00,37852.08
2023-06-19 23:00:00,36374.94
2023-06-20 00:00:00,33481.07
2023-06-20 01:00:00,33135.84
2023-06-20 02:00:00,33306.36
2023-06-20 03:00:00,32914.26
2023-06-20 04:00:00,33958.99
2023-06-20 05:00:00,34152.28
2023-06-20 06:00:00,36324.35
2023-06-20 07:00:00,36956.32
2023-06-20 08:00:00,37964.85
2023-06-20 09:00:00,38308.38
2023-06-20 10:00:00,38398.16
2023-06-20 11:00:00,37465.02
2023-06-20 12:00:00,35588.28
2023-06-20 13:00:00,35182.76
2023-06-20 14:00:00,34979.49
2023-06-20 15:00:00,35367.43
2023-06-20 16:00:00,37406.47
2023-06-20 17:00:00,38768.18
2023-06-20 18:00:00,40220.29
2023-06-20 19:00:00,40708.81
2023-06-20 20:00:00,41811.81
2023-06-20 21:00:00,40157.02
2023-06-20 22:00:00,39068.8
2023-06-20 23:00:00,36903.75
2023-06-21 00:00:00,34863.17
2023-06-21 01:00:00,34788.32
2023-06-21 02:00:00,34449.06
2023-06-21 03:00:00,34140.17
2023-06-21 04:00:00,34463.11
2023-06-21 05:00:00,34804.42
2023-06-21 06:00:00,36790.32
2023-06-21 07:00:00,38405.65
2023-06-21 08:00:00,39561.27
2023-06-21 09:00:00,39652.19
2023-06-21 10:00:00,38421.56
2023-06-21 11:00:00,37230.27
2023-06-21 12:00:00,35881.3
2023-06-21 13:00:00,36374.86
2023-06-21 14:00:00,36371.1
2023-06-21 15:00:00,36935.22
2023-06-21 16:00:00,37844.39
2023-06-21 17:00:00,38466.99
2023-06-21 18:00:00,40320.36
2023-06-21 19:00:00,41659.51
2023-06-21 20:00:00,41622.74
2023-06-21 21:00:00,40527.86
2023-06-21 22:00:00,39217.79
2023-06-21 23:00:00,37556.66
2023-06-22 00:00:00,35042.64
2023-06-22 01:00:00,34465.03
2023-06-22 02:00:00,34612.18
2023-06-22 03:00:00,33800.58
2023-06-22 04:00:00,33621.12
2023-06-22 05:00:00,34658.87
2023-06-22 06:00:00,36260.2
2023-06-22 07:00:00,38307.66
2023-06-22 08:00:00,38993.23
2023-06-22 09:00:00,39024.56
2023-06-22 10:00:00,37829.31
2023-06-22 11:00:00,37303.37
2023-06-22 12:00:00,35704.55
2023-06-22 13:00:00,35271.48
2023-06-22 14:00:00,35760.62
2023-06-22 15:00:00,35924.74
2023-06-22 16:00:00,36221.74
2023-06-22 17:00:00,37599.32
2023-06-22 18:00:00,39615.36
2023-06-22 19:00:00,40089.47
2023-06-22 20:00:00,40675.19
2023-06-22 21:00:00,39455.37
2023-06-22 22:00:00,37946.34
2023-06-22 23:00:00,36073.28
2023-06-23 00:00:00,34347.68
2023-06-23 01:00:00,34396.47
2023-06-23 02:00:00,32862.34
2023-06-23 03:00:00,32748.33
2023-06-23 04:00:00,32779.98
2023-06-23 05:00:00,33486.1
2023-06-23 06:00:00,34732.08
2023-06-23 07:00:00,36217.67
2023-06-23 08:00:00,37248.35
2023-06-23 09:00:00,37873.1
2023-06-23 10:00:00,36733.36
2023-06-23 11:00:00,34785.85
2023-06-23 12:00:00,34762.63
2023-06-23 13:00:00,33985.14
2023-06-23 14:00:00,34427.13
2023-06-23 15:00:00,34615.0
2023-06-23 16:00:00,35039.49
2023-06-23 17:00:00,36234.41
2023-06-23 18:00:00,38215.93
2023-06-23 19:00:00,39161.57
2023-06-23 20:00:00,39684.0
2023-06-23 21:00:00,38385.01
2023-06-23 22:00:00,37277.04
2023-06-23 23:00:00,34895.25
2023-06-24 00:00:00,29222.1
2023-06-24 01:00:00,28884.83
2023-06-24 02:00:00,27583.39
2023-06-24 03:00:00,28505.19
2023-06-24 04:00:00,28230.16
2023-06-24 05:00:00,29115.66
2023-06-24 06:00:00,29998.98
2023-06-24 07:00:00,32184.42
2023-06-24 08:00:00,32297.34
2023-06-24 09:00:00,33130.87
2023-06-24 10:00:00,32460.97
2023-06-24 11:00:00,30805.24
2023-06-24 12:00:00,30940.83
2023-06-24 13:00:00,29843.93
2023-06-24 14:00:00,30005.25
2023-06-24 15:00:00,29757.45
2023-06-24 16:00:00,32026.56
2023-06-24 17:00:00,32188.05
2023-06-24 18:00:00,34301.19
2023-06-24 19:00:00,34443.29
2023-06-24 20:00:00,34595.88
2023-06-24 21:00:00,34281.38
2023-06-24 22:00:00,33078.92
2023-06-24 23:00:00,30974.52
2023-06-25 00:00:00,27611.9
2023-06-25 01:00:00,27393.69
2023-06-25 02:00:00,26410.5
2023-06-25 03:00:00,27095.64
2023-06-25 04:00:00,26196.43
2023-06-25 05:00:00,27238.62
2023-06-25 06:00:00,28878.71
2023-06-25 07:00:00,29768.98
2023-06-25 08:00:00,31083.56
2023-06-25 09:00:00,31207.15
2023-06-25 10:00:00,30447.13
2023-06-25 11:00:00,29854.07
2023-06-25 12:00:00,28649.49
2023-06-25 13:00:00,28361.89
2023-06-25 14:00:00,28694.17
2023-06-25 15:00:00,29046.83
2023-06-25 16:00:00,29964.99
2023-06-25 17:00:00,30519.65
2023-06-25 18:00:00,32329.84
2023-06-25 19:00:00,32616.09
2023-06-25 20:00:00,32478.52
2023-06-25 21:00:00,32131.14
2023-06-25 22:00:00,30620.42
2023-06-25 23:00:00,29979.25
2023-06-26 00:00:00,33977.83
2023-06-26 01:00:00,32746.66
2023-06-26 02:00:00,32734.18
2023-06-26 03:00:00,32227.89
2023-06-26 04:00:00,32744.27
2023-06-26 05:00:00,33939.17
2023-06-26 06:00:00,35180.12
2023-06-26 07:00:00,36667.45
2023-06-26 08:00:00,38408.17
2023-06-26 09:00:00,37258.62
2023-06-26 10:00:00,37704.84
2023-06-26 11:00:00,35872.9
2023-06-26 12:00:00,34968.99
2023-06-26 13:00:00,34213.38
2023-06-26 14:00:00,34901.05
2023-06-26 15:00:00,34460.43
2023-06-26 16:00:00,35965.47
2023-06-26 17:00:00,37597.09
2023-06-26 18:00:00,38290.89
2023-06-26 19:00:00,39430.75
2023-06-26 20:00:00,39655.87
2023-06-26 21:00:00,38409.34
2023-06-26 22:00:00,36900.44
2023-06-26 23:00:00,35512.73
2023-06-27 00:00:00,33286.18
2023-06-27 01:00:00,32616.83
2023-06-27 02:00:00,32685.84
2023-06-27 03:00:00,31636.17
2023-06-27 04:00:00,31679.16
2023-06-27 05:00:00,33632.25
2023-06-27 06:00:00,34182.43
2023-06-27 07:00:00,35535.19
2023-06-27 08:00:00,36438.74
2023-06-27 09:00:00,37515.12
2023-06-27 10:00:00,36207.22
2023-06-27 11:00:00,35013.73
2023-06-27 12:00:00,33967.36
2023-06-27 13:00:00,33770.18
2023-06-27 14:00:00,33310.21
2023-06-27 15:00:00,34721.43
2023-06-27 16:00:00,35019.1
2023-06-27 17:00:00,36799.71
2023-06-27 18:00:00,38160.35
2023-06-27 19:00:00,38775.4
2023-06-27 20:00:00,38552.9
2023-06-27 21:00:00,37905.11
2023-06-27 22:00:00,36455.75
2023-06-27 23:00:00,34551.57
2023-06-28 00:00:00,32259.59
2023-06-28 01:00:00,32344.08
2023-06-28 02:00:00,32242.77
2023-06-28 03:00:00,31532.68
2023-06-28 04:00:00,32058.93
2023-06-28 05:00:00,32071.64
2023-06-28 06:00:00,34039.31
2023-06-28 07:00:00,35893.11
2023-06-28 08:00:00,36217.55
2023-06-28 09:00:00,36506.24
2023-06-28 10:00:00,36529.06
2023-06-28 11:00:00,34414.16
2023-06-28 12:00:00,33267.28
2023-06-28 13:00:00,33726.41
2023-06-28 14:00:00,33631.77
2023-06-28 15:00:00,33957.33
2023-06-28 16:00:00,34927.73
2023-06-28 17:00:00,36313.34
2023-06-28 18:00:00,38083.98
2023-06-28 19:00:00,39516.46
2023-06-28 20:00:00,39086.14
2023-06-28 21:00:00,38860.72
2023-06-28 22:00:00,36345.28
2023-06-28 23:00:00,35196.15
2023-06-29 00:00:00,32586.83
2023-06-29 01:00:00,32115.17
2023-06-29 02:00:00,32114.93
2023-06-29 03:00:00,32095.51
2023-06-29 04:00:00,32370.54
2023-06-29 05:00:00,33894.5
2023-06-29 06:00:00,34860.29
2023-06-29 07:00:00,36790.58
2023-06-29 08:00:00,37575.11
2023-06-29 09:00:00,38339.36
2023-06-29 10:00:00,37888.87
2023-06-29 11:00:00,36120.23
2023-06-29 12:00:00,34615.78
2023-06-29 13:00:00,34270.93
2023-06-29 14:00:00,34624.92
2023-06-29 15:00:00,35318.11
2023-06-29 16:00:00,36576.2
2023-06-29 17:00:00,38048.46
2023-06-29 18:00:00,39437.53
2023-06-29 19:00:00,40216.46
2023-06-29 20:00:00,40640.98
2023-06-29 21:00:00,40268.29
2023-06-29 22:00:00,38548.56
2023-06-29 23:00:00,36933.86
2023-06-30 00:00:00,34625.96
2023-06-30 01:00:00,33917.73
2023-06-30 02:00:00,33544.04
2023-06-30 03:00:00,33238.32
2023-06-30 04:00:00,33687.41
2023-06-30 05:00:00,34521.41
2023-06-30 06:00:00,36641.47
2023-06-30 07:00:00,37725.66
2023-06-30 08:00:00,38754.81
2023-06-30 09:00:00,39892.24
2023-06-30 10:00:00,38325.08
2023-06-30 11:00:00,37391.99
2023-06-30 12:00:00,36492.4
2023-06-30 13:00:00,35400.87
2023-06-30 14:00:00,36256.14
2023-06-30 15:00:00,36638.02
2023-06-30 16:00:00,38090.69
2023-06-30 17:00:00,38817.72
2023-06-30 18:00:00,40590.3
2023-06-30 19:00:00,41523.98
2023-06-30 20:00:00,41612.84
2023-06-30 21:00:00,40077.07
2023-06-30 22:00:00,39143.41
2023-06-30 23:00:00,37105.19
2023-07-01 00:00:00,30981.16
2023-07-01 01:00:00,29868.66
2023-07-01 02:00:00,29628.31
2023-07-01 03:00:00,30316.53
2023-07-01 04:00:00,29990.88
2023-07-01 05:00:00,30610.61
2023-07-01 06:00:00,32713.66
2023-07-01 07:00:00,33805.51
2023-07-01 08:00:00,34952.45
2023-07-01 09:00:00,34695.02
2023-07-01 10:00:00,35000.8
2023-07-01 11:00:00,32796.46
2023-07-01 12:00:00,32688.99
2023-07-01 13:00:00,31540.61
2023-07-01 14:00:00,30961.64
2023-07-01 15:00:00,32188.37
2023-07-01 16:00:00,33084.23
2023-07-01 17:00:00,33897.11
2023-07-01 18:00:00,35226.53
2023-07-01 19:00:00,36346.99
2023-07-01 20:00:00,36455.66
2023-07-01 21:00:00,34617.32
2023-07-01 22:00:00,34520.32
2023-07-01 23:00:00,32634.54
2023-07-02 00:00:00,27997.82
2023-07-02 01:00:00,28550.42
2023-07-02 02:00:00,27883.72
2023-07-02 03:00:00,28076.0
2023-07-02 04:00:00,27936.03
2023-07-02 05:00:00,28496.76
2023-07-02 06:00:00,29662.8
2023-07-02 07:00:00,31208.88
2023-07-02 08:00:00,31787.71
2023-07-02 09:00:00,31736.86
2023-07-02 10:00:00,31612.23
2023-07-02 11:00:00,30374.57
2023-07-02 12:00:00,29582.6
2023-07-02 13:00:00,29485.5
2023-07-02 14:00:00,29061.42
2023-07-02 15:00:00,29571.95
2023-07-02 16:00:00,30268.14
2023-07-02 17:00:00,31855.73
2023-07-02 18:00:00,33050.22
2023-07-02 19:00:00,34022.6
2023-07-02 20:00:00,33513.91
2023-07-02 21:00:00,32795.17
2023-07-02 22:00:00,32026.72
2023-07-02 23:00:00,30620.54
2023-07-03 00:00:00,34388.63
2023-07-03 01:00:00,34913.26
2023-07-03 02:00:00,33507.99
2023-07-03 03:00:00,34131.27
2023-07-03 04:00:00,33625.48
2023-07-03 05:00:00,35650.66
2023-07-03 06:00:00,35988.15
2023-07-03 07:00:00,38598.35
2023-07-03 08:00:00,39307.27
2023-07-03 09:00:00,39385.33
2023-07-03 10:00:00,38854.6
2023-07-03 11:00:00,37875.51
2023-07-03 12:00:00,36347.43
2023-07-03 13:00:00,35860.1
2023-07-03 14:00:00,36419.21
2023-07-03 15:00:00,36210.54
2023-07-03 16:00:00,37762.41
2023-07-03 17:00:00,40573.34
2023-07-03 18:00:00,40705.78
2023-07-03 19:00:00,42439.39
2023-07-03 20:00:00,41884.29
2023-07-03 21:00:00,41377.49
2023-07-03 22:00:00,39993.59
2023-07-03 23:00:00,38708.74
2023-07-04 00:00:00,35741.31
2023-07-04 01:00:00,36285.73
2023-07-04 02:00:00,35055.03
2023-07-04 03:00:00,35119.82
2023-07-04 04:00:00,35354.36
2023-07-04 05:00:00,35814.1
2023-07-04 06:00:00,37657.55
2023-07-04 07:00:00,39489.8
2023-07-04 08:00:00,40428.78
2023-07-04 09:00:00,41614.67
2023-07-04 10:00:00,39741.95
2023-07-04 11:00:00,39308.44
2023-07-04 12:00:00,38197.05
2023-07-04 13:00:00,37362.6
2023-07-04 14:00:00,37095.84
2023-07-04 15:00:00,37727.54
2023-07-04 16:00:00,38951.96
2023-07-04 17:00:00,40025.08
2023-07-04 18:00:00,41805.63
2023-07-04 19:00:00,42599.02
2023-07-04 20:00:00,43605.43
2023-07-04 21:00:00,42422.43
2023-07-04 22:00:00,41004.92
2023-07-04 23:00:00,39440.66
2023-07-05 00:00:00,36739.15
2023-07-05 01:00:00,36920.42
2023-07-05 02:00:00,35814.8
2023-07-05 03:00:00,35787.78
2023-07-05 04:00:00,36185.69
2023-07-05 05:00:00,36341.12
2023-07-05 06:00:00,39377.31
2023-07-05 07:00:00,39916.6
2023-07-05 08:00:00,41038.94
2023-07-05 09:00:00,41544.01
2023-07-05 10:00:00,40632.84
2023-07-05 11:00:00,39118.53
2023-07-05 12:00:00,38084.05
2023-07-05 13:00:00,36913.31
2023-07-05 14:00:00,37206.95
2023-07-05 15:00:00,38111.08
2023-07-05 16:00:00,39152.86
2023-07-05 17:00:00,40872.63
2023-07-05 18:00:00,41841.16
2023-07-05 19:00:00,42290.85
2023-07-05 20:00:00,43095.62
2023-07-05 21:00:00,42233.94
2023-07-05 22:00:00,40504.77
2023-07-05 23:00:00,38574.51
2023-07-06 00:00:00,36377.02
2023-07-06 01:00:00,36880.2
2023-07-06 02:00:00,35281.9
2023-07-06 03:00:00,34448.65
2023-07-06 04:00:00,34822.94
2023-07-06 05:00:00,36075.48
2023-07-06 06:00:00,36736.57
2023-07-06 07:00:00,38925.12
2023-07-06 08:00:00,40038.98
2023-07-06 09:00:00,40518.41
2023-07-06 10:00:00,39611.7
2023-07-06 11:00:00,38215.07
2023-07-06 12:00:00,36058.88
2023-07-06 13:00:00,36512.87
2023-07-06 14:00:00,36376.27
2023-07-06 15:00:00,36727.66
2023-07-06 16:00:00,37083.89
2023-07-06 17:00:00,38852.85
2023-07-06 18:00:00,40145.57
2023-07-06 19:00:00,40736.52
2023-07-06 20:00:00,41388.47
2023-07-06 21:00:00,40117.74
2023-07-06 22:00:00,39780.42
2023-07-06 23:00:00,37252.94
2023-07-07 00:00:00,35152.12
2023-07-07 01:00:00,33834.65
2023-07-07 02:00:00,33779.09
2023-07-07 03:00:00,33687.24
2023-07-07 04:00:00,33481.57
2023-07-07 05:00:00,34508.83
2023-07-07 06:00:00,36053.72
2023-07-07 07:00:00,37650.26
2023-07-07 08:00:00,39458.67
2023-07-07 09:00:00,39056.79
2023-07-07 10:00:00,38306.44
2023-07-07 11:00:00,37131.25
2023-07-07 12:00:00,36106.64
2023-07-07 13:00:00,35286.31
2023-07-07 14:00:00,35192.03
2023-07-07 15:00:00,35923.1
2023-07-07 16:00:00,37374.05
2023-07-07 17:00:00,38852.83
2023-07-07 18:00:00,39858.94
2023-07-07 19:00:00,41155.62
2023-07-07 20:00:00,40823.06
2023-07-07 21:00:00,39967.45
2023-07-07 22:00:00,38311.58
2023-07-07 23:00:00,36921.28
2023-07-08 00:00:00,30762.53
2023-07-08 01:00:00,30097.48
2023-07-08 02:00:00,29792.72
2023-07-08 03:00:00,29013.32
2023-07-08 04:00:00,29587.71
2023-07-08 05:00:00,30412.29
2023-07-08 06:00:00,31548.42
2023-07-08 07:00:00,33299.97
2023-07-08 08:00:00,34132.54
2023-07-08 09:00:00,34452.71
2023-07-08 10:00:00,33814.65
2023-07-08 11:00:00,32421.89
2023-07-08 12:00:00,31727.65
2023-07-08 13:00:00,31419.33
2023-07-08 14:00:00,31827.5
2023-07-08 15:00:00,32024.07
2023-07-08 16:00:00,32700.01
2023-07-08 17:00:00,34405.07
2023-07-08 18:00:00,36189.71
2023-07-08 19:00:00,36761.08
2023-07-08 20:00:00,36650.49
2023-07-08 21:00:00,35901.55
2023-07-08 22:00:00,34859.87
2023-07-08 23:00:00,33425.3
2023-07-09 00:00:00,28892.78
2023-07-09 01:00:00,28856.52
2023-07-09 02:00:00,27803.72
2023-07-09 03:00:00,27441.44
2023-07-09 04:00:00,28178.73
2023-07-09 05:00:00,28883.78
2023-07-09 06:00:00,29906.95
2023-07-09 07:00:00,31725.69
2023-07-09 08:00:00,31689.67
2023-07-09 09:00:00,32266.56
2023-07-09 10:00:00,31653.35
2023-07-09 11:00:00,30279.12
2023-07-09 12:00:00,30519.45
2023-07-09 13:00:00,29049.03
2023-07-09 14:00:00,29307.23
2023-07-09 15:00:00,30283.87
2023-07-09 16:00:00,31087.21
2023-07-09 17:00:00,31680.0
2023-07-09 18:00:00,33505.47
2023-07-09 19:00:00,34119.59
2023-07-09 20:00:00,34812.18
2023-07-09 21:00:00,33340.13
2023-07-09 22:00:00,31903.91
2023-07-09 23:00:00,30393.17
2023-07-10 00:00:00,34549.81
2023-07-10 01:00:00,34209.94
2023-07-10 02:00:00,34559.6
2023-07-10 03:00:00,33770.52
2023-07-10 04:00:00,34099.86
2023-07-10 05:00:00,35276.82
2023-07-10 06:00:00,35378.42
2023-07-10 07:00:00,38233.34
2023-07-10 08:00:00,38858.29
2023-07-10 09:00:00,39078.42
2023-07-10 10:00:00,37819.04
2023-07-10 11:00:00,36613.64
2023-07-10 12:00:00,35960.8
2023-07-10 13:00:00,36006.2
2023-07-10 14:00:00,35467.57
2023-07-10 15:00:00,36072.87
2023-07-10 16:00:00,36617.72
2023-07-10 17:00:00,37912.52
2023-07-10 18:00:00,39279.81
2023-07-10 19:00:00,40270.15
2023-07-10 20:00:00,39669.36
2023-07-10 21:00:00,39139.61
2023-07-10 22:00:00,37658.82
2023-07-10 23:00:00,36240.08
2023-07-11 00:00:00,33708.78
2023-07-11 01:00:00,33468.41
2023-07-11 02:00:00,32910.71
2023-07-11 03:00:00,32394.04
2023-07-11 04:00:00,32048.75
2023-07-11 05:00:00,33383.5
2023-07-11 06:00:00,34709.2
2023-07-11 07:00:00,36805.73
2023-07-11 08:00:00,38028.76
2023-07-11 09:00:00,38144.49
2023-07-11 10:00:00,37285.48
2023-07-11 11:00:00,35767.92
2023-07-11 12:00:00,34572.27
2023-07-11 13:00:00,33907.2
2023-07-11 14:00:00,33620.96
2023-07-11 15:00:00,35047.48
2023-07-11 16:00:00,35735.43
2023-07-11 17:00:00,36842.24
2023-07-11 18:00:00,38466.7
2023-07-11 19:00:00,39390.2
2023-07-11 20:00:00,39707.73
2023-07-11 21:00:00,39126.44
2023-07-11 22:00:00,37149.55
2023-07-11 23:00:00,34988.46
2023-07-12 00:00:00,33127.1
2023-07-12 01:00:00,32880.17
2023-07-12 02:00:00,32494.7
2023-07-12 03:00:00,32100.99
2023-07-12 04:00:00,32601.85
2023-07-12 05:00:00,33465.56
2023-07-12 06:00:00,34966.95
2023-07-12 07:00:00,36782.21
2023-07-12 08:00:00,37624.73
2023-07-12 09:00:00,37780.02
2023-07-12 10:00:00,37707.55
2023-07-12 11:00:00,36283.78
2023-07-12 12:00:00,35386.68
2023-07-12 13:00:00,35008.42
2023-07-12 14:00:00,34810.73
2023-07-12 15:00:00,35569.73
2023-07-12 16:00:00,35853.45
2023-07-12 17:00:00,38023.28
2023-07-12 18:00:00,39427.51
2023-07-12 19:00:00,41076.63
2023-07-12 20:00:00,40871.48
2023-07-12 21:00:00,39442.5
2023-07-12 22:00:00,38366.03
2023-07-12 23:00:00,36851.16
2023-07-13 00:00:00,34411.0
2023-07-13 01:00:00,33682.98
2023-07-13 02:00:00,33847.35
2023-07-13 03:00:00,33428.87
2023-07-13 04:00:00,33849.8
2023-07-13 05:00:00,34447.97
2023-07-13 06:00:00,36060.55
2023-07-13 07:00:00,38365.54
2023-07-13 08:00:00,38747.82
2023-07-13 09:00:00,38969.1
2023-07-13 10:00:00,38584.2
2023-07-13 11:00:00,37208.78
2023-07-13 12:00:00,36188.04
2023-07-13 13:00:00,36022.62
2023-07-13 14:00:00,35508.84
2023-07-13 15:00:00,36299.82
2023-07-13 16:00:00,38528.25
2023-07-13 17:00:00,39507.51
2023-07-13 18:00:00,40613.34
2023-07-13 19:00:00,42003.9
2023-07-13 20:00:00,42095.04
2023-07-13 21:00:00,41339.2
2023-07-13 22:00:00,39494.22
2023-07-13 23:00:00,38409.55
2023-07-14 00:00:00,34777.17
2023-07-14 01:00:00,34874.89
2023-07-14 02:00:00,34947.43
2023-07-14 03:00:00,34753.98
2023-07-14 04:00:00,34520.48
2023-07-14 05:00:00,35837.5
2023-07-14 06:00:00,37046.65
2023-07-14 07:00:00,38810.01
2023-07-14 08:00:00,40377.65
2023-07-14 09:00:00,40481.86
2023-07-14 10:00:00,39053.67
2023-07-14 11:00:00,37856.09
2023-07-14 12:00:00,37046.9
2023-07-14 13:00:00,36614.55
2023-07-14 14:00:00,36387.9
2023-07-14 15:00:00,37543.49
2023-07-14 16:00:00,38401.49
2023-07-14 17:00:00,39903.38
2023-07-14 18:00:00,40790.1
2023-07-14 19:00:00,42569.44
2023-07-14 20:00:00,41158.03
2023-07-14 21:00:00,41477.75
2023-07-14 22:00:00,40007.49
2023-07-14 23:00:00,38006.47
2023-07-15 00:00:00,31706.97
2023-07-15 01:00:00,30979.93
2023-07-15 02:00:00,30670.47
2023-07-15 03:00:00,30506.43
2023-07-15 04:00:00,31641.83
2023-07-15 05:00:00,31759.33
2023-07-15 06:00:00,32836.34
2023-07-15 07:00:00,33684.63
2023-07-15 08:00:00,35003.49
2023-07-15 09:00:00,34768.97
2023-07-15 10:00:00,34646.96
2023-07-15 11:00:00,33351.05
2023-07-15 12:00:00,31977.87
2023-07-15 13:00:00,31884.33
2023-07-15 14:00:00,31539.72
2023-07-15 15:00:00,32372.65
2023-07-15 16:00:00,32979.41
2023-07-15 17:00:00,34587.96
2023-07-15 18:00:00,36134.05
2023-07-15 19:00:00,36669.49
2023-07-15 20:00:00,36540.7
2023-07-15 21:00:00,35910.75
2023-07-15 22:00:00,34768.0
2023-07-15 23:00:00,32808.43
2023-07-16 00:00:00,28873.16
2023-07-16 01:00:00,29017.54
2023-07-16 02:00:00,28446.57
2023-07-16 03:00:00,28043.86
2023-07-16 04:00:00,28400.44
2023-07-16 05:00:00,29070.83
2023-07-16 06:00:00,30417.39
2023-07-16 07:00:00,30791.9
2023-07-16 08:00:00,31872.75
2023-07-16 09:00:00,32895.22
2023-07-16 10:00:00,31404.96
2023-07-16 11:00:00,31123.94
2023-07-16 12:00:00,30031.46
2023-07-16 13:00:00,29365.2
2023-07-16 14:00:00,29859.31
2023-07-16 15:00:00,30298.79
2023-07-16 16:00:00,31904.47
2023-07-16 17:00:00,32200.13
2023-07-16 18:00:00,34171.49
2023-07-16 19:00:00,34595.9
2023-07-16 20:00:00,34275.69
2023-07-16 21:00:00,34050.36
2023-07-16 22:00:00,32786.95
2023-07-16 23:00:00,31407.94
2023-07-17 00:00:00,35804.51
2023-07-17 01:00:00,35279.61
2023-07-17 02:00:00,34872.09
2023-07-17 03:00:00,35206.21
2023-07-17 04:00:00,35097.35
2023-07-17 05:00:00,36092.53
2023-07-17 06:00:00,37777.78
2023-07-17 07:00:00,39458.74
2023-07-17 08:00:00,40024.67
2023-07-17 09:00:00,41169.63
2023-07-17 10:00:00,40053.03
2023-07-17 11:00:00,38817.77
2023-07-17 12:00:00,38060.88
2023-07-17 13:00:00,37484.54
2023-07-17 14:00:00,37724.69
2023-07-17 15:00:00,38267.21
2023-07-17 16:00:00,39493.55
2023-07-17 17:00:00,41260.14
2023-07-17 18:00:00,42632.97
2023-07-17 19:00:00,43259.67
2023-07-17 20:00:00,42971.77
2023-07-17 21:00:00,43053.85
2023-07-17 22:00:00,40945.73
2023-07-17 23:00:00,39404.14
2023-07-18 00:00:00,36372.81
2023-07-18 01:00:00,36865.6
2023-07-18 02:00:00,36457.47
2023-07-18 03:00:00,35636.5
2023-07-18 04:00:00,36539.39
2023-07-18 05:00:00,37126.4
2023-07-18 06:00:00,39773.45
2023-07-18 07:00:00,40287.07
2023-07-18 08:00:00,41458.27
2023-07-18 09:00:00,41460.96
2023-07-18 10:00:00,41464.54
2023-07-18 11:00:00,39720.91
2023-07-18 12:00:00,38572.22
2023-07-18 13:00:00,38515.52
2023-07-18 14:00:00,37787.32
2023-07-18 15:00:00,39057.42
2023-07-18 16:00:00,40568.72
2023-07-18 17:00:00,41629.63
2023-07-18 18:00:00,43130.16
2023-07-18 19:00:00,44140.97
2023-07-18 20:00:00,44419.62
2023-07-18 21:00:00,43284.46
2023-07-18 22:00:00,41506.93
2023-07-18 23:00:00,40142.43
2023-07-19 00:00:00,36852.23
2023-07-19 01:00:00,37131.31
2023-07-19 02:00:00,36096.3
2023-07-19 03:00:00,36011.45
2023-07-19 04:00:00,35205.2
2023-07-19 05:00:00,37275.07
2023-07-19 06:00:00,38371.16
2023-07-19 07:00:00,40571.42
2023-07-19 08:00:00,41375.65
2023-07-19 09:00:00,41722.41
2023-07-19 10:00:00,40134.44
2023-07-19 11:00:00,39647.22
2023-07-19 12:00:00,38932.98
2023-07-19 13:00:00,37844.9
2023-07-19 14:00:00,37797.75
2023-07-19 15:00:00,38092.12
2023-07-19 16:00:00,38901.47
2023-07-19 17:00:00,40785.79
2023-07-19 18:00:00,41418.6
2023-07-19 19:00:00,42682.57
2023-07-19 20:00:00,42150.04
2023-07-19 21:00:00,41522.73
2023-07-19 22:00:00,40448.19
2023-07-19 23:00:00,38838.99
2023-07-20 00:00:00,35978.92
2023-07-20 01:00:00,35690.26
2023-07-20 02:00:00,34534.85
2023-07-20 03:00:00,34735.28
2023-07-20 04:00:00,34754.03
2023-07-20 05:00:00,35598.49
2023-07-20 06:00:00,37490.72
2023-07-20 07:00:00,38559.02
2023-07-20 08:00:00,39702.04
2023-07-20 09:00:00,39273.57
2023-07-20 10:00:00,39089.83
2023-07-20 11:00:00,37589.62
2023-07-20 12:00:00,36921.18
2023-07-20 13:00:00,35956.42
2023-07-20 14:00:00,36287.24
2023-07-20 15:00:00,36732.53
2023-07-20 16:00:00,38444.74
2023-07-20 17:00:00,39494.89
2023-07-20 18:00:00,40133.32
2023-07-20 19:00:00,41250.31
2023-07-20 20:00:00,41688.91
2023-07-20 21:00:00,40381.21
2023-07-20 22:00:00,38162.54
2023-07-20 23:00:00,38155.0
2023-07-21 00:00:00,35272.24
2023-07-21 01:00:00,34918.52
2023-07-21 02:00:00,34136.12
2023-07-21 03:00:00,34218.89
2023-07-21 04:00:00,34000.59
2023-07-21 05:00:00,35207.71
2023-07-21 06:00:00,36318.7
2023-07-21 07:00:00,38804.9
2023-07-21 08:00:00,38832.62
2023-07-21 09:00:00,39958.76
2023-07-21 10:00:00,38784.86
2023-07-21 11:00:00,37432.53
2023-07-21 12:00:00,36640.16
2023-07-21 13:00:00,36288.57
2023-07-21 14:00:00,36525.31
2023-07-21 15:00:00,36741.95
2023-07-21 16:00:00,37448.83
2023-07-21 17:00:00,39292.03
2023-07-21 18:00:00,41414.04
2023-07-21 19:00:00,42213.39
2023-07-21 20:00:00,42082.31
2023-07-21 21:00:00,41123.88
2023-07-21 22:00:00,39627.02
2023-07-21 23:00:00,38308.77
2023-07-22 00:00:00,30879.61
2023-07-22 01:00:00,30346.02
2023-07-22 02:00:00,30531.94
2023-07-22 03:00:00,30001.78
2023-07-22 04:00:00,30098.83
2023-07-22 05:00:00,31019.24
2023-07-22 06:00:00,33483.88
2023-07-22 07:00:00,34114.62
2023-07-22 08:00:00,35181.57
2023-07-22 09:00:00,34764.97
2023-07-22 10:00:00,33889.23
2023-07-22 11:00:00,33224.91
2023-07-22 12:00:00,33116.92
2023-07-22 13:00:00,32245.27
2023-07-22 14:00:00,32346.68
2023-07-22 15:00:00,32903.6
2023-07-22 16:00:00,33420.9
2023-07-22 17:00:00,35431.32
2023-07-22 18:00:00,36033.32
2023-07-22 19:00:00,37576.53
2023-07-22 20:00:00,37237.97
2023-07-22 21:00:00,35624.81
2023-07-22 22:00:00,34675.49
2023-07-22 23:00:00,32982.56
2023-07-23 00:00:00,29531.86
2023-07-23 01:00:00,28881.16
2023-07-23 02:00:00,27786.05
2023-07-23 03:00:00,28458.16
2023-07-23 04:00:00,28270.37
2023-07-23 05:00:00,28649.83
2023-07-23 06:00:00,30968.46
2023-07-23 07:00:00,31732.21
2023-07-23 08:00:00,32470.99
2023-07-23 09:00:00,32519.86
2023-07-23 10:00:00,31473.28
2023-07-23 11:00:00,30549.07
2023-07-23 12:00:00,30574.03
2023-07-23 13:00:00,29461.34
2023-07-23 14:00:00,29598.11
2023-07-23 15:00:00,29303.02
2023-07-23 16:00:00,30427.96
2023-07-23 17:00:00,32285.84
2023-07-23 18:00:00,33380.36
2023-07-23 19:00:00,34591.2
2023-07-23 20:00:00,34403.62
2023-07-23 21:00:00,33035.5
2023-07-23 22:00:00,32016.88
2023-07-23 23:00:00,30461.68
2023-07-24 00:00:00,35278.04
2023-07-24 01:00:00,34629.93
2023-07-24 02:00:00,33849.66
2023-07-24 03:00:00,33528.21
2023-07-24 04:00:00,34086.46
2023-07-24 05:00:00,34614.98
2023-07-24 06:00:00,36402.94
2023-07-24 07:00:00,36661.48
2023-07-24 08:00:00,38635.61
2023-07-24 09:00:00,38374.59
2023-07-24 10:00:00,38347.95
2023-07-24 11:00:00,37040.63
2023-07-24 12:00:00,35421.72
2023-07-24 13:00:00,35330.52
2023-07-24 14:00:00,35364.74
2023-07-24 15:00:00,35284.82
2023-07-24 16:00:00,37185.38
2023-07-24 17:00:00,37755.14
2023-07-24 18:00:00,39131.54
2023-07-24 19:00:00,40409.39
2023-07-24 20:00:00,39942.74
2023-07-24 21:00:00,39117.05
2023-07-24 22:00:00,38058.8
2023-07-24 23:00:00,36037.0
2023-07-25 00:00:00,32734.19
2023-07-25 01:00:00,33156.05
2023-07-25 02:00:00,32380.69
2023-07-25 03:00:00,32632.62
2023-07-25 04:00:00,32736.79
2023-07-25 05:00:00,33883.12
2023-07-25 06:00:00,35177.57
2023-07-25 07:00:00,36862.58
2023-07-25 08:00:00,37343.56
2023-07-25 09:00:00,37994.21
2023-07-25 10:00:00,37636.54
2023-07-25 11:00:00,35531.41
2023-07-25 12:00:00,35373.82
2023-07-25 13:00:00,33996.86
2023-07-25 14:00:00,33902.56
2023-07-25 15:00:00,34887.98
2023-07-25 16:00:00,36162.95
2023-07-25 17:00:00,37745.08
2023-07-25 18:00:00,38598.37
2023-07-25 19:00:00,40055.91
2023-07-25 20:00:00,39693.66
2023-07-25 21:00:00,38502.85
2023-07-25 22:00:00,37247.01
2023-07-25 23:00:00,35843.61
2023-07-26 00:00:00,33649.48
2023-07-26 01:00:00,33638.82
2023-07-26 02:00:00,32384.59
2023-07-26 03:00:00,32795.55
2023-07-26 04:00:00,32489.43
2023-07-26 05:00:00,34060.64
2023-07-26 06:00:00,35176.89
2023-07-26 07:00:00,36708.77
2023-07-26 08:00:00,38512.26
2023-07-26 09:00:00,38218.82
2023-07-26 10:00:00,37602.94
2023-07-26 11:00:00,35813.49
2023-07-26 12:00:00,35942.77
2023-07-26 13:00:00,35390.85
2023-07-26 14:00:00,35161.04
2023-07-26 15:00:00,35249.06
2023-07-26 16:00:00,37373.03
2023-07-26 17:00:00,38264.94
2023-07-26 18:00:00,39880.02
2023-07-26 19:00:00,41844.96
2023-07-26 20:00:00,40844.07
2023-07-26 21:00:00,40461.85
2023-07-26 22:00:00,38964.76
2023-07-26 23:00:00,37453.28
2023-07-27 00:00:00,34780.93
2023-07-27 01:00:00,34589.8
2023-07-27 02:00:00,34221.57
2023-07-27 03:00:00,33880.48
2023-07-27 04:00:00,34653.12
2023-07-27 05:00:00,34597.03
2023-07-27 06:00:00,36958.05
2023-07-27 07:00:00,38556.57
2023-07-27 08:00:00,39651.85
2023-07-27 09:00:00,39970.02
2023-07-27 10:00:00,38812.64
2023-07-27 11:00:00,37041.53
2023-07-27 12:00:00,36662.13
2023-07-27 13:00:00,35800.54
2023-07-27 14:00:00,35912.23
2023-07-27 15:00:00,36320.94
2023-07-27 16:00:00,37715.21
2023-07-27 17:00:00,39180.09
2023-07-27 18:00:00,40053.54
2023-07-27 19:00:00,42082.15
2023-07-27 20:00:00,42621.42
2023-07-27 21:00:00,41119.35
2023-07-27 22:00:00,39351.89
2023-07-27 23:00:00,37901.1
2023-07-28 00:00:00,35080.49
2023-07-28 01:00:00,34982.14
2023-07-28 02:00:00,34552.41
2023-07-28 03:00:00,33989.31
2023-07-28 04:00:00,35044.11
2023-07-28 05:00:00,34812.84
2023-07-28 06:00:00,37075.03
2023-07-28 07:00:00,38403.06
2023-07-28 08:00:00,40189.72
2023-07-28 09:00:00,39763.52
2023-07-28 10:00:00,38733.37
2023-07-28 11:00:00,37573.62
2023-07-28 12:00:00,36617.81
2023-07-28 13:00:00,35617.22
2023-07-28 14:00:00,35724.79
2023-07-28 15:00:00,35912.85
2023-07-28 16:00:00,37300.07
2023-07-28 17:00:00,39123.88
2023-07-28 18:00:00,40656.46
2023-07-28 19:00:00,40776.12
2023-07-28 20:00:00,41396.82
2023-07-28 21:00:00,40676.34
2023-07-28 22:00:00,38912.16
2023-07-28 23:00:00,37221.91
2023-07-29 00:00:00,30414.63
2023-07-29 01:00:00,30110.99
2023-07-29 02:00:00,29726.46
2023-07-29 03:00:00,29753.18
2023-07-29 04:00:00,30644.64
2023-07-29 05:00:00,30346.15
2023-07-29 06:00:00,31806.07
2023-07-29 07:00:00,33322.83
2023-07-29 08:00:00,34061.32
2023-07-29 09:00:00,34799.89
2023-07-29 10:00:00,32906.07
2023-07-29 11:00:00,32508.74
2023-07-29 12:00:00,32067.96
2023-07-29 13:00:00,31181.73
2023-07-29 14:00:00,30998.25
2023-07-29 15:00:00,31943.44
2023-07-29 16:00:00,33088.73
2023-07-29 17:00:00,34166.44
2023-07-29 18:00:00,35129.18
2023-07-29 19:00:00,36410.6
2023-07-29 20:00:00,36125.05
2023-07-29 21:00:00,35714.71
2023-07-29 22:00:00,34684.01
2023-07-29 23:00:00,31951.93
2023-07-30 00:00:00,28469.08
2023-07-30 01:00:00,27622.99
2023-07-30 02:00:00,28800.52
2023-07-30 03:00:00,27586.0
2023-07-30 04:00:00,28190.04
2023-07-30 05:00:00,28678.38
2023-07-30 06:00:00,29676.67
2023-07-30 07:00:00,31007.24
2023-07-30 08:00:00,32826.34
2023-07-30 09:00:00,32757.78
2023-07-30 10:00:00,32515.99
2023-07-30 11:00:00,30930.4
2023-07-30 12:00:00,30206.01
2023-07-30 13:00:00,29593.13
2023-07-30 14:00:00,29630.61
2023-07-30 15:00:00,29878.4
2023-07-30 16:00:00,31229.38
2023-07-30 17:00:00,32195.16
2023-07-30 18:00:00,33892.06
2023-07-30 19:00:00,34618.19
2023-07-30 20:00:00,34708.83
2023-07-30 21:00:00,34471.73
2023-07-30 22:00:00,32702.94
2023-07-30 23:00:00,31798.48
2023-07-31 00:00:00,36527.69
2023-07-31 01:00:00,36054.24
2023-07-31 02:00:00,35681.33
2023-07-31 03:00:00,34956.11
2023-07-31 04:00:00,35383.75
2023-07-31 05:00:00,35789.59
2023-07-31 06:00:00,37985.82
2023-07-31 07:00:00,39592.38
2023-07-31 08:00:00,40660.77
2023-07-31 09:00:00,41202.0
2023-07-31 10:00:00,39704.5
2023-07-31 11:00:00,39569.27
2023-07-31 12:00:00,38324.05
2023-07-31 13:00:00,37463.63
2023-07-31 14:00:00,37477.31
2023-07-31 15:00:00,38305.17
2023-07-31 16:00:00,39815.93
2023-07-31 17:00:00,40845.92
2023-07-31 18:00:00,42377.44
2023-07-31 19:00:00,43304.35
2023-07-31 20:00:00,43948.15
2023-07-31 21:00:00,42276.89
2023-07-31 22:00:00,40929.51
2023-07-31 23:00:00,39966.76
2023-08-01 00:00:00,36808.88
2023-08-01 01:00:00,36893.85
2023-08-01 02:00:00,35806.31
2023-08-01 03:00:00,35785.26
2023-08-01 04:00:00,36560.4
2023-08-01 05:00:00,36693.4
2023-08-01 06:00:00,38377.07
2023-08-01 07:00:00,40142.87
2023-08-01 08:00:00,40799.36
2023-08-01 09:00:00,41125.45
2023-08-01 10:00:00,40528.04
2023-08-01 11:00:00,39307.34
2023-08-01 12:00:00,38682.19
2023-08-01 13:00:00,38184.54
2023-08-01 14:00:00,37317.02
2023-08-01 15:00:00,38193.56
2023-08-01 16:00:00,39467.62
2023-08-01 17:00:00,41219.6
2023-08-01 18:00:00,42387.91
2023-08-01 19:00:00,43140.72
2023-08-01 20:00:00,43230.88
2023-08-01 21:00:00,42248.21
2023-08-01 22:00:00,40155.96
2023-08-01 23:00:00,38998.66
2023-08-02 00:00:00,36677.19
2023-08-02 01:00:00,35771.45
2023-08-02 02:00:00,35459.72
2023-08-02 03:00:00,35004.48
2023-08-02 04:00:00,34408.6
2023-08-02 05:00:00,36062.67
2023-08-02 06:00:00,37611.29
2023-08-02 07:00:00,38902.28
2023-08-02 08:00:00,39725.86
2023-08-02 09:00:00,39905.22
2023-08-02 10:00:00,39661.01
2023-08-02 11:00:00,38851.24
2023-08-02 12:00:00,37555.92
2023-08-02 13:00:00,35983.99
2023-08-02 14:00:00,36700.09
2023-08-02 15:00:00,36685.11
2023-08-02 16:00:00,37772.2
2023-08-02 17:00:00,39256.81
2023-08-02 18:00:00,41101.99
2023-08-02 19:00:00,42085.41
2023-08-02 20:00:00,41669.95
2023-08-02 21:00:00,40690.09
2023-08-02 22:00:00,39352.13
2023-08-02 23:00:00,37845.33
2023-08-03 00:00:00,35298.54
2023-08-03 01:00:00,34128.01
2023-08-03 02:00:00,34171.35
2023-08-03 03:00:00,33485.08
2023-08-03 04:00:00,33992.86
2023-08-03 05:00:00,34794.26
2023-08-03 06:00:00,36335.85
2023-08-03 07:00:00,37679.66
2023-08-03 08:00:00,38521.35
2023-08-03 09:00:00,38428.79
2023-08-03 10:00:00,38334.88
2023-08-03 11:00:00,37038.28
2023-08-03 12:00:00,35906.82
2023-08-03 13:00:00,36033.64
2023-08-03 14:00:00,35263.0
2023-08-03 15:00:00,36624.02
2023-08-03 16:00:00,37804.66
2023-08-03 17:00:00,38046.54
2023-08-03 18:00:00,40249.52
2023-08-03 19:00:00,41024.29
2023-08-03 20:00:00,40152.37
2023-08-03 21:00:00,39733.17
2023-08-03 22:00:00,39034.41
2023-08-03 23:00:00,37979.94
2023-08-04 00:00:00,34877.83
2023-08-04 01:00:00,34418.27
2023-08-04 02:00:00,33936.12
2023-08-04 03:00:00,34278.0
2023-08-04 04:00:00,34642.65
2023-08-04 05:00:00,34596.77
2023-08-04 06:00:00,35628.23
2023-08-04 07:00:00,37246.9
2023-08-04 08:00:00,39570.18
2023-08-04 09:00:00,39253.02
2023-08-04 10:00:00,38592.51
2023-08-04 11:00:00,36747.71
2023-08-04 12:00:00,36100.44
2023-08-04 13:00:00,35720.84
2023-08-04 14:00:00,35920.29
2023-08-04 15:00:00,36299.87
2023-08-04 16:00:00,37209.16
2023-08-04 17:00:00,38812.39
2023-08-04 18:00:00,41016.42
2023-08-04 19:00:00,41641.8
2023-08-04 20:00:00,41790.15
2023-08-04 21:00:00,40337.82
2023-08-04 22:00:00,38148.97
2023-08-04 23:00:00,37512.48
2023-08-05 00:00:00,30478.48
2023-08-05 01:00:00,30674.47
2023-08-05 02:00:00,31377.97
2023-08-05 03:00:00,30238.12
2023-08-05 04:00:00,31117.85
2023-08-05 05:00:00,31146.51
2023-08-05 06:00:00,32052.29
2023-08-05 07:00:00,33828.86
2023-08-05 08:00:00,35298.43
2023-08-05 09:00:00,35432.52
2023-08-05 10:00:00,33910.58
2023-08-05 11:00:00,33154.65
2023-08-05 12:00:00,31643.93
2023-08-05 13:00:00,31922.86
2023-08-05 14:00:00,32161.42
2023-08-05 15:00:00,32113.57
2023-08-05 16:00:00,32822.23
2023-08-05 17:00:00,34472.47
2023-08-05 18:00:00,35774.37
2023-08-05 19:00:00,36458.49
2023-08-05 20:00:00,36463.55
2023-08-05 21:00:00,35479.97
2023-08-05 22:00:00,34547.71
2023-08-05 23:00:00,33098.9
2023-08-06 00:00:00,27980.92
2023-08-06 01:00:00,27710.83
2023-08-06 02:00:00,27626.45
2023-08-06 03:00:00,27709.27
2023-08-06 04:00:00,27610.67
2023-08-06 05:00:00,28020.88
2023-08-06 06:00:00,29526.55
2023-08-06 07:00:00,30610.51
2023-08-06 08:00:00,31892.11
2023-08-06 09:00:00,31766.0
2023-08-06 10:00:00,30862.85
2023-08-06 11:00:00,30038.51
2023-08-06 12:00:00,29519.04
2023-08-06 13:00:00,28346.1
2023-08-06 14:00:00,28634.62
2023-08-06 15:00:00,28883.48
2023-08-06 16:00:00,29915.95
2023-08-06 17:00:00,30709.49
2023-08-06 18:00:00,32143.32
2023-08-06 19:00:00,33213.59
2023-08-06 20:00:00,32447.21
2023-08-06 21:00:00,31487.25
2023-08-06 22:00:00,30231.85
2023-08-06 23:00:00,28993.0
2023-08-07 00:00:00,33268.59
2023-08-07 01:00:00,32238.02
2023-08-07 02:00:00,32191.08
2023-08-07 03:00:00,32184.16
2023-08-07 04:00:00,32242.71
2023-08-07 05:00:00,32801.54
2023-08-07 06:00:00,34458.61
2023-08-07 07:00:00,36012.88
2023-08-07 08:00:00,36955.28
2023-08-07 09:00:00,37055.89
2023-08-07 10:00:00,37107.01
2023-08-07 11:00:00,35392.31
2023-08-07 12:00:00,34907.86
2023-08-07 13:00:00,33269.67
2023-08-07 14:00:00,33383.97
2023-08-07 15:00:00,33489.38
2023-08-07 16:00:00,34758.67
2023-08-07 17:00:00,37179.67
2023-08-07 18:00:00,37798.9
2023-08-07 19:00:00,39581.09
2023-08-07 20:00:00,38463.24
2023-08-07 21:00:00,37579.9
2023-08-07 22:00:00,36337.72
2023-08-07 23:00:00,34930.36
2023-08-08 00:00:00,32535.14
2023-08-08 01:00:00,32101.37
2023-08-08 02:00:00,31426.5
2023-08-08 03:00:00,31262.75
2023-08-08 04:00:00,31392.91
2023-08-08 05:00:00,32091.18
2023-08-08 06:00:00,33623.81
2023-08-08 07:00:00,35946.59
2023-08-08 08:00:00,36074.47
2023-08-08 09:00:00,37445.7
2023-08-08 10:00:00,36023.92
2023-08-08 11:00:00,34727.3
2023-08-08 12:00:00,34256.08
2023-08-08 13:00:00,33989.31
2023-08-08 14:00:00,33898.35
2023-08-08 15:00:00,34291.36
2023-08-08 16:00:00,35647.96
2023-08-08 17:00:00,36202.88
2023-08-08 18:00:00,38151.19
2023-08-08 19:00:00,39003.5
2023-08-08 20:00:00,39799.07
2023-08-08 21:00:00,38343.32
2023-08-08 22:00:00,37336.63
2023-08-08 23:00:00,35776.1
2023-08-09 00:00:00,32592.38
2023-08-09 01:00:00,32467.39
2023-08-09 02:00:00,32798.56
2023-08-09 03:00:00,31852.9
2023-08-09 04:00:00,32401.55
2023-08-09 05:00:00,33025.91
2023-08-09 06:00:00,34745.23
2023-08-09 07:00:00,36519.92
2023-08-09 08:00:00,37414.95
2023-08-09 09:00:00,37540.04
2023-08-09 10:00:00,37259.24
2023-08-09 11:00:00,35732.1
2023-08-09 12:00:00,34755.02
2023-08-09 13:00:00,34190.37
2023-08-09 14:00:00,34533.92
2023-08-09 15:00:00,35500.97
2023-08-09 16:00:00,36847.28
2023-08-09 17:00:00,37596.05
2023-08-09 18:00:00,40123.54
2023-08-09 19:00:00,39995.17
2023-08-09 20:00:00,40758.15
2023-08-09 21:00:00,39214.27
2023-08-09 22:00:00,37703.03
2023-08-09 23:00:00,36269.8
2023-08-10 00:00:00,33786.41
2023-08-10 01:00:00,33755.57
2023-08-10 02:00:00,33426.51
2023-08-10 03:00:00,32604.34
2023-08-10 04:00:00,32783.65
2023-08-10 05:00:00,33710.76
2023-08-10 06:00:00,35505.51
2023-08-10 07:00:00,37107.65
2023-08-10 08:00:00,37955.59
2023-08-10 09:00:00,38522.36
2023-08-10 10:00:00,38454.05
2023-08-10 11:00:00,36304.41
2023-08-10 12:00:00,35289.59
2023-08-10 13:00:00,35066.06
2023-08-10 14:00:00,34664.77
2023-08-10 15:00:00,35651.68
2023-08-10 16:00:00,36262.96
2023-08-10 17:00:00,38633.48
2023-08-10 18:00:00,39581.66
2023-08-10 19:00:00,40168.27
2023-08-10 20:00:00,40160.4
2023-08-10 21:00:00,39224.5
2023-08-10 22:00:00,38376.77
2023-08-10 23:00:00,35927.07
2023-08-11 00:00:00,33362.26
2023-08-11 01:00:00,33102.51
2023-08-11 02:00:00,32890.08
2023-08-11 03:00:00,32502.29
2023-08-11 04:00:00,32231.56
2023-08-11 05:00:00,33478.34
2023-08-11 06:00:00,35061.96
2023-08-11 07:00:00,36481.81
2023-08-11 08:00:00,38019.73
2023-08-11 09:00:00,38214.5
2023-08-11 10:00:00,37075.79
2023-08-11 11:00:00,35982.12
2023-08-11 12:00:00,34087.65
2023-08-11 13:00:00,34110.92
2023-08-11 14:00:00,34588.76
2023-08-11 15:00:00,34637.87
2023-08-11 16:00:00,35620.01
2023-08-11 17:00:00,38151.37
2023-08-11 18:00:00,39461.26
2023-08-11 19:00:00,39917.47
2023-08-11 20:00:00,40141.85
2023-08-11 21:00:00,38013.57
2023-08-11 22:00:00,37023.75
2023-08-11 23:00:00,35627.72
2023-08-12 00:00:00,28988.59
2023-08-12 01:00:00,28659.7
2023-08-12 02:00:00,27607.53
2023-08-12 03:00:00,28399.1
2023-08-12 04:00:00,28620.86
2023-08-12 05:00:00,29783.69
2023-08-12 06:00:00,30281.93
2023-08-12 07:00:00,31701.45
2023-08-12 08:00:00,32054.36
2023-08-12 09:00:00,33029.26
2023-08-12 10:00:00,32794.35
2023-08-12 11:00:00,31250.64
2023-08-12 12:00:00,31329.33
2023-08-12 13:00:00,30020.14
2023-08-12 14:00:00,30190.19
2023-08-12 15:00:00,30193.29
2023-08-12 16:00:00,31781.24
2023-08-12 17:00:00,32337.06
2023-08-12 18:00:00,34617.22
2023-08-12 19:00:00,35496.73
2023-08-12 20:00:00,35760.83
2023-08-12 21:00:00,34142.81
2023-08-12 22:00:00,33293.0
2023-08-12 23:00:00,32158.55
2023-08-13 00:00:00,27720.98
2023-08-13 01:00:00,27085.83
2023-08-13 02:00:00,26288.27
2023-08-13 03:00:00,27071.32
2023-08-13 04:00:00,27094.98
2023-08-13 05:00:00,27730.41
2023-08-13 06:00:00,29480.48
2023-08-13 07:00:00,30585.78
2023-08-13 08:00:00,31096.15
2023-08-13 09:00:00,31047.41
2023-08-13 10:00:00,30753.2
2023-08-13 11:00:00,31072.18
2023-08-13 12:00:00,29691.48
2023-08-13 13:00:00,29094.14
2023-08-13 14:00:00,29015.75
2023-08-13 15:00:00,29509.99
2023-08-13 16:00:00,30965.8
2023-08-13 17:00:00,31659.27
2023-08-13 18:00:00,33299.65
2023-08-13 19:00:00,33796.31
2023-08-13 20:00:00,34644.5
2023-08-13 21:00:00,33498.75
2023-08-13 22:00:00,32500.33
2023-08-13 23:00:00,30670.57
2023-08-14 00:00:00,35313.91
2023-08-14 01:00:00,34609.67
2023-08-14 02:00:00,34424.93
2023-08-14 03:00:00,34729.31
2023-08-14 04:00:00,34015.29
2023-08-14 05:00:00,35380.74
2023-08-14 06:00:00,37003.38
2023-08-14 07:00:00,38696.04
2023-08-14 08:00:00,39490.02
2023-08-14 09:00:00,40544.1
2023-08-14 10:00:00,38620.45
2023-08-14 11:00:00,38428.06
2023-08-14 12:00:00,37327.0
2023-08-14 13:00:00,37018.93
2023-08-14 14:00:00,35809.9
2023-08-14 15:00:00,36639.7
2023-08-14 16:00:00,38582.43
2023-08-14 17:00:00,38899.27
2023-08-14 18:00:00,40479.47
2023-08-14 19:00:00,41810.31
2023-08-14 20:00:00,42043.14
2023-08-14 21:00:00,41582.95
2023-08-14 22:00:00,39462.85
2023-08-14 23:00:00,37797.82
2023-08-15 00:00:00,35341.06
2023-08-15 01:00:00,35103.71
2023-08-15 02:00:00,34692.41
2023-08-15 03:00:00,34177.32
2023-08-15 04:00:00,33709.49
2023-08-15 05:00:00,34933.02
2023-08-15 06:00:00,37223.17
2023-08-15 07:00:00,38387.46
2023-08-15 08:00:00,39275.56
2023-08-15 09:00:00,39879.56
2023-08-15 10:00:00,38287.21
2023-08-15 11:00:00,37383.76
2023-08-15 12:00:00,36432.74
2023-08-15 13:00:00,35621.27
2023-08-15 14:00:00,35764.38
2023-08-15 15:00:00,36184.67
2023-08-15 16:00:00,36822.51
2023-08-15 17:00:00,38819.58
2023-08-15 18:00:00,39726.95
2023-08-15 19:00:00,41142.29
2023-08-15 20:00:00,41515.73
2023-08-15 21:00:00,39944.79
2023-08-15 22:00:00,38096.78
2023-08-15 23:00:00,36910.1
2023-08-16 00:00:00,33850.8
2023-08-16 01:00:00,34028.54
2023-08-16 02:00:00,33341.83
2023-08-16 03:00:00,33671.61
2023-08-16 04:00:00,33615.76
2023-08-16 05:00:00,34000.39
2023-08-16 06:00:00,35764.64
2023-08-16 07:00:00,36964.28
2023-08-16 08:00:00,38175.58
2023-08-16 09:00:00,38135.76
2023-08-16 10:00:00,37727.34
2023-08-16 11:00:00,36746.2
2023-08-16 12:00:00,35455.14
2023-08-16 13:00:00,34901.89
2023-08-16 14:00:00,34871.25
2023-08-16 15:00:00,35281.15
2023-08-16 16:00:00,35773.2
2023-08-16 17:00:00,38235.88
2023-08-16 18:00:00,39735.54
2023-08-16 19:00:00,39944.96
2023-08-16 20:00:00,39880.51
2023-08-16 21:00:00,39268.39
2023-08-16 22:00:00,37748.22
2023-08-16 23:00:00,35972.39
2023-08-17 00:00:00,32833.29
2023-08-17 01:00:00,33099.97
2023-08-17 02:00:00,32804.49
2023-08-17 03:00:00,32591.9
2023-08-17 04:00:00,32643.73
2023-08-17 05:00:00,33321.03
2023-08-17 06:00:00,35274.11
2023-08-17 07:00:00,36587.79
2023-08-17 08:00:00,37515.09
2023-08-17 09:00:00,37764.75
2023-08-17 10:00:00,36465.42
2023-08-17 11:00:00,35849.91
2023-08-17 12:00:00,35136.94
2023-08-17 13:00:00,34469.35
2023-08-17 14:00:00,34901.79
2023-08-17 15:00:00,34866.82
2023-08-17 16:00:00,36261.38
2023-08-17 17:00:00,37883.83
2023-08-17 18:00:00,39935.36
2023-08-17 19:00:00,40132.77
2023-08-17 20:00:00,39742.21
2023-08-17 21:00:00,39488.45
2023-08-17 22:00:00,38384.18
2023-08-17 23:00:00,36141.77
2023-08-18 00:00:00,33808.89
2023-08-18 01:00:00,33697.69
2023-08-18 02:00:00,33270.43
2023-08-18 03:00:00,32710.32
2023-08-18 04:00:00,32628.22
2023-08-18 05:00:00,33758.41
2023-08-18 06:00:00,35474.36
2023-08-18 07:00:00,37283.84
2023-08-18 08:00:00,38206.33
2023-08-18 09:00:00,38113.83
2023-08-18 10:00:00,37693.63
2023-08-18 11:00:00,36638.1
2023-08-18 12:00:00,35449.54
2023-08-18 13:00:00,34472.46
2023-08-18 14:00:00,34711.47
2023-08-18 15:00:00,35683.43
2023-08-18 16:00:00,35983.76
2023-08-18 17:00:00,37231.71
2023-08-18 18:00:00,39978.93
2023-08-18 19:00:00,40571.55
2023-08-18 20:00:00,40602.17
2023-08-18 21:00:00,39065.68
2023-08-18 22:00:00,38206.12
2023-08-18 23:00:00,36531.0
2023-08-19 00:00:00,29060.97
2023-08-19 01:00:00,29859.87
2023-08-19 02:00:00,29067.16
2023-08-19 03:00:00,28613.81
2023-08-19 04:00:00,28759.0
2023-08-19 05:00:00,28946.09
2023-08-19 06:00:00,31156.97
2023-08-19 07:00:00,32447.56
2023-08-19 08:00:00,33228.2
2023-08-19 09:00:00,33832.57
2023-08-19 10:00:00,32192.52
2023-08-19 11:00:00,31394.18
2023-08-19 12:00:00,30355.97
2023-08-19 13:00:00,30018.52
2023-08-19 14:00:00,30096.17
2023-08-19 15:00:00,30678.36
2023-08-19 16:00:00,31336.56
2023-08-19 17:00:00,32416.15
2023-08-19 18:00:00,34570.5
2023-08-19 19:00:00,35602.46
2023-08-19 20:00:00,34756.5
2023-08-19 21:00:00,33559.31
2023-08-19 22:00:00,32977.99
2023-08-19 23:00:00,30577.5
2023-08-20 00:00:00,26525.0
2023-08-20 01:00:00,26121.88
2023-08-20 02:00:00,25595.65
2023-08-20 03:00:00,25625.67
2023-08-20 04:00:00,25516.31
2023-08-20 05:00:00,26499.29
2023-08-20 06:00:00,27683.78
2023-08-20 07:00:00,28739.86
2023-08-20 08:00:00,29678.54
2023-08-20 09:00:00,29787.64
2023-08-20 10:00:00,29471.86
2023-08-20 11:00:00,28118.48
2023-08-20 12:00:00,27559.6
2023-08-20 13:00:00,26963.45
2023-08-20 14:00:00,26908.94
2023-08-20 15:00:00,27612.89
2023-08-20 16:00:00,27599.0
2023-08-20 17:00:00,29004.01
2023-08-20 18:00:00,30961.11
2023-08-20 19:00:00,30984.68
2023-08-20 20:00:00,30049.78
2023-08-20 21:00:00,30153.81
2023-08-20 22:00:00,29017.09
2023-08-20 23:00:00,26787.72
2023-08-21 00:00:00,31444.07
2023-08-21 01:00:00,30418.4
2023-08-21 02:00:00,30370.98
2023-08-21 03:00:00,29873.08
2023-08-21 04:00:00,29655.35
2023-08-21 05:00:00,30597.27
2023-08-21 06:00:00,32127.07
2023-08-21 07:00:00,34445.94
2023-08-21 08:00:00,35101.55
2023-08-21 09:00:00,35096.04
2023-08-21 10:00:00,34176.72
2023-08-21 11:00:00,33737.68
2023-08-21 12:00:00,32793.25
2023-08-21 13:00:00,32130.91
2023-08-21 14:00:00,31890.42
2023-08-21 15:00:00,32393.24
2023-08-21 16:00:00,32984.43
2023-08-21 17:00:00,34827.67
2023-08-21 18:00:00,36173.46
2023-08-21 19:00:00,36732.78
2023-08-21 20:00:00,37761.51
2023-08-21 21:00:00,36228.41
2023-08-21 22:00:00,35428.65
2023-08-21 23:00:00,33843.06
2023-08-22 00:00:00,30989.2
2023-08-22 01:00:00,30767.49
2023-08-22 02:00:00,29992.31
2023-08-22 03:00:00,30620.09
2023-08-22 04:00:00,30203.88
2023-08-22 05:00:00,31223.7
2023-08-22 06:00:00,32435.3
2023-08-22 07:00:00,34008.55
2023-08-22 08:00:00,35647.26
2023-08-22 09:00:00,35738.34
2023-08-22 10:00:00,34665.39
2023-08-22 11:00:00,33305.38
2023-08-22 12:00:00,32375.59
2023-08-22 13:00:00,32721.05
2023-08-22 14:00:00,32133.69
2023-08-22 15:00:00,32844.68
2023-08-22 16:00:00,34627.38
2023-08-22 17:00:00,35265.88
2023-08-22 18:00:00,36935.29
2023-08-22 19:00:00,37908.32
2023-08-22 20:00:00,38788.98
2023-08-22 21:00:00,38022.81
2023-08-22 22:00:00,36144.94
2023-08-22 23:00:00,34695.65
2023-08-23 00:00:00,31489.75
2023-08-23 01:00:00,32141.32
2023-08-23 02:00:00,31212.9
2023-08-23 03:00:00,31181.27
2023-08-23 04:00:00,31062.57
2023-08-23 05:00:00,31929.39
2023-08-23 06:00:00,34140.83
2023-08-23 07:00:00,35407.48
2023-08-23 08:00:00,36856.92
2023-08-23 09:00:00,36601.77
2023-08-23 10:00:00,35473.36
2023-08-23 11:00:00,34408.75
2023-08-23 12:00:00,33632.85
2023-08-23 13:00:00,32829.82
2023-08-23 14:00:00,32674.78
2023-08-23 15:00:00,34062.78
2023-08-23 16:00:00,34570.69
2023-08-23 17:00:00,36309.14
2023-08-23 18:00:00,37854.06
2023-08-23 19:00:00,38488.95
2023-08-23 20:00:00,39202.96
2023-08-23 21:00:00,37360.32
2023-08-23 22:00:00,36352.05
2023-08-23 23:00:00,34837.53
2023-08-24 00:00:00,31954.26
2023-08-24 01:00:00,31235.97
2023-08-24 02:00:00,31603.4
2023-08-24 03:00:00,31271.31
2023-08-24 04:00:00,30940.34
2023-08-24 05:00:00,32297.11
2023-08-24 06:00:00,33665.59
2023-08-24 07:00:00,34695.78
2023-08-24 08:00:00,35926.0
2023-08-24 09:00:00,36738.15
2023-08-24 10:00:00,35658.42
2023-08-24 11:00:00,34149.02
2023-08-24 12:00:00,32985.16
2023-08-24 13:00:00,32514.35
2023-08-24 14:00:00,32511.09
2023-08-24 15:00:00,32911.05
2023-08-24 16:00:00,33679.31
2023-08-24 17:00:00,36152.27
2023-08-24 18:00:00,37549.99
2023-08-24 19:00:00,37678.9
2023-08-24 20:00:00,38145.18
2023-08-24 21:00:00,36813.14
2023-08-24 22:00:00,35524.73
2023-08-24 23:00:00,33967.67
2023-08-25 00:00:00,31144.88
2023-08-25 01:00:00,31699.63
2023-08-25 02:00:00,30443.73
2023-08-25 03:00:00,30021.18
2023-08-25 04:00:00,30199.91
2023-08-25 05:00:00,31705.17
2023-08-25 06:00:00,32250.14
2023-08-25 07:00:00,34178.06
2023-08-25 08:00:00,36042.53
2023-08-25 09:00:00,35750.0
2023-08-25 10:00:00,34959.0
2023-08-25 11:00:00,34454.54
2023-08-25 12:00:00,32756.85
2023-08-25 13:00:00,31858.2
2023-08-25 14:00:00,32008.62
2023-08-25 15:00:00,32282.73
2023-08-25 16:00:00,34236.65
2023-08-25 17:00:00,35500.38
2023-08-25 18:00:00,37190.32
2023-08-25 19:00:00,38178.58
2023-08-25 20:00:00,37627.32
2023-08-25 21:00:00,36520.63
2023-08-25 22:00:00,35370.15
2023-08-25 23:00:00,33606.34
2023-08-26 00:00:00,27488.86
2023-08-26 01:00:00,27615.07
2023-08-26 02:00:00,26856.76
2023-08-26 03:00:00,26760.06
2023-08-26 04:00:00,26869.3
2023-08-26 05:00:00,28003.45
2023-08-26 06:00:00,28851.3
2023-08-26 07:00:00,29791.87
2023-08-26 08:00:00,31738.84
2023-08-26 09:00:00,32086.02
2023-08-26 10:00:00,31269.5
2023-08-26 11:00:00,29900.37
2023-08-26 12:00:00,28866.22
2023-08-26 13:00:00,28991.22
2023-08-26 14:00:00,28919.39
2023-08-26 15:00:00,29379.46
2023-08-26 16:00:00,31092.61
2023-08-26 17:00:00,31492.28
2023-08-26 18:00:00,33808.16
2023-08-26 19:00:00,34084.15
2023-08-26 20:00:00,33488.54
2023-08-26 21:00:00,33297.69
2023-08-26 22:00:00,32446.54
2023-08-26 23:00:00,30719.19
2023-08-27 00:00:00,26012.08
2023-08-27 01:00:00,26301.39
2023-08-27 02:00:00,25802.5
2023-08-27 03:00:00,26104.34
2023-08-27 04:00:00,26405.15
2023-08-27 05:00:00,26547.43
2023-08-27 06:00:00,27955.21
2023-08-27 07:00:00,29854.71
2023-08-27 08:00:00,30243.38
2023-08-27 09:00:00,30326.98
2023-08-27 10:00:00,29712.84
2023-08-27 11:00:00,29328.13
2023-08-27 12:00:00,28508.79
2023-08-27 13:00:00,27741.15
2023-08-27 14:00:00,28022.52
2023-08-27 15:00:00,29060.1
2023-08-27 16:00:00,29131.68
2023-08-27 17:00:00,30048.21
2023-08-27 18:00:00,32141.16
2023-08-27 19:00:00,32746.42
2023-08-27 20:00:00,32565.29
2023-08-27 21:00:00,32296.03
2023-08-27 22:00:00,31166.48
2023-08-27 23:00:00,28889.2
2023-08-28 00:00:00,33200.59
2023-08-28 01:00:00,33987.62
2023-08-28 02:00:00,33019.17
2023-08-28 03:00:00,32792.66
2023-08-28 04:00:00,33159.53
2023-08-28 05:00:00,33653.6
2023-08-28 06:00:00,35435.76
2023-08-28 07:00:00,37040.7
2023-08-28 08:00:00,38080.09
2023-08-28 09:00:00,37913.02
2023-08-28 10:00:00,37313.9
2023-08-28 11:00:00,35859.81
2023-08-28 12:00:00,35023.0
2023-08-28 13:00:00,34030.26
2023-08-28 14:00:00,34143.93
2023-08-28 15:00:00,34869.63
2023-08-28 16:00:00,35725.02
2023-08-28 17:00:00,37345.69
2023-08-28 18:00:00,38922.55
2023-08-28 19:00:00,40033.11
2023-08-28 20:00:00,40193.21
2023-08-28 21:00:00,38723.41
2023-08-28 22:00:00,37831.26
2023-08-28 23:00:00,36152.99
2023-08-29 00:00:00,33195.98
2023-08-29 01:00:00,32760.85
2023-08-29 02:00:00,32399.14
2023-08-29 03:00:00,32387.84
2023-08-29 04:00:00,32539.67
2023-08-29 05:00:00,33425.62
2023-08-29 06:00:00,34432.98
2023-08-29 07:00:00,36198.66
2023-08-29 08:00:00,37532.88
2023-08-29 09:00:00,36937.65
2023-08-29 10:00:00,36234.45
2023-08-29 11:00:00,35128.61
2023-08-29 12:00:00,34358.83
2023-08-29 13:00:00,33756.43
2023-08-29 14:00:00,33311.46
2023-08-29 15:00:00,33390.11
2023-08-29 16:00:00,35072.63
2023-08-29 17:00:00,36117.09
2023-08-29 18:00:00,37362.84
2023-08-29 19:00:00,38346.16
2023-08-29 20:00:00,38866.66
2023-08-29 21:00:00,38252.27
2023-08-29 22:00:00,36269.88
2023-08-29 23:00:00,34796.25
2023-08-30 00:00:00,32341.33
2023-08-30 01:00:00,31086.39
2023-08-30 02:00:00,31404.68
2023-08-30 03:00:00,30921.9
2023-08-30 04:00:00,31284.57
2023-08-30 05:00:00,31788.56
2023-08-30 06:00:00,33158.81
2023-08-30 07:00:00,35110.02
2023-08-30 08:00:00,36728.69
2023-08-30 09:00:00,36580.94
2023-08-30 10:00:00,35328.97
2023-08-30 11:00:00,33853.64
2023-08-30 12:00:00,32696.39
2023-08-30 13:00:00,33180.84
2023-08-30 14:00:00,32386.61
2023-08-30 15:00:00,33178.8
2023-08-30 16:00:00,34870.72
2023-08-30 17:00:00,35343.73
2023-08-30 18:00:00,37925.84
2023-08-30 19:00:00,38268.77
2023-08-30 20:00:00,37969.72
2023-08-30 21:00:00,37359.16
2023-08-30 22:00:00,35723.8
2023-08-30 23:00:00,34647.48
2023-08-31 00:00:00,31522.86
2023-08-31 01:00:00,30829.9
2023-08-31 02:00:00,31066.36
2023-08-31 03:00:00,30420.11
2023-08-31 04:00:00,31173.81
2023-08-31 05:00:00,31603.75
2023-08-31 06:00:00,33379.89
2023-08-31 07:00:00,35272.88
2023-08-31 08:00:00,36265.94
2023-08-31 09:00:00,36594.83
2023-08-31 10:00:00,36008.92
2023-08-31 11:00:00,34216.18
2023-08-31 12:00:00,33592.96
2023-08-31 13:00:00,31914.62
2023-08-31 14:00:00,33193.89
2023-08-31 15:00:00,33597.77
2023-08-31 16:00:00,34495.43
2023-08-31 17:00:00,36468.46
2023-08-31 18:00:00,38278.32
2023-08-31 19:00:00,38667.09
2023-08-31 20:00:00,38525.81
2023-08-31 21:00:00,37993.64
2023-08-31 22:00:00,36001.48
2023-08-31 23:00:00,34753.06
2023-09-01 00:00:00,32665.45
2023-09-01 01:00:00,32000.75
2023-09-01 02:00:00,30954.54
2023-09-01 03:00:00,30720.22
2023-09-01 04:00:00,31595.49
2023-09-01 05:00:00,32736.52
2023-09-01 06:00:00,33375.76
2023-09-01 07:00:00,35730.27
2023-09-01 08:00:00,37139.47
2023-09-01 09:00:00,37468.17
2023-09-01 10:00:00,36150.83
2023-09-01 11:00:00,35024.03
2023-09-01 12:00:00,33052.55
2023-09-01 13:00:00,33954.51
2023-09-01 14:00:00,32999.16
2023-09-01 15:00:00,33421.01
2023-09-01 16:00:00,34744.31
2023-09-01 17:00:00,36828.48
2023-09-01 18:00:00,38527.82
2023-09-01 19:00:00,38708.85
2023-09-01 20:00:00,38979.84
2023-09-01 21:00:00,37666.56
2023-09-01 22:00:00,35761.8
2023-09-01 23:00:00,35096.87
2023-09-02 00:00:00,27743.49
2023-09-02 01:00:00,28217.12
2023-09-02 02:00:00,27757.37
2023-09-02 03:00:00,27232.02
2023-09-02 04:00:00,27770.08
2023-09-02 05:00:00,28645.99
2023-09-02 06:00:00,29076.55
2023-09-02 07:00:00,30237.58
2023-09-02 08:00:00,30785.44
2023-09-02 09:00:00,32290.56
2023-09-02 10:00:00,30621.88
2023-09-02 11:00:00,30079.41
2023-09-02 12:00:00,28454.5
2023-09-02 13:00:00,28697.59
2023-09-02 14:00:00,27854.54
2023-09-02 15:00:00,28123.08
2023-09-02 16:00:00,29384.06
2023-09-02 17:00:00,30524.29
2023-09-02 18:00:00,32165.96
2023-09-02 19:00:00,32708.43
2023-09-02 20:00:00,32886.83
2023-09-02 21:00:00,31677.45
2023-09-02 22:00:00,30179.86
2023-09-02 23:00:00,28828.24
2023-09-03 00:00:00,25452.98
2023-09-03 01:00:00,24540.17
2023-09-03 02:00:00,23405.28
2023-09-03 03:00:00,23643.51
2023-09-03 04:00:00,23959.85
2023-09-03 05:00:00,25254.69
2023-09-03 06:00:00,26156.46
2023-09-03 07:00:00,26766.51
2023-09-03 08:00:00,28797.46
2023-09-03 09:00:00,28012.73
2023-09-03 10:00:00,27793.53
2023-09-03 11:00:00,25950.05
2023-09-03 12:00:00,24631.67
2023-09-03 13:00:00,24482.88
2023-09-03 14:00:00,23807.16
2023-09-03 15:00:00,26121.74
2023-09-03 16:00:00,26341.72
2023-09-03 17:00:00,27143.23
2023-09-03 18:00:00,28821.82
2023-09-03 19:00:00,29483.43
2023-09-03 20:00:00,29618.48
2023-09-03 21:00:00,29038.52
2023-09-03 22:00:00,27283.51
2023-09-03 23:00:00,25836.09
2023-09-04 00:00:00,29407.55
2023-09-04 01:00:00,29121.15
2023-09-04 02:00:00,28495.09
2023-09-04 03:00:00,28949.99
2023-09-04 04:00:00,28220.51
2023-09-04 05:00:00,28956.19
2023-09-04 06:00:00,30931.37
2023-09-04 07:00:00,32191.59
2023-09-04 08:00:00,33719.23
2023-09-04 09:00:00,33409.97
2023-09-04 10:00:00,32816.16
2023-09-04 11:00:00,32462.08
2023-09-04 12:00:00,30648.1
2023-09-04 13:00:00,29973.02
2023-09-04 14:00:00,30690.25
2023-09-04 15:00:00,30511.35
2023-09-04 16:00:00,31778.68
2023-09-04 17:00:00,33749.21
2023-09-04 18:00:00,35396.12
2023-09-04 19:00:00,36473.49
2023-09-04 20:00:00,35822.89
2023-09-04 21:00:00,35390.14
2023-09-04 22:00:00,33571.62
2023-09-04 23:00:00,32060.61
2023-09-05 00:00:00,29979.3
2023-09-05 01:00:00,29134.48
2023-09-05 02:00:00,29087.12
2023-09-05 03:00:00,28812.81
2023-09-05 04:00:00,28607.16
2023-09-05 05:00:00,30252.06
2023-09-05 06:00:00,31655.4
2023-09-05 07:00:00,32435.16
2023-09-05 08:00:00,34370.44
2023-09-05 09:00:00,34180.18
2023-09-05 10:00:00,34107.72
2023-09-05 11:00:00,32076.78
2023-09-05 12:00:00,31459.13
2023-09-05 13:00:00,31181.19
2023-09-05 14:00:00,31105.97
2023-09-05 15:00:00,31953.85
2023-09-05 16:00:00,32295.12
2023-09-05 17:00:00,34925.34
2023-09-05 18:00:00,36042.34
2023-09-05 19:00:00,37300.93
2023-09-05 20:00:00,37153.77
2023-09-05 21:00:00,35922.42
2023-09-05 22:00:00,34008.8
2023-09-05 23:00:00,32774.53
2023-09-06 00:00:00,30788.69
2023-09-06 01:00:00,30456.11
2023-09-06 02:00:00,29384.95
2023-09-06 03:00:00,28349.3
2023-09-06 04:00:00,29447.86
2023-09-06 05:00:00,30314.56
2023-09-06 06:00:00,31832.23
2023-09-06 07:00:00,33732.95
2023-09-06 08:00:00,34953.28
2023-09-06 09:00:00,35124.86
2023-09-06 10:00:00,34160.32
2023-09-06 11:00:00,32184.98
2023-09-06 12:00:00,31648.22
2023-09-06 13:00:00,31995.18
2023-09-06 14:00:00,31302.27
2023-09-06 15:00:00,31849.71
2023-09-06 16:00:00,32936.32
2023-09-06 17:00:00,34426.41
2023-09-06 18:00:00,34908.56
2023-09-06 19:00:00,36576.12
2023-09-06 20:00:00,36620.99
2023-09-06 21:00:00,36113.94
2023-09-06 22:00:00,34167.49
2023-09-06 23:00:00,32042.92
2023-09-07 00:00:00,29988.89
2023-09-07 01:00:00,29253.92
2023-09-07 02:00:00,28699.85
2023-09-07 03:00:00,28529.52
2023-09-07 04:00:00,29161.96
2023-09-07 05:00:00,30271.9
2023-09-07 06:00:00,31473.48
2023-09-07 07:00:00,33125.28
2023-09-07 08:00:00,34142.27
2023-09-07 09:00:00,34120.61
2023-09-07 10:00:00,33534.83
2023-09-07 11:00:00,31237.96
2023-09-07 12:00:00,31061.59
2023-09-07 13:00:00,30067.02
2023-09-07 14:00:00,30814.45
2023-09-07 15:00:00,30901.02
2023-09-07 16:00:00,32051.6
2023-09-07 17:00:00,32986.56
2023-09-07 18:00:00,35336.24
2023-09-07 19:00:00,36125.94
2023-09-07 20:00:00,36087.69
2023-09-07 21:00:00,34654.76
2023-09-07 22:00:00,33172.61
2023-09-07 23:00:00,32011.96
2023-09-08 00:00:00,28937.2
2023-09-08 01:00:00,29057.63
2023-09-08 02:00:00,27770.86
2023-09-08 03:00:00,28086.54
2023-09-08 04:00:00,29073.75
2023-09-08 05:00:00,29497.82
2023-09-08 06:00:00,30918.0
2023-09-08 07:00:00,33199.07
2023-09-08 08:00:00,32806.67
2023-09-08 09:00:00,33496.94
2023-09-08 10:00:00,32899.33
2023-09-08 11:00:00,32187.37
2023-09-08 12:00:00,31186.94
2023-09-08 13:00:00,30044.3
2023-09-08 14:00:00,30729.68
2023-09-08 15:00:00,30843.83
2023-09-08 16:00:00,32557.83
2023-09-08 17:00:00,33306.25
2023-09-08 18:00:00,35153.5
2023-09-08 19:00:00,36013.54
2023-09-08 20:00:00,36603.71
2023-09-08 21:00:00,35160.34
2023-09-08 22:00:00,33895.0
2023-09-08 23:00:00,32639.65
2023-09-09 00:00:00,26390.84
2023-09-09 01:00:00,26321.99
2023-09-09 02:00:00,25805.16
2023-09-09 03:00:00,25398.81
2023-09-09 04:00:00,25638.31
2023-09-09 05:00:00,26609.85
2023-09-09 06:00:00,28069.38
2023-09-09 07:00:00,29423.48
2023-09-09 08:00:00,30511.19
2023-09-09 09:00:00,30154.38
2023-09-09 10:00:00,30305.27
2023-09-09 11:00:00,29158.11
2023-09-09 12:00:00,28594.74
2023-09-09 13:00:00,27807.62
2023-09-09 14:00:00,27258.11
2023-09-09 15:00:00,28300.37
2023-09-09 16:00:00,29391.17
2023-09-09 17:00:00,31092.52
2023-09-09 18:00:00,31471.95
2023-09-09 19:00:00,33096.28
2023-09-09 20:00:00,33317.18
2023-09-09 21:00:00,32131.23
2023-09-09 22:00:00,31133.51
2023-09-09 23:00:00,29616.92
2023-09-10 00:00:00,25343.0
2023-09-10 01:00:00,25276.48
2023-09-10 02:00:00,24903.19
2023-09-10 03:00:00,25208.51
2023-09-10 04:00:00,24900.56
2023-09-10 05:00:00,25609.47
2023-09-10 06:00:00,27813.19
2023-09-10 07:00:00,28900.96
2023-09-10 08:00:00,28848.8
2023-09-10 09:00:00,29374.93
2023-09-10 10:00:00,29126.63
2023-09-10 11:00:00,28213.23
2023-09-10 12:00:00,26751.7
2023-09-10 13:00:00,27235.88
2023-09-10 14:00:00,27135.73
2023-09-10 15:00:00,27496.17
2023-09-10 16:00:00,28724.58
2023-09-10 17:00:00,29641.54
2023-09-10 18:00:00,30865.23
2023-09-10 19:00:00,32030.77
2023-09-10 20:00:00,31873.74
2023-09-10 21:00:00,30421.7
2023-09-10 22:00:00,29716.7
2023-09-10 23:00:00,28025.94
2023-09-11 00:00:00,31888.24
2023-09-11 01:00:00,31594.92
2023-09-11 02:00:00,30551.64
2023-09-11 03:00:00,30704.03
2023-09-11 04:00:00,31002.93
2023-09-11 05:00:00,31627.14
2023-09-11 06:00:00,33371.27
2023-09-11 07:00:00,35148.55
2023-09-11 08:00:00,35931.76
2023-09-11 09:00:00,36130.4
2023-09-11 10:00:00,35740.16
2023-09-11 11:00:00,34211.13
2023-09-11 12:00:00,33047.41
2023-09-11 13:00:00,32042.78
2023-09-11 14:00:00,32576.12
2023-09-11 15:00:00,32987.9
2023-09-11 16:00:00,34393.42
2023-09-11 17:00:00,35414.2
2023-09-11 18:00:00,36207.82
2023-09-11 19:00:00,37150.85
2023-09-11 20:00:00,37963.79
2023-09-11 21:00:00,36525.07
2023-09-11 22:00:00,35351.13
2023-09-11 23:00:00,33695.97
2023-09-12 00:00:00,30819.41
2023-09-12 01:00:00,30532.54
2023-09-12 02:00:00,29846.52
2023-09-12 03:00:00,29833.42
2023-09-12 04:00:00,29779.86
2023-09-12 05:00:00,30709.35
2023-09-12 06:00:00,32196.5
2023-09-12 07:00:00,33828.09
2023-09-12 08:00:00,35301.87
2023-09-12 09:00:00,35042.1
2023-09-12 10:00:00,34652.47
2023-09-12 11:00:00,33627.79
2023-09-12 12:00:00,32329.49
2023-09-12 13:00:00,31630.64
2023-09-12 14:00:00,31536.61
2023-09-12 15:00:00,32274.74
2023-09-12 16:00:00,33096.46
2023-09-12 17:00:00,34887.88
2023-09-12 18:00:00,36231.13
2023-09-12 19:00:00,36822.47
2023-09-12 20:00:00,37254.72
2023-09-12 21:00:00,36026.25
2023-09-12 22:00:00,34467.66
2023-09-12 23:00:00,32834.89
2023-09-13 00:00:00,30325.03
2023-09-13 01:00:00,30346.82
2023-09-13 02:00:00,29936.57
2023-09-13 03:00:00,29484.29
2023-09-13 04:00:00,29762.78
2023-09-13 05:00:00,30901.04
2023-09-13 06:00:00,31922.26
2023-09-13 07:00:00,33231.28
2023-09-13 08:00:00,35198.46
2023-09-13 09:00:00,34716.0
2023-09-13 10:00:00,33916.43
2023-09-13 11:00:00,32374.54
2023-09-13 12:00:00,32193.31
2023-09-13 13:00:00,30888.04
2023-09-13 14:00:00,31219.72
2023-09-13 15:00:00,32285.01
2023-09-13 16:00:00,33471.14
2023-09-13 17:00:00,34513.18
2023-09-13 18:00:00,36210.44
2023-09-13 19:00:00,36925.72
2023-09-13 20:00:00,37071.63
2023-09-13 21:00:00,36447.47
2023-09-13 22:00:00,34724.8
2023-09-13 23:00:00,33344.83
2023-09-14 00:00:00,30216.41
2023-09-14 01:00:00,30884.88
2023-09-14 02:00:00,30319.69
2023-09-14 03:00:00,30176.46
2023-09-14 04:00:00,30562.6
2023-09-14 05:00:00,30741.85
2023-09-14 06:00:00,32437.62
2023-09-14 07:00:00,33557.21
2023-09-14 08:00:00,36448.11
2023-09-14 09:00:00,35458.87
2023-09-14 10:00:00,35131.98
2023-09-14 11:00:00,33177.47
2023-09-14 12:00:00,32943.59
2023-09-14 13:00:00,32697.71
2023-09-14 14:00:00,32040.37
2023-09-14 15:00:00,32288.29
2023-09-14 16:00:00,33713.39
2023-09-14 17:00:00,34482.67
2023-09-14 18:00:00,36738.94
2023-09-14 19:00:00,37984.2
2023-09-14 20:00:00,37684.64
2023-09-14 21:00:00,36653.31
2023-09-14 22:00:00,35445.5
2023-09-14 23:00:00,33961.44
2023-09-15 00:00:00,30427.09
2023-09-15 01:00:00,30752.51
2023-09-15 02:00:00,31178.53
2023-09-15 03:00:00,29565.91
2023-09-15 04:00:00,30162.65
2023-09-15 05:00:00,31737.33
2023-09-15 06:00:00,32920.25
2023-09-15 07:00:00,33953.55
2023-09-15 08:00:00,35274.65
2023-09-15 09:00:00,35303.52
2023-09-15 10:00:00,34238.1
2023-09-15 11:00:00,33253.97
2023-09-15 12:00:00,32102.99
2023-09-15 13:00:00,31629.69
2023-09-15 14:00:00,31278.54
2023-09-15 15:00:00,31610.58
2023-09-15 16:00:00,33099.28
2023-09-15 17:00:00,35150.92
2023-09-15 18:00:00,36006.99
2023-09-15 19:00:00,36745.02
2023-09-15 20:00:00,37064.49
2023-09-15 21:00:00,35741.11
2023-09-15 22:00:00,34900.15
2023-09-15 23:00:00,32677.43
2023-09-16 00:00:00,26543.6
2023-09-16 01:00:00,25735.38
2023-09-16 02:00:00,25782.71
2023-09-16 03:00:00,25402.43
2023-09-16 04:00:00,25385.9
2023-09-16 05:00:00,25952.96
2023-09-16 06:00:00,27168.14
2023-09-16 07:00:00,28864.24
2023-09-16 08:00:00,29895.56
2023-09-16 09:00:00,29692.25
2023-09-16 10:00:00,29104.09
2023-09-16 11:00:00,27894.21
2023-09-16 12:00:00,26972.94
2023-09-16 13:00:00,26314.37
2023-09-16 14:00:00,26333.65
2023-09-16 15:00:00,27716.33
2023-09-16 16:00:00,27803.6
2023-09-16 17:00:00,29181.02
2023-09-16 18:00:00,30364.12
2023-09-16 19:00:00,30898.34
2023-09-16 20:00:00,31395.78
2023-09-16 21:00:00,29966.44
2023-09-16 22:00:00,29085.65
2023-09-16 23:00:00,27235.32
2023-09-17 00:00:00,22879.52
2023-09-17 01:00:00,23084.86
2023-09-17 02:00:00,22227.03
2023-09-17 03:00:00,22546.62
2023-09-17 04:00:00,22062.03
2023-09-17 05:00:00,23072.56
2023-09-17 06:00:00,23892.94
2023-09-17 07:00:00,26698.18
2023-09-17 08:00:00,26016.42
2023-09-17 09:00:00,26695.6
2023-09-17 10:00:00,26450.78
2023-09-17 11:00:00,25435.55
2023-09-17 12:00:00,24513.07
2023-09-17 13:00:00,23634.71
2023-09-17 14:00:00,24213.57
2023-09-17 15:00:00,24524.2
2023-09-17 16:00:00,25189.03
2023-09-17 17:00:00,26425.15
2023-09-17 18:00:00,27456.95
2023-09-17 19:00:00,28024.27
2023-09-17 20:00:00,28784.86
2023-09-17 21:00:00,28049.93
2023-09-17 22:00:00,26075.28
2023-09-17 23:00:00,25113.6
2023-09-18 00:00:00,27939.3
2023-09-18 01:00:00,27727.67
2023-09-18 02:00:00,27407.17
2023-09-18 03:00:00,27469.05
2023-09-18 04:00:00,27085.81
2023-09-18 05:00:00,27971.01
2023-09-18 06:00:00,30235.11
2023-09-18 07:00:00,31302.89
2023-09-18 08:00:00,32158.99
2023-09-18 09:00:00,32603.69
2023-09-18 10:00:00,31927.81
2023-09-18 11:00:00,31445.05
2023-09-18 12:00:00,30226.03
2023-09-18 13:00:00,29776.55
2023-09-18 14:00:00,29698.04
2023-09-18 15:00:00,30347.37
2023-09-18 16:00:00,30921.96
2023-09-18 17:00:00,32622.26
2023-09-18 18:00:00,33866.49
2023-09-18 19:00:00,35117.01
2023-09-18 20:00:00,35465.43
2023-09-18 21:00:00,34365.61
2023-09-18 22:00:00,33324.31
2023-09-18 23:00:00,30995.39
2023-09-19 00:00:00,28880.91
2023-09-19 01:00:00,28025.81
2023-09-19 02:00:00,28145.15
2023-09-19 03:00:00,28124.81
2023-09-19 04:00:00,27997.47
2023-09-19 05:00:00,29179.18
2023-09-19 06:00:00,30176.02
2023-09-19 07:00:00,31579.53
2023-09-19 08:00:00,33477.25
2023-09-19 09:00:00,34046.3
2023-09-19 10:00:00,32335.34
2023-09-19 11:00:00,31944.56
2023-09-19 12:00:00,30506.13
2023-09-19 13:00:00,29466.0
2023-09-19 14:00:00,29541.09
2023-09-19 15:00:00,30512.92
2023-09-19 16:00:00,31475.37
2023-09-19 17:00:00,32647.27
2023-09-19 18:00:00,33994.07
2023-09-19 19:00:00,35225.62
2023-09-19 20:00:00,35580.86
2023-09-19 21:00:00,34557.66
2023-09-19 22:00:00,32884.44
2023-09-19 23:00:00,31612.32
2023-09-20 00:00:00,29170.73
2023-09-20 01:00:00,28652.36
2023-09-20 02:00:00,28071.81
2023-09-20 03:00:00,28142.77
2023-09-20 04:00:00,27639.02
2023-09-20 05:00:00,28760.34
2023-09-20 06:00:00,30245.06
2023-09-20 07:00:00,31483.72
2023-09-20 08:00:00,32842.27
2023-09-20 09:00:00,32369.67
2023-09-20 10:00:00,32967.46
2023-09-20 11:00:00,30758.52
2023-09-20 12:00:00,30572.99
2023-09-20 13:00:00,29432.54
2023-09-20 14:00:00,29581.2
2023-09-20 15:00:00,29745.39
2023-09-20 16:00:00,31063.66
2023-09-20 17:00:00,32675.63
2023-09-20 18:00:00,34130.42
2023-09-20 19:00:00,35076.28
2023-09-20 20:00:00,34642.26
2023-09-20 21:00:00,33627.78
2023-09-20 22:00:00,31718.72
2023-09-20 23:00:00,30925.42
2023-09-21 00:00:00,28375.86
2023-09-21 01:00:00,28260.45
2023-09-21 02:00:00,27394.91
2023-09-21 03:00:00,26720.19
2023-09-21 04:00:00,26551.52
2023-09-21 05:00:00,28377.57
2023-09-21 06:00:00,28867.44
2023-09-21 07:00:00,30988.28
2023-09-21 08:00:00,32115.08
2023-09-21 09:00:00,32292.83
2023-09-21 10:00:00,31552.14
2023-09-21 11:00:00,30399.84
2023-09-21 12:00:00,28464.03
2023-09-21 13:00:00,28745.73
2023-09-21 14:00:00,27957.45
2023-09-21 15:00:00,29562.95
2023-09-21 16:00:00,30225.59
2023-09-21 17:00:00,31163.57
2023-09-21 18:00:00,33127.66
2023-09-21 19:00:00,34167.16
2023-09-21 20:00:00,34798.66
2023-09-21 21:00:00,33526.88
2023-09-21 22:00:00,32112.9
2023-09-21 23:00:00,30926.84
2023-09-22 00:00:00,27794.4
2023-09-22 01:00:00,27848.65
2023-09-22 02:00:00,27477.51
2023-09-22 03:00:00,26549.71
2023-09-22 04:00:00,27735.05
2023-09-22 05:00:00,27653.23
2023-09-22 06:00:00,30018.53
2023-09-22 07:00:00,30842.27
2023-09-22 08:00:00,32734.44
2023-09-22 09:00:00,33363.94
2023-09-22 10:00:00,31924.74
2023-09-22 11:00:00,30785.62
2023-09-22 12:00:00,30110.53
2023-09-22 13:00:00,29275.62
2023-09-22 14:00:00,30086.38
2023-09-22 15:00:00,30146.82
2023-09-22 16:00:00,31140.03
2023-09-22 17:00:00,32619.41
2023-09-22 18:00:00,34032.13
2023-09-22 19:00:00,35147.13
2023-09-22 20:00:00,35311.37
2023-09-22 21:00:00,34389.36
2023-09-22 22:00:00,32911.32
2023-09-22 23:00:00,32442.14
2023-09-23 00:00:00,25218.38
2023-09-23 01:00:00,25450.6
2023-09-23 02:00:00,25333.63
2023-09-23 03:00:00,25166.38
2023-09-23 04:00:00,25144.89
2023-09-23 05:00:00,25923.76
2023-09-23 06:00:00,27548.02
2023-09-23 07:00:00,28975.42
2023-09-23 08:00:00,29818.53
2023-09-23 09:00:00,29539.4
2023-09-23 10:00:00,29302.9
2023-09-23 11:00:00,28081.15
2023-09-23 12:00:00,27389.5
2023-09-23 13:00:00,27187.77
2023-09-23 14:00:00,27348.84
2023-09-23 15:00:00,28392.42
2023-09-23 16:00:00,28601.79
2023-09-23 17:00:00,30416.29
2023-09-23 18:00:00,31598.93
2023-09-23 19:00:00,32812.13
2023-09-23 20:00:00,32595.93
2023-09-23 21:00:00,31245.72
2023-09-23 22:00:00,29718.29
2023-09-23 23:00:00,29136.34
2023-09-24 00:00:00,24668.0
2023-09-24 01:00:00,24307.96
2023-09-24 02:00:00,23916.26
2023-09-24 03:00:00,24209.31
2023-09-24 04:00:00,24844.44
2023-09-24 05:00:00,24916.18
2023-09-24 06:00:00,26509.17
2023-09-24 07:00:00,27611.25
2023-09-24 08:00:00,28105.39
2023-09-24 09:00:00,28930.03
2023-09-24 10:00:00,27662.78
2023-09-24 11:00:00,27085.64
2023-09-24 12:00:00,26106.17
2023-09-24 13:00:00,26069.72
2023-09-24 14:00:00,25378.1
2023-09-24 15:00:00,26341.08
2023-09-24 16:00:00,26808.31
2023-09-24 17:00:00,28133.2
2023-09-24 18:00:00,28241.79
2023-09-24 19:00:00,31001.48
2023-09-24 20:00:00,30443.29
2023-09-24 21:00:00,29189.46
2023-09-24 22:00:00,27823.77
2023-09-24 23:00:00,26788.81
2023-09-25 00:00:00,30398.35
2023-09-25 01:00:00,29181.78
2023-09-25 02:00:00,29383.94
2023-09-25 03:00:00,29747.34
2023-09-25 04:00:00,28879.04
2023-09-25 05:00:00,30160.35
2023-09-25 06:00:00,32372.9
2023-09-25 07:00:00,33418.36
2023-09-25 08:00:00,34308.91
2023-09-25 09:00:00,34545.04
2023-09-25 10:00:00,33426.98
2023-09-25 11:00:00,32808.93
2023-09-25 12:00:00,31144.98
2023-09-25 13:00:00,30000.94
2023-09-25 14:00:00,30515.63
2023-09-25 15:00:00,30849.92
2023-09-25 16:00:00,32168.07
2023-09-25 17:00:00,33637.72
2023-09-25 18:00:00,35603.23
2023-09-25 19:00:00,36341.62
2023-09-25 20:00:00,36164.28
2023-09-25 21:00:00,35104.54
2023-09-25 22:00:00,33225.31
2023-09-25 23:00:00,31308.49
2023-09-26 00:00:00,29390.54
2023-09-26 01:00:00,29338.68
2023-09-26 02:00:00,28628.29
2023-09-26 03:00:00,28192.33
2023-09-26 04:00:00,28712.56
2023-09-26 05:00:00,29402.1
2023-09-26 06:00:00,31518.51
2023-09-26 07:00:00,32985.63
2023-09-26 08:00:00,33990.52
2023-09-26 09:00:00,34057.91
2023-09-26 10:00:00,32578.01
2023-09-26 11:00:00,32087.73
2023-09-26 12:00:00,30959.29
2023-09-26 13:00:00,30484.63
2023-09-26 14:00:00,30455.15
2023-09-26 15:00:00,31022.67
2023-09-26 16:00:00,32934.64
2023-09-26 17:00:00,33472.48
2023-09-26 18:00:00,35331.28
2023-09-26 19:00:00,35802.11
2023-09-26 20:00:00,36267.19
2023-09-26 21:00:00,35402.49
2023-09-26 22:00:00,33741.45
2023-09-26 23:00:00,32723.73
2023-09-27 00:00:00,29160.78
2023-09-27 01:00:00,29057.97
2023-09-27 02:00:00,28956.29
2023-09-27 03:00:00,28950.37
2023-09-27 04:00:00,28920.98
2023-09-27 05:00:00,30233.74
2023-09-27 06:00:00,31092.1
2023-09-27 07:00:00,32591.16
2023-09-27 08:00:00,34237.85
2023-09-27 09:00:00,34278.06
2023-09-27 10:00:00,33766.81
2023-09-27 11:00:00,32425.83
2023-09-27 12:00:00,31318.32
2023-09-27 13:00:00,30883.3
2023-09-27 14:00:00,30954.63
2023-09-27 15:00:00,31441.03
2023-09-27 16:00:00,32620.64
2023-09-27 17:00:00,34076.06
2023-09-27 18:00:00,36034.19
2023-09-27 19:00:00,36775.08
2023-09-27 20:00:00,37526.7
2023-09-27 21:00:00,35879.19
2023-09-27 22:00:00,34169.79
2023-09-27 23:00:00,33819.02
2023-09-28 00:00:00,30355.02
2023-09-28 01:00:00,30304.33
2023-09-28 02:00:00,29804.39
2023-09-28 03:00:00,29557.88
2023-09-28 04:00:00,29722.6
2023-09-28 05:00:00,30050.86
2023-09-28 06:00:00,32077.86
2023-09-28 07:00:00,33121.71
2023-09-28 08:00:00,34630.43
2023-09-28 09:00:00,34575.98
2023-09-28 10:00:00,34187.29
2023-09-28 11:00:00,32995.45
2023-09-28 12:00:00,32003.84
2023-09-28 13:00:00,31360.67
2023-09-28 14:00:00,31032.79
2023-09-28 15:00:00,31704.88
2023-09-28 16:00:00,33208.02
2023-09-28 17:00:00,34728.95
2023-09-28 18:00:00,35412.82
2023-09-28 19:00:00,36191.53
2023-09-28 20:00:00,36441.53
2023-09-28 21:00:00,36085.54
2023-09-28 22:00:00,34621.2
2023-09-28 23:00:00,32329.81
2023-09-29 00:00:00,30024.54
2023-09-29 01:00:00,30241.21
2023-09-29 02:00:00,29318.29
2023-09-29 03:00:00,29347.47
2023-09-29 04:00:00,29329.29
2023-09-29 05:00:00,29497.49
2023-09-29 06:00:00,31197.62
2023-09-29 07:00:00,32848.64
2023-09-29 08:00:00,33916.11
2023-09-29 09:00:00,34277.16
2023-09-29 10:00:00,33271.37
2023-09-29 11:00:00,30858.18
2023-09-29 12:00:00,30326.22
2023-09-29 13:00:00,29389.64
2023-09-29 14:00:00,30148.58
2023-09-29 15:00:00,30671.59
2023-09-29 16:00:00,31727.77
2023-09-29 17:00:00,32716.47
2023-09-29 18:00:00,34703.89
2023-09-29 19:00:00,35591.47
2023-09-29 20:00:00,34832.72
2023-09-29 21:00:00,33748.43
2023-09-29 22:00:00,32706.7
2023-09-29 23:00:00,31763.56
2023-09-30 00:00:00,25567.49
2023-09-30 01:00:00,24871.66
2023-09-30 02:00:00,24028.54
2023-09-30 03:00:00,24298.02
2023-09-30 04:00:00,23934.47
2023-09-30 05:00:00,24554.34
2023-09-30 06:00:00,25344.26
2023-09-30 07:00:00,27514.79
2023-09-30 08:00:00,28180.36
2023-09-30 09:00:00,28509.19
2023-09-30 10:00:00,26952.16
2023-09-30 11:00:00,26736.37
2023-09-30 12:00:00,24874.4
2023-09-30 13:00:00,25570.76
2023-09-30 14:00:00,25335.28
2023-09-30 15:00:00,25520.67
2023-09-30 16:00:00,26759.64
2023-09-30 17:00:00,27503.94
2023-09-30 18:00:00,29151.09
2023-09-30 19:00:00,30208.1
2023-09-30 20:00:00,28824.87
2023-09-30 21:00:00,28902.84
2023-09-30 22:00:00,27726.07
2023-09-30 23:00:00,26328.26
2023-10-01 00:00:00,22890.6
2023-10-01 01:00:00,21754.53
2023-10-01 02:00:00,21613.2
2023-10-01 03:00:00,20931.62
2023-10-01 04:00:00,22277.71
2023-10-01 05:00:00,22393.14
2023-10-01 06:00:00,23561.55
2023-10-01 07:00:00,25037.87
2023-10-01 08:00:00,26189.71
2023-10-01 09:00:00,26210.24
2023-10-01 10:00:00,26398.14
2023-10-01 11:00:00,24676.11
2023-10-01 12:00:00,23519.66
2023-10-01 13:00:00,23038.88
2023-10-01 14:00:00,23114.22
2023-10-01 15:00:00,23210.34
2023-10-01 16:00:00,24679.64
2023-10-01 17:00:00,26184.58
2023-10-01 18:00:00,26935.42
2023-10-01 19:00:00,27663.03
2023-10-01 20:00:00,28500.37
2023-10-01 21:00:00,26723.03
2023-10-01 22:00:00,25305.01
2023-10-01 23:00:00,24418.97
2023-10-02 00:00:00,27077.25
2023-10-02 01:00:00,27511.18
2023-10-02 02:00:00,26903.57
2023-10-02 03:00:00,26712.34
2023-10-02 04:00:00,27407.06
2023-10-02 05:00:00,27684.24
2023-10-02 06:00:00,29733.47
2023-10-02 07:00:00,31652.75
2023-10-02 08:00:00,32097.77
2023-10-02 09:00:00,32683.03
2023-10-02 10:00:00,31603.84
2023-10-02 11:00:00,30861.16
2023-10-02 12:00:00,28979.22
2023-10-02 13:00:00,28414.13
2023-10-02 14:00:00,28875.8
2023-10-02 15:00:00,29291.65
2023-10-02 16:00:00,30551.82
2023-10-02 17:00:00,32166.55
2023-10-02 18:00:00,33996.84
2023-10-02 19:00:00,34558.71
2023-10-02 20:00:00,34425.85
2023-10-02 21:00:00,33659.9
2023-10-02 22:00:00,32035.55
2023-10-02 23:00:00,30481.36
2023-10-03 00:00:00,27562.84
2023-10-03 01:00:00,27880.59
2023-10-03 02:00:00,27277.85
2023-10-03 03:00:00,27539.01
2023-10-03 04:00:00,26870.86
2023-10-03 05:00:00,28070.72
2023-10-03 06:00:00,30389.43
2023-10-03 07:00:00,31044.44
2023-10-03 08:00:00,32379.28
2023-10-03 09:00:00,32158.31
2023-10-03 10:00:00,31328.14
2023-10-03 11:00:00,31142.78
2023-10-03 12:00:00,29603.72
2023-10-03 13:00:00,29002.04
2023-10-03 14:00:00,28334.42
2023-10-03 15:00:00,29593.75
2023-10-03 16:00:00,30953.24
2023-10-03 17:00:00,32411.47
2023-10-03 18:00:00,33695.24
2023-10-03 19:00:00,33973.9
2023-10-03 20:00:00,34443.79
2023-10-03 21:00:00,33589.75
2023-10-03 22:00:00,31204.24
2023-10-03 23:00:00,29899.12
2023-10-04 00:00:00,27881.05
2023-10-04 01:00:00,27564.75
2023-10-04 02:00:00,26297.73
2023-10-04 03:00:00,26804.96
2023-10-04 04:00:00,26701.97
2023-10-04 05:00:00,27792.61
2023-10-04 06:00:00,28761.8
2023-10-04 07:00:00,30800.9
2023-10-04 08:00:00,31934.76
2023-10-04 09:00:00,31616.69
2023-10-04 10:00:00,30943.55
2023-10-04 11:00:00,29495.99
2023-10-04 12:00:00,29231.36
2023-10-04 13:00:00,28013.48
2023-10-04 14:00:00,27699.93
2023-10-04 15:00:00,28309.68
2023-10-04 16:00:00,29685.44
2023-10-04 17:00:00,31370.05
2023-10-04 18:00:00,32098.73
2023-10-04 19:00:00,34131.99
2023-10-04 20:00:00,33572.86
2023-10-04 21:00:00,32667.92
2023-10-04 22:00:00,30968.13
2023-10-04 23:00:00,29492.76
2023-10-05 00:00:00,26742.69
2023-10-05 01:00:00,26869.8
2023-10-05 02:00:00,26126.55
2023-10-05 03:00:00,26121.94
2023-10-05 04:00:00,25883.64
2023-10-05 05:00:00,26997.52
2023-10-05 06:00:00,28157.91
2023-10-05 07:00:00,30504.45
2023-10-05 08:00:00,30901.79
2023-10-05 09:00:00,31232.99
2023-10-05 10:00:00,30489.19
2023-10-05 11:00:00,29318.17
2023-10-05 12:00:00,28684.02
2023-10-05 13:00:00,27783.01
2023-10-05 14:00:00,28410.63
2023-10-05 15:00:00,28236.98
2023-10-05 16:00:00,29727.75
2023-10-05 17:00:00,30927.3
2023-10-05 18:00:00,32871.77
2023-10-05 19:00:00,33704.07
2023-10-05 20:00:00,33701.35
2023-10-05 21:00:00,33277.95
2023-10-05 22:00:00,31196.84
2023-10-05 23:00:00,30181.05
2023-10-06 00:00:00,27082.72
2023-10-06 01:00:00,27175.03
2023-10-06 02:00:00,26396.68
2023-10-06 03:00:00,26370.04
2023-10-06 04:00:00,26816.48
2023-10-06 05:00:00,28433.69
2023-10-06 06:00:00,29402.13
2023-10-06 07:00:00,31641.51
2023-10-06 08:00:00,32308.51
2023-10-06 09:00:00,32300.89
2023-10-06 10:00:00,32277.27
2023-10-06 11:00:00,30780.97
2023-10-06 12:00:00,29436.34
2023-10-06 13:00:00,29330.04
2023-10-06 14:00:00,29130.24
2023-10-06 15:00:00,29172.49
2023-10-06 16:00:00,31373.4
2023-10-06 17:00:00,32988.24
2023-10-06 18:00:00,34799.36
2023-10-06 19:00:00,35311.09
2023-10-06 20:00:00,35140.77
2023-10-06 21:00:00,34641.39
2023-10-06 22:00:00,33221.79
2023-10-06 23:00:00,32055.38
2023-10-07 00:00:00,25384.77
2023-10-07 01:00:00,25152.46
2023-10-07 02:00:00,24675.1
2023-10-07 03:00:00,24919.95
2023-10-07 04:00:00,24394.81
2023-10-07 05:00:00,26034.86
2023-10-07 06:00:00,27333.57
2023-10-07 07:00:00,28806.14
2023-10-07 08:00:00,29656.97
2023-10-07 09:00:00,30301.1
2023-10-07 10:00:00,29428.4
2023-10-07 11:00:00,27903.55
2023-10-07 12:00:00,27026.53
2023-10-07 13:00:00,26453.33
2023-10-07 14:00:00,26975.93
2023-10-07 15:00:00,26952.88
2023-10-07 16:00:00,28676.14
2023-10-07 17:00:00,30088.22
2023-10-07 18:00:00,30636.76
2023-10-07 19:00:00,31718.45
2023-10-07 20:00:00,31797.02
2023-10-07 21:00:00,31277.04
2023-10-07 22:00:00,30225.58
2023-10-07 23:00:00,27750.52
2023-10-08 00:00:00,24101.87
2023-10-08 01:00:00,23892.67
2023-10-08 02:00:00,23179.18
2023-10-08 03:00:00,23267.9
2023-10-08 04:00:00,23726.92
2023-10-08 05:00:00,24198.49
2023-10-08 06:00:00,24975.79
2023-10-08 07:00:00,27844.58
2023-10-08 08:00:00,27820.07
2023-10-08 09:00:00,27861.7
2023-10-08 10:00:00,26791.91
2023-10-08 11:00:00,26281.12
2023-10-08 12:00:00,25262.67
2023-10-08 13:00:00,24174.42
2023-10-08 14:00:00,24437.15
2023-10-08 15:00:00,25532.08
2023-10-08 16:00:00,26819.84
2023-10-08 17:00:00,27466.76
2023-10-08 18:00:00,28916.72
2023-10-08 19:00:00,29223.05
2023-10-08 20:00:00,29221.86
2023-10-08 21:00:00,28836.16
2023-10-08 22:00:00,27791.87
2023-10-08 23:00:00,26407.89
2023-10-09 00:00:00,28573.04
2023-10-09 01:00:00,28620.33
2023-10-09 02:00:00,28333.16
2023-10-09 03:00:00,27843.86
2023-10-09 04:00:00,28225.25
2023-10-09 05:00:00,29241.24
2023-10-09 06:00:00,30784.56
2023-10-09 07:00:00,32630.74
2023-10-09 08:00:00,33006.57
2023-10-09 09:00:00,32762.45
2023-10-09 10:00:00,32581.52
2023-10-09 11:00:00,31920.51
2023-10-09 12:00:00,30044.66
2023-10-09 13:00:00,29875.07
2023-10-09 14:00:00,29866.62
2023-10-09 15:00:00,30249.59
2023-10-09 16:00:00,31288.19
2023-10-09 17:00:00,32450.55
2023-10-09 18:00:00,33458.0
2023-10-09 19:00:00,34809.59
2023-10-09 20:00:00,35064.84
2023-10-09 21:00:00,34648.56
2023-10-09 22:00:00,32748.93
2023-10-09 23:00:00,31110.1
2023-10-10 00:00:00,28320.51
2023-10-10 01:00:00,28603.35
2023-10-10 02:00:00,28486.26
2023-10-10 03:00:00,28128.17
2023-10-10 04:00:00,28170.4
2023-10-10 05:00:00,28354.77
2023-10-10 06:00:00,30276.89
2023-10-10 07:00:00,32738.37
2023-10-10 08:00:00,33580.77
2023-10-10 09:00:00,32818.18
2023-10-10 10:00:00,32603.3
2023-10-10 11:00:00,31604.81
2023-10-10 12:00:00,30210.88
2023-10-10 13:00:00,29141.31
2023-10-10 14:00:00,30020.55
2023-10-10 15:00:00,30316.68
2023-10-10 16:00:00,31466.97
2023-10-10 17:00:00,33149.5
2023-10-10 18:00:00,34752.42
2023-10-10 19:00:00,35779.16
2023-10-10 20:00:00,35514.71
2023-10-10 21:00:00,34847.02
2023-10-10 22:00:00,32864.27
2023-10-10 23:00:00,32127.28
2023-10-11 00:00:00,28390.81
2023-10-11 01:00:00,29057.42
2023-10-11 02:00:00,29142.15
2023-10-11 03:00:00,28216.23
2023-10-11 04:00:00,29058.45
2023-10-11 05:00:00,30140.53
2023-10-11 06:00:00,30119.15
2023-10-11 07:00:00,32889.69
2023-10-11 08:00:00,33073.01
2023-10-11 09:00:00,34208.62
2023-10-11 10:00:00,33512.77
2023-10-11 11:00:00,31496.77
2023-10-11 12:00:00,32031.25
2023-10-11 13:00:00,30918.11
2023-10-11 14:00:00,30542.39
2023-10-11 15:00:00,31940.57
2023-10-11 16:00:00,31926.47
2023-10-11 17:00:00,33632.05
2023-10-11 18:00:00,34754.75
2023-10-11 19:00:00,37141.58
2023-10-11 20:00:00,36634.69
2023-10-11 21:00:00,35811.49
2023-10-11 22:00:00,34200.72
2023-10-11 23:00:00,32791.81
2023-10-12 00:00:00,29945.9
2023-10-12 01:00:00,29732.9
2023-10-12 02:00:00,29286.26
2023-10-12 03:00:00,28748.68
2023-10-12 04:00:00,29110.45
2023-10-12 05:00:00,30093.25
2023-10-12 06:00:00,31517.64
2023-10-12 07:00:00,32566.42
2023-10-12 08:00:00,33687.23
2023-10-12 09:00:00,34643.64
2023-10-12 10:00:00,33357.61
2023-10-12 11:00:00,32454.33
2023-10-12 12:00:00,30792.87
2023-10-12 13:00:00,30053.01
2023-10-12 14:00:00,30227.67
2023-10-12 15:00:00,30965.87
2023-10-12 16:00:00,31871.03
2023-10-12 17:00:00,33997.17
2023-10-12 18:00:00,35038.11
2023-10-12 19:00:00,36508.47
2023-10-12 20:00:00,35945.4
2023-10-12 21:00:00,33958.28
2023-10-12 22:00:00,33624.77
2023-10-12 23:00:00,31161.78
2023-10-13 00:00:00,29041.0
2023-10-13 01:00:00,28351.61
2023-10-13 02:00:00,28928.21
2023-10-13 03:00:00,28342.43
2023-10-13 04:00:00,27693.62
2023-10-13 05:00:00,28731.55
2023-10-13 06:00:00,30298.03
2023-10-13 07:00:00,32076.96
2023-10-13 08:00:00,32819.92
2023-10-13 09:00:00,32521.35
2023-10-13 10:00:00,31796.19
2023-10-13 11:00:00,30800.52
2023-10-13 12:00:00,30133.08
2023-10-13 13:00:00,29221.2
2023-10-13 14:00:00,28735.52
2023-10-13 15:00:00,29737.97
2023-10-13 16:00:00,30423.25
2023-10-13 17:00:00,32302.03
2023-10-13 18:00:00,34300.7
2023-10-13 19:00:00,34175.25
2023-10-13 20:00:00,34526.09
2023-10-13 21:00:00,32989.28
2023-10-13 22:00:00,31672.79
2023-10-13 23:00:00,30170.37
2023-10-14 00:00:00,24086.65
2023-10-14 01:00:00,24737.01
2023-10-14 02:00:00,23397.03
2023-10-14 03:00:00,23434.24
2023-10-14 04:00:00,22680.48
2023-10-14 05:00:00,24260.3
2023-10-14 06:00:00,25804.35
2023-10-14 07:00:00,26628.93
2023-10-14 08:00:00,26882.26
2023-10-14 09:00:00,27847.97
2023-10-14 10:00:00,27175.59
2023-10-14 11:00:00,26370.06
2023-10-14 12:00:00,25896.24
2023-10-14 13:00:00,24551.81
2023-10-14 14:00:00,24375.68
2023-10-14 15:00:00,24760.54
2023-10-14 16:00:00,26210.78
2023-10-14 17:00:00,27620.7
2023-10-14 18:00:00,28569.16
2023-10-14 19:00:00,29864.28
2023-10-14 20:00:00,29759.63
2023-10-14 21:00:00,28789.96
2023-10-14 22:00:00,27159.65
2023-10-14 23:00:00,25995.2
2023-10-15 00:00:00,21357.33
2023-10-15 01:00:00,22079.78
2023-10-15 02:00:00,21710.55
2023-10-15 03:00:00,21559.35
2023-10-15 04:00:00,21836.32
2023-10-15 05:00:00,22543.54
2023-10-15 06:00:00,23622.88
2023-10-15 07:00:00,25035.98
2023-10-15 08:00:00,25453.2
2023-10-15 09:00:00,25875.74
2023-10-15 10:00:00,25492.82
2023-10-15 11:00:00,24274.49
2023-10-15 12:00:00,24007.99
2023-10-15 13:00:00,23037.48
2023-10-15 14:00:00,23366.79
2023-10-15 15:00:00,23821.46
2023-10-15 16:00:00,24975.35
2023-10-15 17:00:00,26276.39
2023-10-15 18:00:00,27444.51
2023-10-15 19:00:00,27259.25
2023-10-15 20:00:00,28436.21
2023-10-15 21:00:00,27801.54
2023-10-15 22:00:00,25899.4
2023-10-15 23:00:00,24937.96
2023-10-16 00:00:00,27359.59
2023-10-16 01:00:00,26737.31
2023-10-16 02:00:00,26801.04
2023-10-16 03:00:00,26614.86
2023-10-16 04:00:00,26877.3
2023-10-16 05:00:00,27570.29
2023-10-16 06:00:00,29165.45
2023-10-16 07:00:00,31058.74
2023-10-16 08:00:00,31903.97
2023-10-16 09:00:00,32507.82
2023-10-16 10:00:00,31794.6
2023-10-16 11:00:00,31212.32
2023-10-16 12:00:00,29737.6
2023-10-16 13:00:00,28861.5
2023-10-16 14:00:00,28553.15
2023-10-16 15:00:00,29433.51
2023-10-16 16:00:00,30544.68
2023-10-16 17:00:00,31730.68
2023-10-16 18:00:00,33654.92
2023-10-16 19:00:00,33816.35
2023-10-16 20:00:00,34201.24
2023-10-16 21:00:00,33518.24
2023-10-16 22:00:00,31713.03
2023-10-16 23:00:00,30213.12
2023-10-17 00:00:00,27549.19
2023-10-17 01:00:00,27002.66
2023-10-17 02:00:00,27295.86
2023-10-17 03:00:00,26222.38
2023-10-17 04:00:00,26837.11
2023-10-17 05:00:00,27724.67
2023-10-17 06:00:00,28714.32
2023-10-17 07:00:00,30663.23
2023-10-17 08:00:00,31381.96
2023-10-17 09:00:00,32284.01
2023-10-17 10:00:00,30591.03
2023-10-17 11:00:00,29539.36
2023-10-17 12:00:00,28261.23
2023-10-17 13:00:00,27606.15
2023-10-17 14:00:00,28592.89
2023-10-17 15:00:00,28749.29
2023-10-17 16:00:00,29673.27
2023-10-17 17:00:00,30841.92
2023-10-17 18:00:00,32829.8
2023-10-17 19:00:00,33121.55
2023-10-17 20:00:00,33644.53
2023-10-17 21:00:00,32076.85
2023-10-17 22:00:00,30628.23
2023-10-17 23:00:00,29575.71
2023-10-18 00:00:00,26913.74
2023-10-18 01:00:00,26509.39
2023-10-18 02:00:00,25517.26
2023-10-18 03:00:00,25419.87
2023-10-18 04:00:00,25779.49
2023-10-18 05:00:00,26286.21
2023-10-18 06:00:00,28537.93
2023-10-18 07:00:00,28820.37
2023-10-18 08:00:00,30466.28
2023-10-18 09:00:00,30675.84
2023-10-18 10:00:00,29073.19
2023-10-18 11:00:00,28383.79
2023-10-18 12:00:00,28041.38
2023-10-18 13:00:00,27256.57
2023-10-18 14:00:00,27786.14
2023-10-18 15:00:00,28337.74
2023-10-18 16:00:00,29054.3
2023-10-18 17:00:00,30503.75
2023-10-18 18:00:00,31904.17
2023-10-18 19:00:00,31898.88
2023-10-18 20:00:00,32348.42
2023-10-18 21:00:00,31941.18
2023-10-18 22:00:00,30649.25
2023-10-18 23:00:00,29049.65
2023-10-19 00:00:00,25998.15
2023-10-19 01:00:00,26389.09
2023-10-19 02:00:00,26227.31
2023-10-19 03:00:00,25792.72
2023-10-19 04:00:00,26024.61
2023-10-19 05:00:00,26407.8
2023-10-19 06:00:00,28521.83
2023-10-19 07:00:00,29866.83
2023-10-19 08:00:00,31140.55
2023-10-19 09:00:00,31272.75
2023-10-19 10:00:00,30384.6
2023-10-19 11:00:00,28997.6
2023-10-19 12:00:00,28286.96
2023-10-19 13:00:00,28150.86
2023-10-19 14:00:00,27705.97
2023-10-19 15:00:00,28798.82
2023-10-19 16:00:00,29912.93
2023-10-19 17:00:00,31103.19
2023-10-19 18:00:00,33240.66
2023-10-19 19:00:00,33635.11
2023-10-19 20:00:00,34352.12
2023-10-19 21:00:00,33098.8
2023-10-19 22:00:00,31520.28
2023-10-19 23:00:00,29778.47
2023-10-20 00:00:00,27467.77
2023-10-20 01:00:00,27221.09
2023-10-20 02:00:00,26539.78
2023-10-20 03:00:00,26697.25
2023-10-20 04:00:00,26740.01
2023-10-20 05:00:00,28182.54
2023-10-20 06:00:00,30003.85
2023-10-20 07:00:00,30811.84
2023-10-20 08:00:00,33006.81
2023-10-20 09:00:00,32562.87
2023-10-20 10:00:00,31562.3
2023-10-20 11:00:00,31050.04
2023-10-20 12:00:00,29651.84
2023-10-20 13:00:00,29271.79
2023-10-20 14:00:00,29212.75
2023-10-20 15:00:00,29689.29
2023-10-20 16:00:00,31388.99
2023-10-20 17:00:00,32576.33
2023-10-20 18:00:00,33705.04
2023-10-20 19:00:00,35386.83
2023-10-20 20:00:00,34813.98
2023-10-20 21:00:00,33929.83
2023-10-20 22:00:00,33301.13
2023-10-20 23:00:00,30996.54
2023-10-21 00:00:00,24525.34
2023-10-21 01:00:00,25339.47
2023-10-21 02:00:00,24704.85
2023-10-21 03:00:00,24515.29
2023-10-21 04:00:00,24659.66
2023-10-21 05:00:00,25650.3
2023-10-21 06:00:00,26642.92
2023-10-21 07:00:00,28868.83
2023-10-21 08:00:00,28814.83
2023-10-21 09:00:00,29615.18
2023-10-21 10:00:00,29014.87
2023-10-21 11:00:00,27489.16
2023-10-21 12:00:00,26485.73
2023-10-21 13:00:00,26701.1
2023-10-21 14:00:00,25992.99
2023-10-21 15:00:00,26620.81
2023-10-21 16:00:00,28111.69
2023-10-21 17:00:00,29116.14
2023-10-21 18:00:00,29769.56
2023-10-21 19:00:00,31825.17
2023-10-21 20:00:00,31013.05
2023-10-21 21:00:00,30212.06
2023-10-21 22:00:00,29116.28
2023-10-21 23:00:00,27903.87
2023-10-22 00:00:00,24287.9
2023-10-22 01:00:00,22776.84
2023-10-22 02:00:00,23315.61
2023-10-22 03:00:00,23041.15
2023-10-22 04:00:00,22860.22
2023-10-22 05:00:00,23891.57
2023-10-22 06:00:00,25153.76
2023-10-22 07:00:00,25657.12
2023-10-22 08:00:00,27634.71
2023-10-22 09:00:00,26567.15
2023-10-22 10:00:00,26065.15
2023-10-22 11:00:00,25382.3
2023-10-22 12:00:00,25277.18
2023-10-22 13:00:00,24011.57
2023-10-22 14:00:00,24086.89
2023-10-22 15:00:00,25045.2
2023-10-22 16:00:00,25329.71
2023-10-22 17:00:00,26227.95
2023-10-22 18:00:00,27694.96
2023-10-22 19:00:00,29077.34
2023-10-22 20:00:00,28607.98
2023-10-22 21:00:00,28473.46
2023-10-22 22:00:00,26825.29
2023-10-22 23:00:00,25098.91
2023-10-23 00:00:00,28237.17
2023-10-23 01:00:00,27639.33
2023-10-23 02:00:00,27318.77
2023-10-23 03:00:00,28842.91
2023-10-23 04:00:00,27811.47
2023-10-23 05:00:00,28646.95
2023-10-23 06:00:00,29634.08
2023-10-23 07:00:00,32036.68
2023-10-23 08:00:00,32982.15
2023-10-23 09:00:00,33403.5
2023-10-23 10:00:00,32633.01
2023-10-23 11:00:00,30309.53
2023-10-23 12:00:00,29420.37
2023-10-23 13:00:00,28912.05
2023-10-23 14:00:00,28953.15
2023-10-23 15:00:00,29988.03
2023-10-23 16:00:00,30811.44
2023-10-23 17:00:00,33254.93
2023-10-23 18:00:00,34710.48
2023-10-23 19:00:00,35014.91
2023-10-23 20:00:00,35734.99
2023-10-23 21:00:00,34664.71
2023-10-23 22:00:00,32536.26
2023-10-23 23:00:00,30526.36
2023-10-24 00:00:00,28540.11
2023-10-24 01:00:00,28158.99
2023-10-24 02:00:00,28120.32
2023-10-24 03:00:00,27849.38
2023-10-24 04:00:00,28066.26
2023-10-24 05:00:00,29163.0
2023-10-24 06:00:00,30105.22
2023-10-24 07:00:00,32350.17
2023-10-24 08:00:00,33201.85
2023-10-24 09:00:00,33610.65
2023-10-24 10:00:00,33157.3
2023-10-24 11:00:00,31262.09
2023-10-24 12:00:00,30603.84
2023-10-24 13:00:00,30142.72
2023-10-24 14:00:00,30048.88
2023-10-24 15:00:00,31156.68
2023-10-24 16:00:00,31743.14
2023-10-24 17:00:00,33335.98
2023-10-24 18:00:00,34808.39
2023-10-24 19:00:00,36421.3
2023-10-24 20:00:00,35905.71
2023-10-24 21:00:00,35334.45
2023-10-24 22:00:00,34413.77
2023-10-24 23:00:00,32226.9
2023-10-25 00:00:00,30021.75
2023-10-25 01:00:00,29973.99
2023-10-25 02:00:00,29396.77
2023-10-25 03:00:00,28782.83
2023-10-25 04:00:00,29217.44
2023-10-25 05:00:00,29452.19
2023-10-25 06:00:00,31150.9
2023-10-25 07:00:00,32856.87
2023-10-25 08:00:00,34967.08
2023-10-25 09:00:00,34045.14
2023-10-25 10:00:00,33280.25
2023-10-25 11:00:00,32028.8
2023-10-25 12:00:00,31554.9
2023-10-25 13:00:00,30841.31
2023-10-25 14:00:00,31164.46
2023-10-25 15:00:00,31577.59
2023-10-25 16:00:00,31956.55
2023-10-25 17:00:00,33633.71
2023-10-25 18:00:00,35860.25
2023-10-25 19:00:00,36231.39
2023-10-25 20:00:00,36693.64
2023-10-25 21:00:00,35256.1
2023-10-25 22:00:00,33452.67
2023-10-25 23:00:00,32149.12
2023-10-26 00:00:00,29229.09
2023-10-26 01:00:00,29058.3
2023-10-26 02:00:00,28906.34
2023-10-26 03:00:00,28697.95
2023-10-26 04:00:00,28097.82
2023-10-26 05:00:00,29490.17
2023-10-26 06:00:00,30744.38
2023-10-26 07:00:00,32300.35
2023-10-26 08:00:00,33622.0
2023-10-26 09:00:00,33464.59
2023-10-26 10:00:00,33317.63
2023-10-26 11:00:00,32011.81
2023-10-26 12:00:00,30913.91
2023-10-26 13:00:00,29700.81
2023-10-26 14:00:00,29473.21
2023-10-26 15:00:00,30342.92
2023-10-26 16:00:00,31306.55
2023-10-26 17:00:00,32573.1
2023-10-26 18:00:00,33793.9
2023-10-26 19:00:00,35066.93
2023-10-26 20:00:00,34874.31
2023-10-26 21:00:00,34249.03
2023-10-26 22:00:00,32688.78
2023-10-26 23:00:00,31273.46
2023-10-27 00:00:00,27732.47
2023-10-27 01:00:00,27976.96
2023-10-27 02:00:00,27140.26
2023-10-27 03:00:00,26632.65
2023-10-27 04:00:00,27030.9
2023-10-27 05:00:00,28386.07
2023-10-27 06:00:00,29328.02
2023-10-27 07:00:00,31580.34
2023-10-27 08:00:00,32272.95
2023-10-27 09:00:00,32028.36
2023-10-27 10:00:00,31756.29
2023-10-27 11:00:00,30279.17
2023-10-27 12:00:00,28715.56
2023-10-27 13:00:00,29084.14
2023-10-27 14:00:00,28481.64
2023-10-27 15:00:00,28926.01
2023-10-27 16:00:00,29692.62
2023-10-27 17:00:00,31862.66
2023-10-27 18:00:00,33083.81
2023-10-27 19:00:00,34035.62
2023-10-27 20:00:00,33611.29
2023-10-27 21:00:00,33115.08
2023-10-27 22:00:00,31634.41
2023-10-27 23:00:00,29559.9
2023-10-28 00:00:00,23377.01
2023-10-28 01:00:00,23824.66
2023-10-28 02:00:00,22727.8
2023-10-28 03:00:00,23084.18
2023-10-28 04:00:00,23029.61
2023-10-28 05:00:00,24393.67
2023-10-28 06:00:00,25152.89
2023-10-28 07:00:00,27114.33
2023-10-28 08:00:00,27521.11
2023-10-28 09:00:00,28178.33
2023-10-28 10:00:00,27883.57
2023-10-28 11:00:00,25761.08
2023-10-28 12:00:00,25337.55
2023-10-28 13:00:00,25713.66
2023-10-28 14:00:00,24788.39
2023-10-28 15:00:00,25302.27
2023-10-28 16:00:00,26550.03
2023-10-28 17:00:00,27619.72
2023-10-28 18:00:00,28333.65
2023-10-28 19:00:00,30176.45
2023-10-28 20:00:00,29100.19
2023-10-28 21:00:00,28848.14
2023-10-28 22:00:00,28130.57
2023-10-28 23:00:00,26283.38
2023-10-29 00:00:00,22213.95
2023-10-29 01:00:00,22562.2
2023-10-29 02:00:00,21667.4
2023-10-29 03:00:00,21334.84
2023-10-29 04:00:00,22028.91
2023-10-29 05:00:00,22619.78
2023-10-29 06:00:00,23502.28
2023-10-29 07:00:00,25517.17
2023-10-29 08:00:00,26380.3
2023-10-29 09:00:00,26223.37
2023-10-29 10:00:00,25637.15
2023-10-29 11:00:00,24953.88
2023-10-29 12:00:00,24372.56
2023-10-29 13:00:00,23408.38
2023-10-29 14:00:00,23748.55
2023-10-29 15:00:00,24194.42
2023-10-29 16:00:00,25224.15
2023-10-29 17:00:00,26162.13
2023-10-29 18:00:00,27053.36
2023-10-29 19:00:00,27988.2
2023-10-29 20:00:00,28273.52
2023-10-29 21:00:00,28019.21
2023-10-29 22:00:00,25994.03
2023-10-29 23:00:00,25210.72
2023-10-30 00:00:00,27633.14
2023-10-30 01:00:00,27506.46
2023-10-30 02:00:00,27609.69
2023-10-30 03:00:00,27061.54
2023-10-30 04:00:00,26526.95
2023-10-30 05:00:00,27634.71
2023-10-30 06:00:00,29759.82
2023-10-30 07:00:00,30978.74
2023-10-30 08:00:00,31606.23
2023-10-30 09:00:00,31833.91
2023-10-30 10:00:00,31573.38
2023-10-30 11:00:00,30466.66
2023-10-30 12:00:00,29057.8
2023-10-30 13:00:00,29319.54
2023-10-30 14:00:00,28704.71
2023-10-30 15:00:00,28861.27
2023-10-30 16:00:00,29731.09
2023-10-30 17:00:00,31126.5
2023-10-30 18:00:00,33027.36
2023-10-30 19:00:00,33636.86
2023-10-30 20:00:00,34348.76
2023-10-30 21:00:00,33288.1
2023-10-30 22:00:00,31462.69
2023-10-30 23:00:00,29277.76
2023-10-31 00:00:00,26758.74
2023-10-31 01:00:00,27111.46
2023-10-31 02:00:00,26046.52
2023-10-31 03:00:00,26313.33
2023-10-31 04:00:00,26218.64
2023-10-31 05:00:00,26911.32
2023-10-31 06:00:00,28101.92
2023-10-31 07:00:00,29896.22
2023-10-31 08:00:00,31050.03
2023-10-31 09:00:00,31435.42
2023-10-31 10:00:00,29951.86
2023-10-31 11:00:00,28945.73
2023-10-31 12:00:00,27973.96
2023-10-31 13:00:00,27582.78
2023-10-31 14:00:00,26990.28
2023-10-31 15:00:00,27375.4
2023-10-31 16:00:00,29143.37
2023-10-31 17:00:00,29832.0
2023-10-31 18:00:00,32263.45
2023-10-31 19:00:00,32668.78
2023-10-31 20:00:00,32151.9
2023-10-31 21:00:00,31555.97
2023-10-31 22:00:00,30345.1
2023-10-31 23:00:00,28500.72
2023-11-01 00:00:00,26027.17
2023-11-01 01:00:00,25989.22
2023-11-01 02:00:00,25266.31
2023-11-01 03:00:00,24724.46
2023-11-01 04:00:00,25121.11
2023-11-01 05:00:00,26605.9
2023-11-01 06:00:00,28202.21
2023-11-01 07:00:00,28536.44
2023-11-01 08:00:00,30731.91
2023-11-01 09:00:00,30582.54
2023-11-01 10:00:00,30062.98
2023-11-01 11:00:00,28381.56
2023-11-01 12:00:00,26936.57
2023-11-01 13:00:00,27214.98
2023-11-01 14:00:00,26702.35
2023-11-01 15:00:00,27138.97
2023-11-01 16:00:00,28301.07
2023-11-01 17:00:00,30495.93
2023-11-01 18:00:00,31852.89
2023-11-01 19:00:00,33056.18
2023-11-01 20:00:00,33055.61
2023-11-01 21:00:00,31773.74
2023-11-01 22:00:00,30453.68
2023-11-01 23:00:00,28842.82
2023-11-02 00:00:00,26349.98
2023-11-02 01:00:00,25862.63
2023-11-02 02:00:00,26011.38
2023-11-02 03:00:00,26031.93
2023-11-02 04:00:00,25607.44
2023-11-02 05:00:00,27289.48
2023-11-02 06:00:00,28443.66
2023-11-02 07:00:00,30178.6
2023-11-02 08:00:00,30663.37
2023-11-02 09:00:00,30825.69
2023-11-02 10:00:00,30806.05
2023-11-02 11:00:00,29916.95
2023-11-02 12:00:00,28434.42
2023-11-02 13:00:00,28753.74
2023-11-02 14:00:00,28489.66
2023-11-02 15:00:00,28546.61
2023-11-02 16:00:00,30048.75
2023-11-02 17:00:00,32460.51
2023-11-02 18:00:00,32706.38
2023-11-02 19:00:00,34330.22
2023-11-02 20:00:00,34093.82
2023-11-02 21:00:00,33572.65
2023-11-02 22:00:00,32341.32
2023-11-02 23:00:00,30317.72
2023-11-03 00:00:00,28254.84
2023-11-03 01:00:00,28422.64
2023-11-03 02:00:00,27342.74
2023-11-03 03:00:00,27372.37
2023-11-03 04:00:00,27122.22
2023-11-03 05:00:00,28273.47
2023-11-03 06:00:00,29754.35
2023-11-03 07:00:00,31768.57
2023-11-03 08:00:00,33055.01
2023-11-03 09:00:00,32771.57
2023-11-03 10:00:00,32617.44
2023-11-03 11:00:00,31471.39
2023-11-03 12:00:00,30228.45
2023-11-03 13:00:00,29215.72
2023-11-03 14:00:00,29207.19
2023-11-03 15:00:00,29728.31
2023-11-03 16:00:00,31475.08
2023-11-03 17:00:00,32228.95
2023-11-03 18:00:00,34390.12
2023-11-03 19:00:00,34729.43
2023-11-03 20:00:00,35406.33
2023-11-03 21:00:00,34189.83
2023-11-03 22:00:00,33169.0
2023-11-03 23:00:00,31601.58
2023-11-04 00:00:00,25632.07
2023-11-04 01:00:00,25399.02
2023-11-04 02:00:00,24600.68
2023-11-04 03:00:00,23898.51
2023-11-04 04:00:00,24087.94
2023-11-04 05:00:00,24500.01
2023-11-04 06:00:00,26163.63
2023-11-04 07:00:00,27988.98
2023-11-04 08:00:00,28725.39
2023-11-04 09:00:00,28964.21
2023-11-04 10:00:00,28509.43
2023-11-04 11:00:00,27175.66
2023-11-04 12:00:00,25959.83
2023-11-04 13:00:00,25817.51
2023-11-04 14:00:00,25500.3
2023-11-04 15:00:00,26198.65
2023-11-04 16:00:00,27718.09
2023-11-04 17:00:00,28444.45
2023-11-04 18:00:00,30443.2
2023-11-04 19:00:00,31130.76
2023-11-04 20:00:00,30404.54
2023-11-04 21:00:00,29367.2
2023-11-04 22:00:00,28407.38
2023-11-04 23:00:00,27485.33
2023-11-05 00:00:00,22874.84
2023-11-05 01:00:00,23121.35
2023-11-05 02:00:00,22897.41
2023-11-05 03:00:00,21961.9
2023-11-05 04:00:00,22128.6
2023-11-05 05:00:00,23329.19
2023-11-05 06:00:00,24351.87
2023-11-05 07:00:00,25382.27
2023-11-05 08:00:00,26391.65
2023-11-05 09:00:00,26593.05
2023-11-05 10:00:00,25433.53
2023-11-05 11:00:00,25275.59
2023-11-05 12:00:00,23985.78
2023-11-05 13:00:00,22712.39
2023-11-05 14:00:00,23675.4
2023-11-05 15:00:00,23889.6
2023-11-05 16:00:00,25651.57
2023-11-05 17:00:00,26082.54
2023-11-05 18:00:00,27126.08
2023-11-05 19:00:00,28467.57
2023-11-05 20:00:00,28067.91
2023-11-05 21:00:00,27265.07
2023-11-05 22:00:00,26510.26
2023-11-05 23:00:00,24750.57
2023-11-06 00:00:00,27493.61
2023-11-06 01:00:00,28357.91
2023-11-06 02:00:00,27603.11
2023-11-06 03:00:00,27062.14
2023-11-06 04:00:00,27364.93
2023-11-06 05:00:00,28465.53
2023-11-06 06:00:00,30167.27
2023-11-06 07:00:00,31228.31
2023-11-06 08:00:00,32761.84
2023-11-06 09:00:00,32634.14
2023-11-06 10:00:00,32021.41
2023-11-06 11:00:00,31008.43
2023-11-06 12:00:00,29959.47
2023-11-06 13:00:00,29700.92
2023-11-06 14:00:00,29660.17
2023-11-06 15:00:00,29578.1
2023-11-06 16:00:00,30789.49
2023-11-06 17:00:00,32677.54
2023-11-06 18:00:00,34982.45
2023-11-06 19:00:00,35037.44
2023-11-06 20:00:00,35314.34
2023-11-06 21:00:00,34309.44
2023-11-06 22:00:00,32868.5
2023-11-06 23:00:00,31673.83
2023-11-07 00:00:00,29508.85
2023-11-07 01:00:00,28956.39
2023-11-07 02:00:00,28187.25
2023-11-07 03:00:00,29208.66
2023-11-07 04:00:00,28503.19
2023-11-07 05:00:00,29211.94
2023-11-07 06:00:00,31459.02
2023-11-07 07:00:00,32476.28
2023-11-07 08:00:00,34369.23
2023-11-07 09:00:00,33662.8
2023-11-07 10:00:00,33743.16
2023-11-07 11:00:00,32173.19
2023-11-07 12:00:00,31556.34
2023-11-07 13:00:00,31240.25
2023-11-07 14:00:00,30209.44
2023-11-07 15:00:00,31650.14
2023-11-07 16:00:00,31847.32
2023-11-07 17:00:00,33490.76
2023-11-07 18:00:00,35082.83
2023-11-07 19:00:00,36501.35
2023-11-07 20:00:00,36353.11
2023-11-07 21:00:00,35354.65
2023-11-07 22:00:00,33988.19
2023-11-07 23:00:00,32648.7
2023-11-08 00:00:00,30036.04
2023-11-08 01:00:00,29913.58
2023-11-08 02:00:00,29787.03
2023-11-08 03:00:00,28864.41
2023-11-08 04:00:00,28863.29
2023-11-08 05:00:00,30139.72
2023-11-08 06:00:00,31014.47
2023-11-08 07:00:00,32790.5
2023-11-08 08:00:00,34460.47
2023-11-08 09:00:00,34182.11
2023-11-08 10:00:00,33011.19
2023-11-08 11:00:00,31705.22
2023-11-08 12:00:00,31177.01
2023-11-08 13:00:00,30960.87
2023-11-08 14:00:00,30918.15
2023-11-08 15:00:00,31090.31
2023-11-08 16:00:00,32822.07
2023-11-08 17:00:00,33529.99
2023-11-08 18:00:00,34956.28
2023-11-08 19:00:00,34999.24
2023-11-08 20:00:00,35690.63
2023-11-08 21:00:00,35150.96
2023-11-08 22:00:00,33859.21
2023-11-08 23:00:00,31462.65
2023-11-09 00:00:00,29214.07
2023-11-09 01:00:00,29087.28
2023-11-09 02:00:00,28286.31
2023-11-09 03:00:00,27149.4
2023-11-09 04:00:00,28155.49
2023-11-09 05:00:00,29163.85
2023-11-09 06:00:00,30007.45
2023-11-09 07:00:00,31817.67
2023-11-09 08:00:00,32542.23
2023-11-09 09:00:00,32122.36
2023-11-09 10:00:00,32553.38
2023-11-09 11:00:00,30951.95
2023-11-09 12:00:00,30415.8
2023-11-09 13:00:00,29531.36
2023-11-09 14:00:00,29046.16
2023-11-09 15:00:00,29649.76
2023-11-09 16:00:00,30928.42
2023-11-09 17:00:00,32503.93
2023-11-09 18:00:00,33707.69
2023-11-09 19:00:00,34869.52
2023-11-09 20:00:00,34326.45
2023-11-09 21:00:00,33088.77
2023-11-09 22:00:00,31879.68
2023-11-09 23:00:00,30424.62
2023-11-10 00:00:00,27244.15
2023-11-10 01:00:00,26881.36
2023-11-10 02:00:00,27086.59
2023-11-10 03:00:00,26476.48
2023-11-10 04:00:00,26706.75
2023-11-10 05:00:00,27496.09
2023-11-10 06:00:00,29627.6
2023-11-10 07:00:00,31139.12
2023-11-10 08:00:00,31341.69
2023-11-10 09:00:00,31703.32
2023-11-10 10:00:00,31401.5
2023-11-10 11:00:00,30118.43
2023-11-10 12:00:00,28843.09
2023-11-10 13:00:00,27882.54
2023-11-10 14:00:00,28030.78
2023-11-10 15:00:00,28649.23
2023-11-10 16:00:00,30031.49
2023-11-10 17:00:00,32020.33
2023-11-10 18:00:00,32668.06
2023-11-10 19:00:00,33493.15
2023-11-10 20:00:00,33818.54
2023-11-10 21:00:00,33282.08
2023-11-10 22:00:00,30936.28
2023-11-10 23:00:00,30459.01
2023-11-11 00:00:00,23980.77
2023-11-11 01:00:00,23556.03
2023-11-11 02:00:00,22933.21
2023-11-11 03:00:00,23515.04
2023-11-11 04:00:00,23383.94
2023-11-11 05:00:00,24304.4
2023-11-11 06:00:00,25271.24
2023-11-11 07:00:00,26928.61
2023-11-11 08:00:00,27860.36
2023-11-11 09:00:00,28137.41
2023-11-11 10:00:00,27285.69
2023-11-11 11:00:00,25967.35
2023-11-11 12:00:00,26570.08
2023-11-11 13:00:00,24662.97
2023-11-11 14:00:00,25224.41
2023-11-11 15:00:00,25061.92
2023-11-11 16:00:00,25980.63
2023-11-11 17:00:00,28047.57
2023-11-11 18:00:00,29401.01
2023-11-11 19:00:00,30629.66
2023-11-11 20:00:00,30346.61
2023-11-11 21:00:00,29343.07
2023-11-11 22:00:00,27771.43
2023-11-11 23:00:00,27321.39
2023-11-12 00:00:00,23140.81
2023-11-12 01:00:00,22167.57
2023-11-12 02:00:00,22316.88
2023-11-12 03:00:00,22138.95
2023-11-12 04:00:00,22124.06
2023-11-12 05:00:00,23251.18
2023-11-12 06:00:00,24509.72
2023-11-12 07:00:00,25491.26
2023-11-12 08:00:00,26364.66
2023-11-12 09:00:00,27099.66
2023-11-12 10:00:00,26270.87
2023-11-12 11:00:00,24998.45
2023-11-12 12:00:00,23547.37
2023-11-12 13:00:00,23766.45
2023-11-12 14:00:00,23878.77
2023-11-12 15:00:00,23123.29
2023-11-12 16:00:00,25070.54
2023-11-12 17:00:00,26043.32
2023-11-12 18:00:00,27310.59
2023-11-12 19:00:00,27821.88
2023-11-12 20:00:00,28065.04
2023-11-12 21:00:00,27807.24
2023-11-12 22:00:00,25918.4
2023-11-12 23:00:00,25152.2
2023-11-13 00:00:00,27300.07
2023-11-13 01:00:00,27536.51
2023-11-13 02:00:00,26852.29
2023-11-13 03:00:00,26659.43
2023-11-13 04:00:00,26676.52
2023-11-13 05:00:00,27743.4
2023-11-13 06:00:00,28077.22
2023-11-13 07:00:00,30060.79
2023-11-13 08:00:00,31756.87
2023-11-13 09:00:00,30982.9
2023-11-13 10:00:00,30695.27
2023-11-13 11:00:00,29630.91
2023-11-13 12:00:00,28271.84
2023-11-13 13:00:00,27701.53
2023-11-13 14:00:00,27983.46
2023-11-13 15:00:00,28755.18
2023-11-13 16:00:00,29121.45
2023-11-13 17:00:00,30693.31
2023-11-13 18:00:00,32069.14
2023-11-13 19:00:00,32365.56
2023-11-13 20:00:00,33209.42
2023-11-13 21:00:00,32492.48
2023-11-13 22:00:00,30982.76
2023-11-13 23:00:00,28768.68
2023-11-14 00:00:00,25943.47
2023-11-14 01:00:00,26068.01
2023-11-14 02:00:00,25925.08
2023-11-14 03:00:00,25370.64
2023-11-14 04:00:00,25556.08
2023-11-14 05:00:00,26703.4
2023-11-14 06:00:00,27509.76
2023-11-14 07:00:00,29284.52
2023-11-14 08:00:00,31001.52
2023-11-14 09:00:00,30466.01
2023-11-14 10:00:00,29295.88
2023-11-14 11:00:00,28299.28
2023-11-14 12:00:00,27145.49
2023-11-14 13:00:00,27012.59
2023-11-14 14:00:00,26553.9
2023-11-14 15:00:00,27514.09
2023-11-14 16:00:00,28257.86
2023-11-14 17:00:00,29254.17
2023-11-14 18:00:00,31582.19
2023-11-14 19:00:00,32464.5
2023-11-14 20:00:00,32592.79
2023-11-14 21:00:00,31236.18
2023-11-14 22:00:00,29717.4
2023-11-14 23:00:00,28636.26
2023-11-15 00:00:00,26396.64
2023-11-15 01:00:00,25610.42
2023-11-15 02:00:00,25393.71
2023-11-15 03:00:00,24879.73
2023-11-15 04:00:00,24657.15
2023-11-15 05:00:00,26452.69
2023-11-15 06:00:00,27965.26
2023-11-15 07:00:00,29558.24
2023-11-15 08:00:00,30383.17
2023-11-15 09:00:00,30830.97
2023-11-15 10:00:00,30209.0
2023-11-15 11:00:00,29326.73
2023-11-15 12:00:00,28114.91
2023-11-15 13:00:00,27273.3
2023-11-15 14:00:00,26840.43
2023-11-15 15:00:00,27970.95
2023-11-15 16:00:00,29167.7
2023-11-15 17:00:00,30871.66
2023-11-15 18:00:00,32637.0
2023-11-15 19:00:00,33127.81
2023-11-15 20:00:00,33953.83
2023-11-15 21:00:00,31719.08
2023-11-15 22:00:00,31053.99
2023-11-15 23:00:00,29184.67
2023-11-16 00:00:00,26214.86
2023-11-16 01:00:00,26599.36
2023-11-16 02:00:00,25841.75
2023-11-16 03:00:00,26082.63
2023-11-16 04:00:00,26393.52
2023-11-16 05:00:00,27723.4
2023-11-16 06:00:00,28368.07
2023-11-16 07:00:00,30903.06
2023-11-16 08:00:00,31780.6
2023-11-16 09:00:00,32301.82
2023-11-16 10:00:00,31081.55
2023-11-16 11:00:00,29643.07
2023-11-16 12:00:00,28702.08
2023-11-16 13:00:00,28164.12
2023-11-16 14:00:00,28833.26
2023-11-16 15:00:00,29799.94
2023-11-16 16:00:00,30241.99
2023-11-16 17:00:00,32197.3
2023-11-16 18:00:00,32971.85
2023-11-16 19:00:00,34551.05
2023-11-16 20:00:00,34760.88
2023-11-16 21:00:00,33114.72
2023-11-16 22:00:00,32097.77
2023-11-16 23:00:00,30948.76
2023-11-17 00:00:00,27058.99
2023-11-17 01:00:00,28307.19
2023-11-17 02:00:00,27609.05
2023-11-17 03:00:00,27484.65
2023-11-17 04:00:00,27290.34
2023-11-17 05:00:00,27738.94
2023-11-17 06:00:00,30047.11
2023-11-17 07:00:00,31473.23
2023-11-17 08:00:00,32625.4
2023-11-17 09:00:00,33139.58
2023-11-17 10:00:00,32264.54
2023-11-17 11:00:00,31493.74
2023-11-17 12:00:00,29839.84
2023-11-17 13:00:00,28977.17
2023-11-17 14:00:00,29147.4
2023-11-17 15:00:00,29919.93
2023-11-17 16:00:00,31230.64
2023-11-17 17:00:00,31842.97
2023-11-17 18:00:00,33831.56
2023-11-17 19:00:00,35319.42
2023-11-17 20:00:00,34656.2
2023-11-17 21:00:00,34106.87
2023-11-17 22:00:00,32448.25
2023-11-17 23:00:00,31087.54
2023-11-18 00:00:00,24436.17
2023-11-18 01:00:00,24178.26
2023-11-18 02:00:00,24113.86
2023-11-18 03:00:00,23309.45
2023-11-18 04:00:00,23890.26
2023-11-18 05:00:00,24835.43
2023-11-18 06:00:00,26673.71
2023-11-18 07:00:00,27603.2
2023-11-18 08:00:00,28630.2
2023-11-18 09:00:00,28919.27
2023-11-18 10:00:00,27479.73
2023-11-18 11:00:00,26702.25
2023-11-18 12:00:00,26678.48
2023-11-18 13:00:00,25286.38
2023-11-18 14:00:00,25685.9
2023-11-18 15:00:00,26115.17
2023-11-18 16:00:00,26220.88
2023-11-18 17:00:00,28145.15
2023-11-18 18:00:00,29380.89
2023-11-18 19:00:00,30261.68
2023-11-18 20:00:00,29871.71
2023-11-18 21:00:00,28906.82
2023-11-18 22:00:00,27815.52
2023-11-18 23:00:00,26619.85
2023-11-19 00:00:00,23082.02
2023-11-19 01:00:00,23077.8
2023-11-19 02:00:00,22619.95
2023-11-19 03:00:00,22210.06
2023-11-19 04:00:00,21710.36
2023-11-19 05:00:00,22654.69
2023-11-19 06:00:00,24112.45
2023-11-19 07:00:00,25164.27
2023-11-19 08:00:00,26503.83
2023-11-19 09:00:00,26681.04
2023-11-19 10:00:00,26004.85
2023-11-19 11:00:00,25227.55
2023-11-19 12:00:00,23723.41
2023-11-19 13:00:00,23925.7
2023-11-19 14:00:00,23378.8
2023-11-19 15:00:00,23784.45
2023-11-19 16:00:00,25237.43
2023-11-19 17:00:00,26729.71
2023-11-19 18:00:00,27723.6
2023-11-19 19:00:00,28365.18
2023-11-19 20:00:00,28500.94
2023-11-19 21:00:00,27703.72
2023-11-19 22:00:00,26080.21
2023-11-19 23:00:00,24845.83
2023-11-20 00:00:00,28210.06
2023-11-20 01:00:00,28042.85
2023-11-20 02:00:00,27691.42
2023-11-20 03:00:00,27703.39
2023-11-20 04:00:00,27626.65
2023-11-20 05:00:00,28843.94
2023-11-20 06:00:00,30155.58
2023-11-20 07:00:00,32530.41
2023-11-20 08:00:00,33079.53
2023-11-20 09:00:00,34065.03
2023-11-20 10:00:00,32660.16
2023-11-20 11:00:00,31340.26
2023-11-20 12:00:00,30121.62
2023-11-20 13:00:00,29423.08
2023-11-20 14:00:00,29635.55
2023-11-20 15:00:00,30297.4
2023-11-20 16:00:00,31906.83
2023-11-20 17:00:00,33129.47
2023-11-20 18:00:00,34915.47
2023-11-20 19:00:00,36290.88
2023-11-20 20:00:00,35860.4
2023-11-20 21:00:00,35724.17
2023-11-20 22:00:00,33143.74
2023-11-20 23:00:00,32043.37
2023-11-21 00:00:00,29307.71
2023-11-21 01:00:00,29590.71
2023-11-21 02:00:00,28137.24
2023-11-21 03:00:00,28177.51
2023-11-21 04:00:00,28858.98
2023-11-21 05:00:00,30359.55
2023-11-21 06:00:00,31426.69
2023-11-21 07:00:00,32529.11
2023-11-21 08:00:00,33707.38
2023-11-21 09:00:00,34868.48
2023-11-21 10:00:00,33315.69
2023-11-21 11:00:00,32037.15
2023-11-21 12:00:00,31858.82
2023-11-21 13:00:00,31137.77
2023-11-21 14:00:00,31232.17
2023-11-21 15:00:00,31021.92
2023-11-21 16:00:00,31927.25
2023-11-21 17:00:00,33993.73
2023-11-21 18:00:00,35540.0
2023-11-21 19:00:00,36479.87
2023-11-21 20:00:00,36854.39
2023-11-21 21:00:00,34769.98
2023-11-21 22:00:00,34169.74
2023-11-21 23:00:00,31958.06
2023-11-22 00:00:00,29973.32
2023-11-22 01:00:00,29204.87
2023-11-22 02:00:00,28674.86
2023-11-22 03:00:00,28437.94
2023-11-22 04:00:00,28289.64
2023-11-22 05:00:00,29660.22
2023-11-22 06:00:00,30837.59
2023-11-22 07:00:00,32969.23
2023-11-22 08:00:00,33974.61
2023-11-22 09:00:00,34431.34
2023-11-22 10:00:00,33153.42
2023-11-22 11:00:00,31977.53
2023-11-22 12:00:00,31197.47
2023-11-22 13:00:00,29869.26
2023-11-22 14:00:00,29511.75
2023-11-22 15:00:00,30614.3
2023-11-22 16:00:00,31098.68
2023-11-22 17:00:00,33889.76
2023-11-22 18:00:00,34966.66
2023-11-22 19:00:00,36097.68
2023-11-22 20:00:00,35303.27
2023-11-22 21:00:00,34473.22
2023-11-22 22:00:00,32574.16
2023-11-22 23:00:00,31482.63
2023-11-23 00:00:00,28049.09
2023-11-23 01:00:00,27253.97
2023-11-23 02:00:00,27431.59
2023-11-23 03:00:00,26869.7
2023-11-23 04:00:00,28023.22
2023-11-23 05:00:00,28978.08
2023-11-23 06:00:00,29303.28
2023-11-23 07:00:00,31825.74
2023-11-23 08:00:00,32760.1
2023-11-23 09:00:00,31968.06
2023-11-23 10:00:00,31569.62
2023-11-23 11:00:00,30280.74
2023-11-23 12:00:00,29668.69
2023-11-23 13:00:00,28372.67
2023-11-23 14:00:00,28729.48
2023-11-23 15:00:00,29056.53
2023-11-23 16:00:00,30538.63
2023-11-23 17:00:00,31758.42
2023-11-23 18:00:00,33103.29
2023-11-23 19:00:00,34131.8
2023-11-23 20:00:00,34895.64
2023-11-23 21:00:00,33074.18
2023-11-23 22:00:00,31350.55
2023-11-23 23:00:00,30400.29
2023-11-24 00:00:00,27491.51
2023-11-24 01:00:00,26762.43
2023-11-24 02:00:00,27651.29
2023-11-24 03:00:00,26467.42
2023-11-24 04:00:00,26636.44
2023-11-24 05:00:00,27713.53
2023-11-24 06:00:00,29768.03
2023-11-24 07:00:00,30207.87
2023-11-24 08:00:00,32000.38
2023-11-24 09:00:00,32779.59
2023-11-24 10:00:00,31337.88
2023-11-24 11:00:00,29693.06
2023-11-24 12:00:00,28886.86
2023-11-24 13:00:00,28625.89
2023-11-24 14:00:00,29034.32
2023-11-24 15:00:00,29035.17
2023-11-24 16:00:00,30571.49
2023-11-24 17:00:00,31291.77
2023-11-24 18:00:00,32794.45
2023-11-24 19:00:00,34094.31
2023-11-24 20:00:00,34789.14
2023-11-24 21:00:00,33391.08
2023-11-24 22:00:00,32005.23
2023-11-24 23:00:00,30522.12
2023-11-25 00:00:00,24859.26
2023-11-25 01:00:00,24038.34
2023-11-25 02:00:00,24180.3
2023-11-25 03:00:00,23428.73
2023-11-25 04:00:00,24593.84
2023-11-25 05:00:00,24422.81
2023-11-25 06:00:00,25736.79
2023-11-25 07:00:00,27690.97
2023-11-25 08:00:00,28514.44
2023-11-25 09:00:00,28738.8
2023-11-25 10:00:00,28045.71
2023-11-25 11:00:00,26561.55
2023-11-25 12:00:00,26609.84
2023-11-25 13:00:00,25872.62
2023-11-25 14:00:00,26044.42
2023-11-25 15:00:00,25891.8
2023-11-25 16:00:00,27205.26
2023-11-25 17:00:00,28446.22
2023-11-25 18:00:00,30081.22
2023-11-25 19:00:00,30922.04
2023-11-25 20:00:00,30582.34
2023-11-25 21:00:00,29151.3
2023-11-25 22:00:00,28991.78
2023-11-25 23:00:00,27233.5
2023-11-26 00:00:00,22808.0
2023-11-26 01:00:00,22928.35
2023-11-26 02:00:00,21933.33
2023-11-26 03:00:00,22592.26
2023-11-26 04:00:00,21839.7
2023-11-26 05:00:00,22988.11
2023-11-26 06:00:00,24362.98
2023-11-26 07:00:00,25954.5
2023-11-26 08:00:00,26507.23
2023-11-26 09:00:00,26778.14
2023-11-26 10:00:00,25889.31
2023-11-26 11:00:00,24890.64
2023-11-26 12:00:00,24050.47
2023-11-26 13:00:00,23457.27
2023-11-26 14:00:00,22896.33
2023-11-26 15:00:00,23645.87
2023-11-26 16:00:00,24871.21
2023-11-26 17:00:00,25881.46
2023-11-26 18:00:00,27089.87
2023-11-26 19:00:00,27760.59
2023-11-26 20:00:00,27527.57
2023-11-26 21:00:00,26839.9
2023-11-26 22:00:00,25640.2
2023-11-26 23:00:00,24470.53
2023-11-27 00:00:00,27279.49
2023-11-27 01:00:00,26747.53
2023-11-27 02:00:00,26012.84
2023-11-27 03:00:00,25551.7
2023-11-27 04:00:00,27072.81
2023-11-27 05:00:00,26599.64
2023-11-27 06:00:00,28258.85
2023-11-27 07:00:00,30193.15
2023-11-27 08:00:00,31183.44
2023-11-27 09:00:00,31320.25
2023-11-27 10:00:00,30161.21
2023-11-27 11:00:00,29165.84
2023-11-27 12:00:00,28014.65
2023-11-27 13:00:00,27266.75
2023-11-27 14:00:00,27409.49
2023-11-27 15:00:00,28211.11
2023-11-27 16:00:00,28895.38
2023-11-27 17:00:00,30343.62
2023-11-27 18:00:00,32163.43
2023-11-27 19:00:00,33025.76
2023-11-27 20:00:00,33203.9
2023-11-27 21:00:00,31055.45
2023-11-27 22:00:00,30465.24
2023-11-27 23:00:00,28823.78
2023-11-28 00:00:00,25632.98
2023-11-28 01:00:00,25731.06
2023-11-28 02:00:00,25607.79
2023-11-28 03:00:00,24655.08
2023-11-28 04:00:00,25263.54
2023-11-28 05:00:00,26288.62
2023-11-28 06:00:00,27100.59
2023-11-28 07:00:00,29046.71
2023-11-28 08:00:00,30298.59
2023-11-28 09:00:00,30049.68
2023-11-28 10:00:00,29255.39
2023-11-28 11:00:00,28340.69
2023-11-28 12:00:00,27640.0
2023-11-28 13:00:00,27029.96
2023-11-28 14:00:00,26514.77
2023-11-28 15:00:00,27628.08
2023-11-28 16:00:00,28235.32
2023-11-28 17:00:00,29477.92
2023-11-28 18:00:00,31422.0
2023-11-28 19:00:00,32912.37
2023-11-28 20:00:00,32778.7
2023-11-28 21:00:00,31638.94
2023-11-28 22:00:00,30041.74
2023-11-28 23:00:00,28585.53
2023-11-29 00:00:00,26159.0
2023-11-29 01:00:00,25515.59
2023-11-29 02:00:00,25432.37
2023-11-29 03:00:00,25250.91
2023-11-29 04:00:00,25082.4
2023-11-29 05:00:00,26201.0
2023-11-29 06:00:00,28192.52
2023-11-29 07:00:00,29734.06
2023-11-29 08:00:00,30778.31
2023-11-29 09:00:00,30759.24
2023-11-29 10:00:00,30919.43
2023-11-29 11:00:00,28951.19
2023-11-29 12:00:00,28353.54
2023-11-29 13:00:00,27586.77
2023-11-29 14:00:00,27825.82
2023-11-29 15:00:00,28597.88
2023-11-29 16:00:00,29124.16
2023-11-29 17:00:00,31149.82
2023-11-29 18:00:00,33109.45
2023-11-29 19:00:00,34306.27
2023-11-29 20:00:00,33698.83
2023-11-29 21:00:00,32870.66
2023-11-29 22:00:00,32195.99
2023-11-29 23:00:00,30367.94
2023-11-30 00:00:00,27164.48
2023-11-30 01:00:00,26939.72
2023-11-30 02:00:00,27159.49
2023-11-30 03:00:00,26243.09
2023-11-30 04:00:00,27203.17
2023-11-30 05:00:00,27871.77
2023-11-30 06:00:00,29480.04
2023-11-30 07:00:00,30877.2
2023-11-30 08:00:00,31885.28
2023-11-30 09:00:00,32789.08
2023-11-30 10:00:00,31457.0
2023-11-30 11:00:00,30250.15
2023-11-30 12:00:00,29357.68
2023-11-30 13:00:00,28913.32
2023-11-30 14:00:00,28505.9
2023-11-30 15:00:00,29256.39
2023-11-30 16:00:00,30364.27
2023-11-30 17:00:00,32383.06
2023-11-30 18:00:00,33273.9
2023-11-30 19:00:00,33920.85
2023-11-30 20:00:00,33854.13
2023-11-30 21:00:00,33090.84
2023-11-30 22:00:00,32597.76
2023-11-30 23:00:00,30624.24
2023-12-01 00:00:00,28151.58
2023-12-01 01:00:00,27886.71
2023-12-01 02:00:00,27333.34
2023-12-01 03:00:00,27005.82
2023-12-01 04:00:00,27569.0
2023-12-01 05:00:00,28132.76
2023-12-01 06:00:00,30061.62
2023-12-01 07:00:00,31404.08
2023-12-01 08:00:00,32056.51
2023-12-01 09:00:00,32218.53
2023-12-01 10:00:00,31353.04
2023-12-01 11:00:00,30834.78
2023-12-01 12:00:00,29210.39
2023-12-01 13:00:00,28486.05
2023-12-01 14:00:00,28853.43
2023-12-01 15:00:00,29251.89
2023-12-01 16:00:00,30474.53
2023-12-01 17:00:00,32500.76
2023-12-01 18:00:00,33619.29
2023-12-01 19:00:00,34226.65
2023-12-01 20:00:00,33700.21
2023-12-01 21:00:00,33052.48
2023-12-01 22:00:00,31966.36
2023-12-01 23:00:00,29782.19
2023-12-02 00:00:00,24975.66
2023-12-02 01:00:00,23972.74
2023-12-02 02:00:00,23633.85
2023-12-02 03:00:00,23126.45
2023-12-02 04:00:00,23678.24
2023-12-02 05:00:00,23868.58
2023-12-02 06:00:00,26342.57
2023-12-02 07:00:00,27469.44
2023-12-02 08:00:00,28313.84
2023-12-02 09:00:00,27596.3
2023-12-02 10:00:00,27475.21
2023-12-02 11:00:00,26785.23
2023-12-02 12:00:00,25656.58
2023-12-02 13:00:00,24601.36
2023-12-02 14:00:00,24725.45
2023-12-02 15:00:00,25298.44
2023-12-02 16:00:00,26227.75
2023-12-02 17:00:00,28295.23
2023-12-02 18:00:00,28404.69
2023-12-02 19:00:00,30147.94
2023-12-02 20:00:00,29480.9
2023-12-02 21:00:00,28784.9
2023-12-02 22:00:00,27128.9
2023-12-02 23:00:00,26339.16
2023-12-03 00:00:00,23108.21
2023-12-03 01:00:00,22472.44
2023-12-03 02:00:00,21675.72
2023-12-03 03:00:00,22255.09
2023-12-03 04:00:00,22509.02
2023-12-03 05:00:00,22876.41
2023-12-03 06:00:00,24819.16
2023-12-03 07:00:00,25766.76
2023-12-03 08:00:00,26659.53
2023-12-03 09:00:00,26291.27
2023-12-03 10:00:00,26204.57
2023-12-03 11:00:00,25136.12
2023-12-03 12:00:00,24436.43
2023-12-03 13:00:00,23596.29
2023-12-03 14:00:00,23925.18
2023-12-03 15:00:00,24106.41
2023-12-03 16:00:00,24597.74
2023-12-03 17:00:00,26970.06
2023-12-03 18:00:00,27360.81
2023-12-03 19:00:00,28745.45
2023-12-03 20:00:00,28873.95
2023-12-03 21:00:00,28148.98
2023-12-03 22:00:00,26766.31
2023-12-03 23:00:00,25777.8
2023-12-04 00:00:00,28905.77
2023-12-04 01:00:00,28785.43
2023-12-04 02:00:00,28815.69
2023-12-04 03:00:00,28076.69
2023-12-04 04:00:00,28257.07
2023-12-04 05:00:00,28864.9
2023-12-04 06:00:00,30895.05
2023-12-04 07:00:00,32661.17
2023-12-04 08:00:00,33516.55
2023-12-04 09:00:00,33964.36
2023-12-04 10:00:00,32956.11
2023-12-04 11:00:00,32163.19
2023-12-04 12:00:00,31259.11
2023-12-04 13:00:00,30734.14
2023-12-04 14:00:00,30501.88
2023-12-04 15:00:00,30704.24
2023-12-04 16:00:00,32000.73
2023-12-04 17:00:00,33949.93
2023-12-04 18:00:00,36115.38
2023-12-04 19:00:00,36110.03
2023-12-04 20:00:00,36415.26
2023-12-04 21:00:00,35142.65
2023-12-04 22:00:00,33530.22
2023-12-04 23:00:00,32149.12
2023-12-05 00:00:00,29031.29
2023-12-05 01:00:00,29972.31
2023-12-05 02:00:00,28347.44
2023-12-05 03:00:00,28767.5
2023-12-05 04:00:00,28631.23
2023-12-05 05:00:00,29623.31
2023-12-05 06:00:00,31914.53
2023-12-05 07:00:00,33126.13
2023-12-05 08:00:00,33810.4
2023-12-05 09:00:00,34066.68
2023-12-05 10:00:00,33223.42
2023-12-05 11:00:00,32278.49
2023-12-05 12:00:00,31297.3
2023-12-05 13:00:00,31311.21
2023-12-05 14:00:00,29948.67
2023-12-05 15:00:00,31145.16
2023-12-05 16:00:00,32123.91
2023-12-05 17:00:00,34022.89
2023-12-05 18:00:00,35263.35
2023-12-05 19:00:00,36248.25
2023-12-05 20:00:00,36121.1
2023-12-05 21:00:00,34688.92
2023-12-05 22:00:00,33907.33
2023-12-05 23:00:00,32213.38
2023-12-06 00:00:00,29566.06
2023-12-06 01:00:00,29365.59
2023-12-06 02:00:00,28639.74
2023-12-06 03:00:00,28686.85
2023-12-06 04:00:00,28429.76
2023-12-06 05:00:00,29057.94
2023-12-06 06:00:00,30582.49
2023-12-06 07:00:00,32152.45
2023-12-06 08:00:00,33027.33
2023-12-06 09:00:00,33863.74
2023-12-06 10:00:00,32576.39
2023-12-06 11:00:00,31273.16
2023-12-06 12:00:00,30287.11
2023-12-06 13:00:00,30576.6
2023-12-06 14:00:00,29084.01
2023-12-06 15:00:00,29700.6
2023-12-06 16:00:00,30571.94
2023-12-06 17:00:00,32416.24
2023-12-06 18:00:00,34019.94
2023-12-06 19:00:00,34665.96
2023-12-06 20:00:00,34594.5
2023-12-06 21:00:00,33847.45
2023-12-06 22:00:00,32093.05
2023-12-06 23:00:00,30834.23
2023-12-07 00:00:00,28437.18
2023-12-07 01:00:00,27974.84
2023-12-07 02:00:00,27633.03
2023-12-07 03:00:00,27399.3
2023-12-07 04:00:00,27270.02
2023-12-07 05:00:00,27978.23
2023-12-07 06:00:00,29242.26
2023-12-07 07:00:00,30982.99
2023-12-07 08:00:00,32018.95
2023-12-07 09:00:00,32578.27
2023-12-07 10:00:00,31662.5
2023-12-07 11:00:00,30593.33
2023-12-07 12:00:00,28897.62
2023-12-07 13:00:00,29232.19
2023-12-07 14:00:00,28574.69
2023-12-07 15:00:00,28903.46
2023-12-07 16:00:00,30242.93
2023-12-07 17:00:00,32759.01
2023-12-07 18:00:00,33241.82
2023-12-07 19:00:00,34210.74
2023-12-07 20:00:00,34264.6
2023-12-07 21:00:00,33347.11
2023-12-07 22:00:00,31650.0
2023-12-07 23:00:00,30483.68
2023-12-08 00:00:00,28184.46
2023-12-08 01:00:00,27661.12
2023-12-08 02:00:00,26800.79
2023-12-08 03:00:00,26814.67
2023-12-08 04:00:00,26943.85
2023-12-08 05:00:00,28066.81
2023-12-08 06:00:00,30040.0
2023-12-08 07:00:00,31175.27
2023-12-08 08:00:00,32322.79
2023-12-08 09:00:00,33137.78
2023-12-08 10:00:00,32081.17
2023-12-08 11:00:00,30821.48
2023-12-08 12:00:00,30295.52
2023-12-08 13:00:00,29241.81
2023-12-08 14:00:00,28398.38
2023-12-08 15:00:00,29976.93
2023-12-08 16:00:00,30261.14
2023-12-08 17:00:00,32491.3
2023-12-08 18:00:00,33239.82
2023-12-08 19:00:00,34638.84
2023-12-08 20:00:00,34694.69
2023-12-08 21:00:00,33629.0
2023-12-08 22:00:00,32306.83
2023-12-08 23:00:00,31303.08
2023-12-09 00:00:00,24667.83
2023-12-09 01:00:00,24879.05
2023-12-09 02:00:00,24025.92
2023-12-09 03:00:00,24064.42
2023-12-09 04:00:00,24409.54
2023-12-09 05:00:00,24734.59
2023-12-09 06:00:00,25949.58
2023-12-09 07:00:00,28015.18
2023-12-09 08:00:00,29204.22
2023-12-09 09:00:00,28900.43
2023-12-09 10:00:00,28087.82
2023-12-09 11:00:00,27256.46
2023-12-09 12:00:00,26299.52
2023-12-09 13:00:00,25855.18
2023-12-09 14:00:00,24868.79
2023-12-09 15:00:00,25861.39
2023-12-09 16:00:00,26895.92
2023-12-09 17:00:00,28535.16
2023-12-09 18:00:00,29829.25
2023-12-09 19:00:00,30788.68
2023-12-09 20:00:00,30627.08
2023-12-09 21:00:00,29221.48
2023-12-09 22:00:00,28841.51
2023-12-09 23:00:00,27422.32
2023-12-10 00:00:00,22497.75
2023-12-10 01:00:00,22794.11
2023-12-10 02:00:00,22120.2
2023-12-10 03:00:00,22113.1
2023-12-10 04:00:00,22540.63
2023-12-10 05:00:00,23604.64
2023-12-10 06:00:00,24311.09
2023-12-10 07:00:00,25442.64
2023-12-10 08:00:00,26078.12
2023-12-10 09:00:00,26326.3
2023-12-10 10:00:00,26062.24
2023-12-10 11:00:00,24554.95
2023-12-10 12:00:00,23361.75
2023-12-10 13:00:00,22591.7
2023-12-10 14:00:00,23286.37
2023-12-10 15:00:00,23607.81
2023-12-10 16:00:00,24153.55
2023-12-10 17:00:00,25910.81
2023-12-10 18:00:00,26570.2
2023-12-10 19:00:00,27391.85
2023-12-10 20:00:00,27382.45
2023-12-10 21:00:00,26442.83
2023-12-10 22:00:00,25379.53
2023-12-10 23:00:00,24418.88
2023-12-11 00:00:00,26189.3
2023-12-11 01:00:00,26430.0
2023-12-11 02:00:00,25884.54
2023-12-11 03:00:00,25550.52
2023-12-11 04:00:00,25930.97
2023-12-11 05:00:00,26482.68
2023-12-11 06:00:00,28088.82
2023-12-11 07:00:00,29754.88
2023-12-11 08:00:00,30386.18
2023-12-11 09:00:00,30763.34
2023-12-11 10:00:00,29765.78
2023-12-11 11:00:00,28591.56
2023-12-11 12:00:00,27455.85
2023-12-11 13:00:00,27137.43
2023-12-11 14:00:00,26971.24
2023-12-11 15:00:00,27622.66
2023-12-11 16:00:00,28564.83
2023-12-11 17:00:00,29481.51
2023-12-11 18:00:00,31521.54
2023-12-11 19:00:00,32460.52
2023-12-11 20:00:00,32512.28
2023-12-11 21:00:00,31269.76
2023-12-11 22:00:00,29567.68
2023-12-11 23:00:00,28700.23
2023-12-12 00:00:00,25747.3
2023-12-12 01:00:00,25634.54
2023-12-12 02:00:00,25104.71
2023-12-12 03:00:00,24938.3
2023-12-12 04:00:00,24978.34
2023-12-12 05:00:00,25703.48
2023-12-12 06:00:00,27731.41
2023-12-12 07:00:00,29006.75
2023-12-12 08:00:00,30402.72
2023-12-12 09:00:00,30654.29
2023-12-12 10:00:00,29569.59
2023-12-12 11:00:00,28207.32
2023-12-12 12:00:00,28477.3
2023-12-12 13:00:00,26915.77
2023-12-12 14:00:00,27356.38
2023-12-12 15:00:00,28425.52
2023-12-12 16:00:00,29175.03
2023-12-12 17:00:00,30329.5
2023-12-12 18:00:00,31941.35
2023-12-12 19:00:00,32662.0
2023-12-12 20:00:00,33310.05
2023-12-12 21:00:00,32306.74
2023-12-12 22:00:00,30491.7
2023-12-12 23:00:00,28854.79
2023-12-13 00:00:00,26168.34
2023-12-13 01:00:00,26754.68
2023-12-13 02:00:00,26124.44
2023-12-13 03:00:00,25936.14
2023-12-13 04:00:00,25806.39
2023-12-13 05:00:00,26524.15
2023-12-13 06:00:00,28928.61
2023-12-13 07:00:00,30287.38
2023-12-13 08:00:00,31743.06
2023-12-13 09:00:00,31477.7
2023-12-13 10:00:00,30812.74
2023-12-13 11:00:00,30014.0
2023-12-13 12:00:00,29031.65
2023-12-13 13:00:00,28534.77
2023-12-13 14:00:00,28194.45
2023-12-13 15:00:00,29122.34
2023-12-13 16:00:00,30444.76
2023-12-13 17:00:00,31550.03
2023-12-13 18:00:00,32927.8
2023-12-13 19:00:00,34553.36
2023-12-13 20:00:00,33886.44
2023-12-13 21:00:00,33423.76
2023-12-13 22:00:00,31723.98
2023-12-13 23:00:00,29622.49
2023-12-14 00:00:00,28045.22
2023-12-14 01:00:00,26432.78
2023-12-14 02:00:00,26343.06
2023-12-14 03:00:00,26964.75
2023-12-14 04:00:00,27159.95
2023-12-14 05:00:00,27653.88
2023-12-14 06:00:00,29441.67
2023-12-14 07:00:00,30140.64
2023-12-14 08:00:00,32381.04
2023-12-14 09:00:00,32360.85
2023-12-14 10:00:00,31491.62
2023-12-14 11:00:00,30333.8
2023-12-14 12:00:00,29459.41
2023-12-14 13:00:00,28705.5
2023-12-14 14:00:00,28049.88
2023-12-14 15:00:00,30031.7
2023-12-14 16:00:00,30780.18
2023-12-14 17:00:00,31387.95
2023-12-14 18:00:00,33185.63
2023-12-14 19:00:00,34148.11
2023-12-14 20:00:00,34589.48
2023-12-14 21:00:00,32494.03
2023-12-14 22:00:00,31567.1
2023-12-14 23:00:00,29600.36
2023-12-15 00:00:00,27453.62
2023-12-15 01:00:00,27091.08
2023-12-15 02:00:00,26880.82
2023-12-15 03:00:00,26342.83
2023-12-15 04:00:00,26447.99
2023-12-15 05:00:00,27792.52
2023-12-15 06:00:00,29213.3
2023-12-15 07:00:00,30852.0
2023-12-15 08:00:00,31674.81
2023-12-15 09:00:00,31649.96
2023-12-15 10:00:00,31018.98
2023-12-15 11:00:00,30034.2
2023-12-15 12:00:00,28039.51
2023-12-15 13:00:00,28353.6
2023-12-15 14:00:00,28302.64
2023-12-15 15:00:00,28765.19
2023-12-15 16:00:00,29783.15
2023-12-15 17:00:00,30413.4
2023-12-15 18:00:00,32627.99
2023-12-15 19:00:00,34337.49
2023-12-15 20:00:00,33705.11
2023-12-15 21:00:00,32642.46
2023-12-15 22:00:00,31262.67
2023-12-15 23:00:00,29873.73
2023-12-16 00:00:00,24085.21
2023-12-16 01:00:00,23534.52
2023-12-16 02:00:00,23432.21
2023-12-16 03:00:00,23634.27
2023-12-16 04:00:00,23566.21
2023-12-16 05:00:00,24825.57
2023-12-16 06:00:00,25111.41
2023-12-16 07:00:00,27376.11
2023-12-16 08:00:00,27499.06
2023-12-16 09:00:00,28039.2
2023-12-16 10:00:00,27518.77
2023-12-16 11:00:00,26069.43
2023-12-16 12:00:00,25393.36
2023-12-16 13:00:00,25212.06
2023-12-16 14:00:00,24673.59
2023-12-16 15:00:00,26038.1
2023-12-16 16:00:00,25979.54
2023-12-16 17:00:00,28492.15
2023-12-16 18:00:00,29508.33
2023-12-16 19:00:00,29995.22
2023-12-16 20:00:00,29927.59
2023-12-16 21:00:00,29105.78
2023-12-16 22:00:00,27972.72
2023-12-16 23:00:00,26727.68
2023-12-17 00:00:00,23240.81
2023-12-17 01:00:00,23313.02
2023-12-17 02:00:00,22430.56
2023-12-17 03:00:00,21889.22
2023-12-17 04:00:00,22192.66
2023-12-17 05:00:00,23099.97
2023-12-17 06:00:00,24087.87
2023-12-17 07:00:00,25424.18
2023-12-17 08:00:00,27527.17
2023-12-17 09:00:00,27064.64
2023-12-17 10:00:00,26092.05
2023-12-17 11:00:00,25755.75
2023-12-17 12:00:00,24261.4
2023-12-17 13:00:00,23879.83
2023-12-17 14:00:00,24033.58
2023-12-17 15:00:00,25410.97
2023-12-17 16:00:00,25704.08
2023-12-17 17:00:00,26211.69
2023-12-17 18:00:00,28756.56
2023-12-17 19:00:00,29046.34
2023-12-17 20:00:00,28553.46
2023-12-17 21:00:00,28363.42
2023-12-17 22:00:00,27482.04
2023-12-17 23:00:00,26251.84
2023-12-18 00:00:00,29882.05
2023-12-18 01:00:00,28729.65
2023-12-18 02:00:00,28711.81
2023-12-18 03:00:00,28221.23
2023-12-18 04:00:00,28149.53
2023-12-18 05:00:00,29928.58
2023-12-18 06:00:00,31321.26
2023-12-18 07:00:00,32922.37
2023-12-18 08:00:00,34106.21
2023-12-18 09:00:00,33883.03
2023-12-18 10:00:00,33030.73
2023-12-18 11:00:00,32239.67
2023-12-18 12:00:00,31617.19
2023-12-18 13:00:00,31225.49
2023-12-18 14:00:00,30953.23
2023-12-18 15:00:00,31263.04
2023-12-18 16:00:00,32463.72
2023-12-18 17:00:00,33869.33
2023-12-18 18:00:00,34991.69
2023-12-18 19:00:00,36298.88
2023-12-18 20:00:00,35817.79
2023-12-18 21:00:00,35291.29
2023-12-18 22:00:00,34409.37
2023-12-18 23:00:00,32607.75
2023-12-19 00:00:00,29339.75
2023-12-19 01:00:00,29344.77
2023-12-19 02:00:00,28676.72
2023-12-19 03:00:00,28648.5
2023-12-19 04:00:00,29188.93
2023-12-19 05:00:00,29913.51
2023-12-19 06:00:00,32026.29
2023-12-19 07:00:00,33170.12
2023-12-19 08:00:00,33890.61
2023-12-19 09:00:00,34155.97
2023-12-19 10:00:00,33042.66
2023-12-19 11:00:00,31498.78
2023-12-19 12:00:00,31272.32
2023-12-19 13:00:00,30559.67
2023-12-19 14:00:00,30075.52
2023-12-19 15:00:00,30777.02
2023-12-19 16:00:00,32177.38
2023-12-19 17:00:00,33483.06
2023-12-19 18:00:00,34110.56
2023-12-19 19:00:00,35600.36
2023-12-19 20:00:00,35406.88
2023-12-19 21:00:00,34863.47
2023-12-19 22:00:00,33298.43
2023-12-19 23:00:00,31846.83
2023-12-20 00:00:00,28305.08
2023-12-20 01:00:00,28100.38
2023-12-20 02:00:00,28337.91
2023-12-20 03:00:00,27420.46
2023-12-20 04:00:00,27230.56
2023-12-20 05:00:00,28794.73
2023-12-20 06:00:00,29877.0
2023-12-20 07:00:00,32282.69
2023-12-20 08:00:00,32821.71
2023-12-20 09:00:00,32872.7
2023-12-20 10:00:00,31884.2
2023-12-20 11:00:00,31355.8
2023-12-20 12:00:00,29855.46
2023-12-20 13:00:00,28990.59
2023-12-20 14:00:00,28824.61
2023-12-20 15:00:00,29616.84
2023-12-20 16:00:00,30384.13
2023-12-20 17:00:00,32555.0
2023-12-20 18:00:00,33025.43
2023-12-20 19:00:00,34532.34
2023-12-20 20:00:00,34778.15
2023-12-20 21:00:00,33728.14
2023-12-20 22:00:00,31858.74
2023-12-20 23:00:00,30828.51
2023-12-21 00:00:00,27640.23
2023-12-21 01:00:00,27664.68
2023-12-21 02:00:00,27519.17
2023-12-21 03:00:00,27179.42
2023-12-21 04:00:00,26964.75
2023-12-21 05:00:00,28514.58
2023-12-21 06:00:00,29636.09
2023-12-21 07:00:00,31504.33
2023-12-21 08:00:00,32892.54
2023-12-21 09:00:00,32898.65
2023-12-21 10:00:00,32148.09
2023-12-21 11:00:00,30660.67
2023-12-21 12:00:00,29853.4
2023-12-21 13:00:00,29104.72
2023-12-21 14:00:00,28625.83
2023-12-21 15:00:00,29744.36
2023-12-21 16:00:00,30860.08
2023-12-21 17:00:00,32490.21
2023-12-21 18:00:00,33750.1
2023-12-21 19:00:00,34495.13
2023-12-21 20:00:00,35016.99
2023-12-21 21:00:00,33411.57
2023-12-21 22:00:00,32921.3
2023-12-21 23:00:00,30853.21
2023-12-22 00:00:00,28406.54
2023-12-22 01:00:00,28269.23
2023-12-22 02:00:00,27927.29
2023-12-22 03:00:00,26979.33
2023-12-22 04:00:00,27967.21
2023-12-22 05:00:00,28699.06
2023-12-22 06:00:00,29897.6
2023-12-22 07:00:00,31509.67
2023-12-22 08:00:00,32778.62
2023-12-22 09:00:00,32598.33
2023-12-22 10:00:00,32908.14
2023-12-22 11:00:00,31663.31
2023-12-22 12:00:00,30280.87
2023-12-22 13:00:00,29493.03
2023-12-22 14:00:00,29512.07
2023-12-22 15:00:00,30423.11
2023-12-22 16:00:00,31889.15
2023-12-22 17:00:00,32570.78
2023-12-22 18:00:00,33866.04
2023-12-22 19:00:00,35740.32
2023-12-22 20:00:00,34570.41
2023-12-22 21:00:00,33895.67
2023-12-22 22:00:00,32667.67
2023-12-22 23:00:00,30694.61
2023-12-23 00:00:00,25546.47
2023-12-23 01:00:00,25203.01
2023-12-23 02:00:00,24352.17
2023-12-23 03:00:00,24742.03
2023-12-23 04:00:00,24940.28
2023-12-23 05:00:00,25153.54
2023-12-23 06:00:00,26333.29
2023-12-23 07:00:00,28688.5
2023-12-23 08:00:00,29090.26
2023-12-23 09:00:00,29016.54
2023-12-23 10:00:00,28695.84
2023-12-23 11:00:00,27250.46
2023-12-23 12:00:00,26018.23
2023-12-23 13:00:00,25685.88
2023-12-23 14:00:00,25977.81
2023-12-23 15:00:00,25372.32
2023-12-23 16:00:00,26898.92
2023-12-23 17:00:00,28749.02
2023-12-23 18:00:00,29342.98
2023-12-23 19:00:00,30841.25
2023-12-23 20:00:00,30743.24
2023-12-23 21:00:00,29342.98
2023-12-23 22:00:00,27804.32
2023-12-23 23:00:00,26525.02
2023-12-24 00:00:00,23525.92
2023-12-24 01:00:00,22972.71
2023-12-24 02:00:00,21996.51
2023-12-24 03:00:00,21461.97
2023-12-24 04:00:00,21810.87
2023-12-24 05:00:00,22531.34
2023-12-24 06:00:00,23190.23
2023-12-24 07:00:00,24936.48
2023-12-24 08:00:00,26222.2
2023-12-24 09:00:00,25189.8
2023-12-24 10:00:00,25428.86
2023-12-24 11:00:00,24602.74
2023-12-24 12:00:00,23025.9
2023-12-24 13:00:00,23302.52
2023-12-24 14:00:00,22418.42
2023-12-24 15:00:00,23232.66
2023-12-24 16:00:00,23834.55
2023-12-24 17:00:00,25013.31
2023-12-24 18:00:00,26079.03
2023-12-24 19:00:00,27270.38
2023-12-24 20:00:00,27283.3
2023-12-24 21:00:00,26153.44
2023-12-24 22:00:00,24445.01
2023-12-24 23:00:00,23795.95
2023-12-25 00:00:00,26316.51
2023-12-25 01:00:00,25783.96
2023-12-25 02:00:00,26101.13
2023-12-25 03:00:00,24596.42
2023-12-25 04:00:00,24521.83
2023-12-25 05:00:00,25907.77
2023-12-25 06:00:00,27894.61
2023-12-25 07:00:00,28888.02
2023-12-25 08:00:00,30001.46
2023-12-25 09:00:00,30803.16
2023-12-25 10:00:00,29857.34
2023-12-25 11:00:00,28642.61
2023-12-25 12:00:00,27745.89
2023-12-25 13:00:00,26759.05
2023-12-25 14:00:00,26777.04
2023-12-25 15:00:00,27766.84
2023-12-25 16:00:00,28130.91
2023-12-25 17:00:00,29355.37
2023-12-25 18:00:00,31452.78
2023-12-25 19:00:00,32889.13
2023-12-25 20:00:00,32672.6
2023-12-25 21:00:00,31963.62
2023-12-25 22:00:00,29495.98
2023-12-25 23:00:00,28836.48
2023-12-26 00:00:00,26344.5
2023-12-26 01:00:00,25401.51
2023-12-26 02:00:00,25830.69
2023-12-26 03:00:00,25252.11
2023-12-26 04:00:00,26585.06
2023-12-26 05:00:00,25677.29
2023-12-26 06:00:00,28462.96
2023-12-26 07:00:00,29517.8
2023-12-26 08:00:00,30235.51
2023-12-26 09:00:00,30799.08
2023-12-26 10:00:00,30360.09
2023-12-26 11:00:00,29493.24
2023-12-26 12:00:00,28744.06
2023-12-26 13:00:00,28121.37
2023-12-26 14:00:00,27331.75
2023-12-26 15:00:00,28680.16
2023-12-26 16:00:00,29578.01
2023-12-26 17:00:00,30750.82
2023-12-26 18:00:00,32436.87
2023-12-26 19:00:00,33250.24
2023-12-26 20:00:00,33556.94
2023-12-26 21:00:00,32391.05
2023-12-26 22:00:00,30843.4
2023-12-26 23:00:00,29910.46
2023-12-27 00:00:00,27364.14
2023-12-27 01:00:00,26845.31
2023-12-27 02:00:00,27049.1
2023-12-27 03:00:00,26242.75
2023-12-27 04:00:00,26444.74
2023-12-27 05:00:00,27705.58
2023-12-27 06:00:00,28963.63
2023-12-27 07:00:00,30699.47
2023-12-27 08:00:00,30917.99
2023-12-27 09:00:00,31969.46
2023-12-27 10:00:00,30581.98
2023-12-27 11:00:00,29636.8
2023-12-27 12:00:00,28580.66
2023-12-27 13:00:00,28135.4
2023-12-27 14:00:00,28321.5
2023-12-27 15:00:00,28923.23
2023-12-27 16:00:00,30445.1
2023-12-27 17:00:00,31789.82
2023-12-27 18:00:00,32536.25
2023-12-27 19:00:00,34175.17
2023-12-27 20:00:00,34257.78
2023-12-27 21:00:00,33087.53
2023-12-27 22:00:00,31690.39
2023-12-27 23:00:00,30269.2
2023-12-28 00:00:00,27821.98
2023-12-28 01:00:00,26719.8
2023-12-28 02:00:00,26794.23
2023-12-28 03:00:00,27120.12
2023-12-28 04:00:00,27253.75
2023-12-28 05:00:00,27928.44
2023-12-28 06:00:00,29303.39
2023-12-28 07:00:00,31304.24
2023-12-28 08:00:00,32477.25
2023-12-28 09:00:00,31875.7
2023-12-28 10:00:00,30791.95
2023-12-28 11:00:00,29833.04
2023-12-28 12:00:00,29950.59
2023-12-28 13:00:00,27726.58
2023-12-28 14:00:00,28083.09
2023-12-28 15:00:00,28293.81
2023-12-28 16:00:00,29913.72
2023-12-28 17:00:00,30913.44
2023-12-28 18:00:00,32753.32
2023-12-28 19:00:00,33023.13
2023-12-28 20:00:00,33894.76
2023-12-28 21:00:00,33137.86
2023-12-28 22:00:00,31063.02
2023-12-28 23:00:00,29622.17
2023-12-29 00:00:00,26948.25
2023-12-29 01:00:00,26772.75
2023-12-29 02:00:00,26295.32
2023-12-29 03:00:00,26283.74
2023-12-29 04:00:00,26609.21
2023-12-29 05:00:00,26765.75
2023-12-29 06:00:00,28430.94
2023-12-29 07:00:00,30471.37
2023-12-29 08:00:00,30749.39
2023-12-29 09:00:00,30685.68
2023-12-29 10:00:00,30681.86
2023-12-29 11:00:00,29592.84
2023-12-29 12:00:00,28128.65
2023-12-29 13:00:00,27614.37
2023-12-29 14:00:00,27552.11
2023-12-29 15:00:00,28087.54
2023-12-29 16:00:00,29750.63
2023-12-29 17:00:00,30596.93
2023-12-29 18:00:00,32414.67
2023-12-29 19:00:00,33147.99
2023-12-29 20:00:00,32973.77
2023-12-29 21:00:00,32866.68
2023-12-29 22:00:00,30917.14
2023-12-29 23:00:00,29688.59
2023-12-30 00:00:00,23242.61
2023-12-30 01:00:00,23298.47
2023-12-30 02:00:00,23519.55
2023-12-30 03:00:00,23952.42
2023-12-30 04:00:00,22549.78
2023-12-30 05:00:00,23991.42
2023-12-30 06:00:00,25568.64
2023-12-30 07:00:00,26684.3
2023-12-30 08:00:00,28210.68
2023-12-30 09:00:00,27776.23
2023-12-30 10:00:00,27506.42
2023-12-30 11:00:00,26281.03
2023-12-30 12:00:00,26029.59
2023-12-30 13:00:00,24920.73
2023-12-30 14:00:00,25086.03
2023-12-30 15:00:00,26093.79
2023-12-30 16:00:00,26434.24
2023-12-30 17:00:00,28187.04
2023-12-30 18:00:00,28888.32
2023-12-30 19:00:00,30031.56
2023-12-30 20:00:00,30604.05
2023-12-30 21:00:00,29352.98
2023-12-30 22:00:00,28259.42
2023-12-30 23:00:00,27358.85
2023-12-31 00:00:00,23019.97
2023-12-31 01:00:00,23341.4
2023-12-31 02:00:00,22872.42
2023-12-31 03:00:00,22779.13
2023-12-31 04:00:00,23263.23
2023-12-31 05:00:00,23723.5
2023-12-31 06:00:00,25435.27
2023-12-31 07:00:00,26603.26
2023-12-31 08:00:00,27055.2
2023-12-31 09:00:00,27852.77
2023-12-31 10:00:00,26912.17
2023-12-31 11:00:00,25761.21
2023-12-31 12:00:00,25192.45
2023-12-31 13:00:00,25064.32
2023-12-31 14:00:00,24874.44
2023-12-31 15:00:00,25857.87
2023-12-31 16:00:00,26547.32
2023-12-31 17:00:00,27608.86
2023-12-31 18:00:00,28317.19
2023-12-31 19:00:00,29416.59
2023-12-31 20:00:00,29533.31
2023-12-31 21:00:00,29006.05
2023-12-31 22:00:00,27790.25
2023-12-31 23:00:00,26415.87
